,VXc1,VXc1,VXc1,VXc2,VXc2,VXc2
,TRDPRC_1,SETTLE,OPINT_1,TRDPRC_1,SETTLE,OPINT_1
Date,,,,,,
2007-09-10,26.77,26.72,12120,24.51,24.67,11842
2007-09-11,24.95,25.01,12398,23.51,23.62,11991
2007-09-12,24.99,24.94,11685,23.88,23.88,12512
2007-09-13,24.85,24.85,11519,23.71,23.76,12499
2007-09-14,24.75,24.8,11587,23.76,23.78,12483
2007-09-17,25.34,25.37,11751,24.32,24.34,12861
2007-09-18,20.25,20.18,12088,21.4,21.39,13919
2007-09-19,20.62,20.57,15156,20.3,20.23,29270
2007-09-20,20.8,20.82,15755,20.69,20.75,29173
2007-09-21,19.9,19.87,16346,20.03,19.98,29253
2007-09-24,19.69,19.71,17140,19.96,19.91,29768
2007-09-25,19.9,19.88,16891,20.07,20.11,29169
2007-09-26,19.05,19.03,17361,19.6,19.56,29813
2007-09-27,18.76,18.72,17870,19.32,19.39,29978
2007-09-28,18.9,18.92,19092,19.77,19.79,31139
2007-10-01,18.45,18.43,19109,19.3,19.34,31343
2007-10-02,18.94,18.92,18985,19.7,19.69,31457
2007-10-03,19.1,19.1,18623,19.99,19.99,31247
2007-10-04,19.29,19.26,18672,20.14,20.15,31176
2007-10-05,17.9,17.93,18700,19.29,19.27,31958
2007-10-08,18.2,18.2,18356,19.44,19.51,31973
2007-10-09,17.0,17.06,18915,18.63,18.64,32401
2007-10-10,17.3,17.31,18409,18.6,18.62,32116
2007-10-11,18.5,18.53,18784,19.69,19.8,32870
2007-10-12,17.91,17.95,18961,19.43,19.45,33283
2007-10-15,19.13,19.17,20032,20.42,20.41,33578
2007-10-16,20.0,20.03,19289,21.3,21.33,34030
2007-10-17,21.09,21.07,34652,20.9,20.95,12191
2007-10-18,21.08,21.09,34982,20.9,20.92,13535
2007-10-19,22.55,22.54,36785,22.25,22.3,13637
2007-10-22,22.27,22.27,36322,21.79,21.74,14084
2007-10-23,21.52,21.56,37144,21.24,21.23,14200
2007-10-24,21.98,22.01,37756,21.6,21.57,13076
2007-10-25,21.7,21.71,38455,21.68,21.68,12954
2007-10-26,20.69,20.73,38692,21.02,21.04,12833
2007-10-29,20.23,20.27,38130,20.95,20.91,12846
2007-10-30,20.95,20.96,38230,21.68,21.64,13036
2007-10-31,19.06,19.06,39519,20.27,20.3,13453
2007-11-01,22.31,22.33,37860,22.53,22.46,13146
2007-11-02,23.01,22.98,38308,23.0,23.07,12939
2007-11-05,23.97,23.94,37932,23.99,23.91,13334
2007-11-06,22.44,22.45,38360,22.95,22.92,14098
2007-11-07,25.17,25.22,37160,25.19,25.23,14552
2007-11-08,25.21,25.24,37068,25.01,25.05,15267
2007-11-09,27.0,26.96,36952,26.2,26.36,15934
2007-11-12,27.67,27.64,36420,26.65,26.64,17171
2007-11-13,24.6,24.65,34336,24.85,24.82,15943
2007-11-14,25.16,25.3,33370,25.1,25.15,16489
2007-11-15,27.29,27.42,32353,26.7,26.7,18196
2007-11-16,26.0,26.04,32405,26.4,26.45,17953
2007-11-19,25.6,25.61,32301,27.0,26.92,16986
2007-11-20,25.0,25.08,33002,26.11,26.18,18354
2007-11-21,26.86,26.81,18836,26.83,26.74,11831
2007-11-23,25.77,25.86,18548,26.0,25.98,11740
2007-11-26,27.32,27.32,18757,26.96,26.97,11858
2007-11-27,26.6,26.65,18586,26.51,26.53,11873
2007-11-28,24.6,24.56,19638,24.62,24.66,11957
2007-11-29,24.81,24.86,19554,24.7,24.77,11862
2007-11-30,24.21,24.19,19867,24.35,24.37,12325
2007-12-03,24.24,24.29,19275,24.55,24.56,12065
2007-12-04,24.4,24.48,19252,24.8,24.83,12220
2007-12-05,23.0,23.06,19502,23.92,23.95,12220
2007-12-06,21.61,21.67,19773,22.92,22.94,12498
2007-12-07,22.0,21.97,19656,23.3,23.27,12393
2007-12-10,21.3,21.28,19298,22.92,22.92,12400
2007-12-11,22.96,22.92,19298,24.02,23.91,12400
2007-12-12,22.3,22.19,19298,23.8,23.76,12400
2007-12-13,22.03,22.04,19298,23.99,23.95,12400
2007-12-14,22.67,22.64,19298,24.65,24.66,12400
2007-12-17,23.7,23.75,19298,25.4,25.45,12400
2007-12-18,22.5,22.55,19298,24.6,24.57,12400
2007-12-19,24.36,24.42,12400,24.36,24.38,9737
2007-12-20,24.1,24.17,12400,24.01,24.1,9737
2007-12-21,23.06,23.1,12400,23.31,23.29,9737
2007-12-24,22.16,22.18,12400,22.99,22.95,9737
2007-12-26,21.96,22.02,12400,22.79,22.79,9737
2007-12-27,22.7,22.72,12400,23.52,23.52,9737
2007-12-28,22.86,22.81,12400,23.69,23.72,9737
2007-12-31,23.1,23.12,14290,24.18,24.19,13026
2008-01-02,23.83,23.86,14964,24.42,24.49,13125
2008-01-03,23.3,23.42,14592,24.6,24.52,13244
2008-01-04,24.65,24.68,15078,25.37,25.3,13429
2008-01-07,24.07,24.12,14734,24.79,24.81,13479
2008-01-08,25.53,25.54,15322,26.1,25.9,13702
2008-01-09,24.95,24.89,13855,25.65,25.78,14806
2008-01-10,24.07,24.07,13772,24.77,24.95,14050
2008-01-11,25.0,24.96,12826,26.1,26.15,15934
2008-01-14,23.44,23.36,12570,25.13,25.1,16389
2008-01-15,23.95,24.04,12570,25.32,25.24,16557
2008-01-16,25.0,24.99,17371,25.0,25.03,7530
2008-01-17,26.97,26.97,18146,26.7,26.62,8426
2008-01-18,27.12,27.24,19002,26.7,26.71,8661
2008-01-22,27.65,27.73,19697,26.4,26.38,8983
2008-01-23,26.35,26.4,17767,25.5,25.3,8518
2008-01-24,26.45,26.43,17271,25.35,25.34,9645
2008-01-25,26.63,26.75,17191,25.81,25.8,9925
2008-01-28,26.16,26.16,16647,25.15,25.37,9861
2008-01-29,26.25,26.25,16799,25.25,25.25,9892
2008-01-30,26.18,26.14,17000,25.55,25.56,10027
2008-01-31,25.72,25.64,17842,25.43,25.31,10165
2008-02-01,24.9,24.95,17124,24.66,24.66,10628
2008-02-04,25.85,25.81,16827,25.5,25.56,11425
2008-02-05,27.6,27.39,16877,27.05,26.92,10025
2008-02-06,28.32,28.19,16837,27.5,27.6,10240
2008-02-07,27.63,27.62,17912,27.2,27.25,10448
2008-02-08,28.42,28.39,17110,27.7,27.63,10448
2008-02-11,27.9,27.88,16875,26.9,26.97,10542
2008-02-12,27.0,27.06,17145,26.73,26.72,11012
2008-02-13,25.94,26.0,16469,25.75,25.81,11428
2008-02-14,26.2,26.28,16274,26.2,26.18,11734
2008-02-15,26.05,26.07,16469,25.83,25.93,12952
2008-02-19,25.57,25.61,13194,25.78,25.7,7061
2008-02-20,25.5,25.45,13571,25.57,25.41,7100
2008-02-21,25.44,25.42,14684,25.42,25.45,6989
2008-02-22,24.84,24.87,14240,24.8,24.83,7387
2008-02-25,24.18,24.17,15453,24.33,24.34,7524
2008-02-26,23.7,23.71,16118,24.2,24.18,8016
2008-02-27,23.85,23.88,16778,24.42,24.45,8242
2008-02-28,24.62,24.58,16533,24.8,25.1,8011
2008-02-29,26.05,26.1,16843,26.27,26.36,8643
2008-03-03,26.16,26.16,15693,26.3,26.25,8605
2008-03-04,25.71,25.72,16023,25.79,25.79,8747
2008-03-05,24.81,24.83,15885,25.39,25.38,11664
2008-03-06,26.79,26.76,15445,26.9,26.99,11627
2008-03-07,26.95,26.91,15186,26.94,26.87,12561
2008-03-10,27.72,27.75,14056,27.7,27.6,10875
2008-03-11,26.17,26.11,12815,26.05,26.09,12181
2008-03-12,26.65,26.68,12019,26.9,26.92,12215
2008-03-13,26.71,26.75,11613,26.99,27.02,12663
2008-03-14,29.1,29.03,9166,28.45,28.52,12784
2008-03-17,30.61,30.57,9166,28.5,28.54,12784
2008-03-18,25.9,25.95,9166,26.2,26.2,14204
2008-03-19,27.4,27.41,13610,26.41,26.53,11844
2008-03-20,27.02,27.0,13911,26.16,26.08,11767
2008-03-24,26.34,26.35,14759,25.71,25.71,11750
2008-03-25,26.34,26.32,14469,25.8,25.87,12733
2008-03-26,26.9,26.95,13331,26.33,26.32,12771
2008-03-27,26.61,26.64,14117,26.5,26.46,12941
2008-03-28,26.45,26.6,12889,26.53,26.59,12939
2008-03-31,25.92,26.01,12706,26.25,26.3,12954
2008-04-01,24.0,24.0,14230,24.8,24.85,13442
2008-04-02,24.64,24.64,14133,24.96,25.03,14151
2008-04-03,24.25,24.27,15298,25.0,24.94,14863
2008-04-04,24.0,23.96,16198,25.0,24.95,14580
2008-04-07,23.01,23.01,15481,24.23,24.26,15314
2008-04-08,23.02,23.02,14379,24.13,24.07,15275
2008-04-09,23.53,23.63,13996,24.62,24.66,17001
2008-04-10,22.9,22.85,13089,24.3,24.33,17279
2008-04-11,23.94,23.91,13089,24.91,24.98,17279
2008-04-14,23.9,23.84,12425,24.9,24.88,17848
2008-04-15,22.86,22.87,12425,24.46,24.41,20550
2008-04-16,22.95,22.96,21193,23.25,23.23,10381
2008-04-17,23.02,23.03,21769,23.5,23.55,10101
2008-04-18,22.17,22.2,22427,22.75,22.84,10276
2008-04-21,21.86,21.92,22694,22.4,22.43,10300
2008-04-22,22.13,22.1,22645,22.65,22.62,10262
2008-04-23,21.85,21.86,23461,22.41,22.41,10348
2008-04-24,21.23,21.23,23845,22.1,22.05,10696
2008-04-25,20.73,20.69,24270,21.51,21.52,11099
2008-04-28,20.53,20.54,24925,21.38,21.33,11117
2008-04-29,20.8,20.81,24609,21.57,21.59,11751
2008-04-30,21.22,21.24,25975,22.1,22.14,12188
2008-05-01,19.98,19.86,26427,20.9,20.95,11837
2008-05-02,19.65,19.66,26607,20.6,20.63,12276
2008-05-05,19.7,19.69,26586,20.97,20.99,12000
2008-05-06,18.76,18.82,27166,20.2,20.26,11728
2008-05-07,19.65,19.7,27901,21.15,21.21,12250
2008-05-08,19.65,19.67,27448,21.22,21.25,12765
2008-05-09,19.8,19.84,28094,21.42,21.45,12778
2008-05-12,18.93,18.94,28662,20.78,20.82,13519
2008-05-13,18.7,18.7,28394,20.8,20.78,13520
2008-05-14,18.32,18.3,27200,20.33,20.32,14180
2008-05-15,17.42,17.43,26860,19.88,19.88,15278
2008-05-16,17.16,17.15,25651,20.16,20.14,18442
2008-05-19,16.64,16.64,22224,19.76,19.76,21043
2008-05-20,17.43,17.37,21349,20.83,20.82,24705
2008-05-21,22.15,22.14,23712,23.58,23.58,8276
2008-05-22,21.71,21.72,24948,23.59,23.56,8682
2008-05-23,22.25,22.23,24630,24.02,24.04,8586
2008-05-27,21.55,21.49,24070,23.71,23.7,8583
2008-05-28,21.34,21.33,23190,23.27,23.25,8657
2008-05-29,19.95,19.97,23333,22.08,22.07,8813
2008-05-30,19.4,19.38,24396,21.74,21.77,9095
2008-06-02,20.62,20.64,23842,22.76,22.8,9094
2008-06-03,21.08,21.07,24502,23.15,23.18,9164
2008-06-04,21.34,21.3,24438,23.06,23.09,9808
2008-06-05,19.86,19.91,23828,22.05,22.13,10652
2008-06-06,23.1,22.98,22741,23.9,23.94,12143
2008-06-09,22.7,22.7,22609,23.41,23.43,12460
2008-06-10,22.7,22.72,20413,23.5,23.47,12205
2008-06-11,23.79,23.75,19820,24.0,24.05,12351
2008-06-12,22.8,22.85,19124,23.95,23.88,12951
2008-06-13,21.65,21.62,19124,23.03,23.0,12951
2008-06-16,20.91,20.86,16514,22.51,22.74,14466
2008-06-17,21.0,21.05,16514,22.69,22.68,15850
2008-06-18,23.34,23.35,15487,23.35,23.37,8935
2008-06-19,22.99,22.93,15550,23.2,23.17,8963
2008-06-20,23.43,23.51,15999,23.49,23.43,9434
2008-06-23,23.51,23.51,15577,23.5,23.49,9021
2008-06-24,23.58,23.63,15733,23.7,23.7,9009
2008-06-25,22.65,22.61,16505,22.73,22.75,9240
2008-06-26,24.71,24.72,16395,24.29,24.25,9252
2008-06-27,24.53,24.55,15725,24.2,24.18,9289
2008-06-30,24.17,24.19,16420,23.92,23.93,9758
2008-07-01,24.2,24.19,15777,23.8,23.8,10029
2008-07-02,25.57,25.53,16559,24.97,24.95,10321
2008-07-03,25.37,25.39,14634,24.63,24.69,10189
2008-07-07,25.8,25.85,14811,24.75,24.78,10313
2008-07-08,23.97,23.96,14248,23.5,23.54,10477
2008-07-09,25.45,25.47,14248,24.68,24.69,10477
2008-07-10,25.6,25.61,14427,24.9,24.86,10348
2008-07-11,27.23,27.15,14427,25.27,25.25,10348
2008-07-14,28.1,28.03,15632,25.87,25.89,11132
2008-07-15,28.3,28.43,15694,26.2,26.12,12316
2008-07-16,24.61,24.72,12375,24.51,24.48,7379
2008-07-17,24.23,24.25,12856,23.97,23.99,7458
2008-07-18,24.07,24.05,12849,23.79,23.8,7678
2008-07-21,23.39,23.4,13034,23.45,23.44,7402
2008-07-22,22.44,22.47,12927,22.75,22.74,7900
2008-07-23,22.45,22.43,13299,22.8,22.78,8030
2008-07-24,23.6,23.55,13677,23.75,23.72,7888
2008-07-25,23.42,23.45,13588,23.6,23.63,7942
2008-07-28,24.22,24.25,13696,24.3,24.24,7935
2008-07-29,22.66,22.68,14123,23.0,22.99,8461
2008-07-30,21.55,21.57,14858,22.1,22.1,8059
2008-07-31,22.8,22.77,15131,23.0,22.94,7970
2008-08-01,22.96,22.95,15329,23.05,23.04,8050
2008-08-04,22.76,22.78,15802,22.95,23.01,8664
2008-08-05,21.4,21.44,15886,22.14,22.12,9327
2008-08-06,20.72,20.7,16074,21.58,21.58,10128
2008-08-07,21.5,21.51,16000,22.54,22.52,9738
2008-08-08,20.99,20.91,15804,21.89,21.87,10922
2008-08-11,20.3,20.29,14443,21.7,21.68,9178
2008-08-12,21.22,21.28,14081,22.5,22.46,9421
2008-08-13,21.56,21.5,13718,22.95,22.93,10396
2008-08-14,20.8,20.8,13498,22.16,22.15,11229
2008-08-15,20.16,20.18,11675,21.9,21.92,11281
2008-08-18,20.65,20.66,11675,22.28,22.21,11564
2008-08-19,21.0,21.0,11675,22.95,22.93,12775
2008-08-20,22.46,22.45,13387,23.18,23.16,5575
2008-08-21,22.05,22.19,14066,23.25,23.25,6087
2008-08-22,21.6,21.59,14624,22.9,22.92,6031
2008-08-25,22.7,22.64,14906,23.41,23.45,5920
2008-08-26,22.42,22.4,14968,23.23,23.24,5909
2008-08-27,21.81,21.8,15204,22.92,22.94,5940
2008-08-28,21.1,21.12,16154,22.68,22.68,6106
2008-08-29,21.69,21.7,16748,23.0,22.99,5221
2008-09-02,22.05,22.08,16251,23.18,23.19,5249
2008-09-03,21.64,21.64,16222,23.15,23.1,5534
2008-09-04,23.73,23.78,16895,24.34,24.31,5574
2008-09-05,23.07,23.08,16899,23.96,23.98,5690
2008-09-08,22.0,21.99,14493,23.43,23.39,5908
2008-09-09,24.29,24.22,14104,24.74,24.71,6143
2008-09-10,23.55,23.59,14744,24.32,24.31,6867
2008-09-11,23.84,23.83,14963,24.5,24.49,6867
2008-09-12,24.7,24.68,15305,24.6,24.57,7392
2008-09-15,28.76,28.84,15095,25.74,25.73,9999
2008-09-16,29.57,29.68,15095,25.23,25.17,9686
2008-09-17,26.6,26.61,10210,25.91,25.93,15658
2008-09-18,25.35,25.31,10210,24.9,25.01,16211
2008-09-19,24.78,24.74,9443,24.35,24.38,15163
2008-09-22,26.72,26.56,10542,25.4,25.41,15103
2008-09-23,29.0,29.02,12097,26.82,26.85,15188
2008-09-24,28.83,28.65,12569,26.69,26.68,15357
2008-09-25,27.83,27.74,12846,26.03,25.99,15280
2008-09-26,28.61,28.64,12909,26.23,26.25,15433
2008-09-29,32.46,32.69,13338,29.93,29.84,22144
2008-09-30,30.8,30.66,13494,28.21,28.22,13055
2008-10-01,31.94,31.87,14567,28.85,28.85,13231
2008-10-02,34.05,34.1,14895,30.66,30.64,13210
2008-10-03,35.79,35.67,15100,31.27,31.2,13140
2008-10-06,37.4,37.37,16000,32.0,31.94,13338
2008-10-07,41.75,41.83,16835,34.38,34.32,13293
2008-10-08,45.39,45.56,17860,35.38,35.39,13359
2008-10-09,52.5,52.3,18709,37.8,37.68,14705
2008-10-10,57.5,56.71,18862,39.0,38.31,15347
2008-10-13,50.78,50.64,18284,36.01,36.07,15527
2008-10-14,49.09,49.05,18008,37.95,37.94,15253
2008-10-15,58.36,58.18,17441,43.01,42.7,15276
2008-10-16,64.0,63.88,18059,42.9,42.78,15958
2008-10-17,63.77,63.25,17341,46.85,47.04,16517
2008-10-20,52.35,52.31,17341,45.44,45.05,17734
2008-10-21,52.99,52.8,17341,44.0,43.8,18989
2008-10-22,48.2,48.33,19701,39.7,39.71,14353
2008-10-23,50.01,50.02,20183,40.06,40.14,14467
2008-10-24,55.91,55.82,20230,43.45,43.56,14176
2008-10-27,59.3,59.29,20860,45.0,44.88,14542
2008-10-28,53.64,53.7,20575,42.65,42.77,15012
2008-10-29,56.14,56.41,19874,44.39,44.16,15290
2008-10-30,55.33,55.37,18782,44.25,44.2,15483
2008-10-31,54.49,54.57,18152,45.56,44.93,15483
2008-11-03,51.92,51.96,18580,44.7,44.71,15817
2008-11-04,46.54,46.43,18395,42.0,41.86,16300
2008-11-05,50.3,50.2,18093,43.8,43.85,15872
2008-11-06,57.6,57.58,18788,47.8,47.8,17415
2008-11-07,54.74,54.65,18420,47.5,47.48,17657
2008-11-10,56.17,56.19,18129,48.12,48.2,16961
2008-11-11,58.3,58.38,18055,49.27,49.38,17081
2008-11-12,63.45,63.71,18230,52.2,52.92,17309
2008-11-13,56.75,56.87,18855,50.0,50.03,17612
2008-11-14,63.0,62.9,17768,53.6,53.51,17939
2008-11-17,67.9,67.95,18251,56.22,56.25,19083
2008-11-18,67.1,67.04,18762,57.32,57.29,20633
2008-11-19,63.11,62.9,21025,57.05,56.87,3646
2008-11-20,66.4,66.23,21148,59.52,59.77,3782
2008-11-21,62.58,62.78,21159,57.26,56.9,4002
2008-11-24,58.35,58.64,20870,53.91,54.15,4049
2008-11-25,57.25,57.18,19490,52.4,52.61,3707
2008-11-26,52.92,53.18,19717,50.61,50.85,3594
2008-11-28,53.39,53.21,19416,50.6,50.6,3458
2008-12-01,60.52,60.45,18652,56.24,56.29,3190
2008-12-02,57.9,57.93,18662,55.3,55.3,2970
2008-12-03,57.71,57.73,18317,55.19,55.21,2955
2008-12-04,60.65,60.49,18428,57.81,57.62,3076
2008-12-05,58.35,58.32,18353,56.75,56.75,3440
2008-12-08,55.27,55.26,18075,54.61,54.67,3734
2008-12-09,56.55,56.4,17510,55.41,55.38,3632
2008-12-10,55.21,55.26,17082,54.51,54.44,3715
2008-12-11,55.2,55.06,17032,55.15,55.32,3940
2008-12-12,54.5,54.58,16558,54.36,54.46,3888
2008-12-15,55.8,55.7,16125,54.9,54.84,4212
2008-12-16,52.78,52.44,16125,52.3,52.25,4483
2008-12-17,52.2,52.07,5201,50.01,49.94,3523
2008-12-18,50.28,50.31,5636,48.9,48.93,3070
2008-12-19,47.52,47.35,5736,46.49,46.53,3132
2008-12-22,45.45,45.51,5702,45.6,45.63,3122
2008-12-23,46.15,46.15,5769,46.4,46.54,3109
2008-12-24,45.55,45.73,5565,45.9,45.96,2973
2008-12-26,45.06,45.15,5542,45.87,45.65,2960
2008-12-29,46.5,46.34,5555,46.8,46.76,2930
2008-12-30,44.11,44.18,5563,45.23,45.08,2925
2008-12-31,41.97,41.94,5620,42.88,42.93,3009
2009-01-02,38.74,38.7,5624,39.9,39.91,3203
2009-01-05,39.83,39.96,5807,40.29,40.16,3376
2009-01-06,39.3,39.53,5801,39.45,39.55,3424
2009-01-07,43.5,43.52,5577,42.39,42.5,3317
2009-01-08,43.0,42.97,5561,42.8,42.72,3548
2009-01-09,44.57,44.55,5490,44.19,44.15,3252
2009-01-12,48.14,48.04,5360,47.7,47.74,3527
2009-01-13,46.66,46.67,5565,46.82,46.81,3792
2009-01-14,51.87,51.79,5096,50.72,50.56,3696
2009-01-15,53.35,53.26,5611,49.85,49.93,4128
2009-01-16,49.8,49.65,5967,48.65,48.53,4535
2009-01-20,57.95,57.9,5967,54.68,54.66,4427
2009-01-21,51.24,51.13,5715,47.35,47.36,1357
2009-01-22,50.65,50.54,5761,47.4,47.37,1470
2009-01-23,50.2,50.16,5748,47.3,47.2,1253
2009-01-26,47.57,47.55,5854,45.57,45.63,1197
2009-01-27,45.09,45.16,5996,43.5,43.51,1201
2009-01-28,42.35,42.31,6107,40.74,40.75,1347
2009-01-29,43.33,43.38,5897,40.87,40.88,1556
2009-01-30,44.96,44.99,5992,42.21,42.18,1591
2009-02-02,45.4,45.35,5701,42.35,42.3,1905
2009-02-03,43.05,43.15,5494,41.0,40.95,1905
2009-02-04,43.75,43.75,5575,41.1,41.1,2052
2009-02-05,43.2,43.25,5420,40.45,40.5,1979
2009-02-06,42.6,42.6,5127,40.15,40.1,2201
2009-02-09,42.5,42.5,4948,40.45,40.5,2601
2009-02-10,45.65,45.6,4852,42.9,42.9,2738
2009-02-11,44.6,44.6,4228,42.2,42.2,2842
2009-02-12,42.55,42.55,4474,41.6,41.6,3404
2009-02-13,43.65,43.6,3768,42.4,42.35,3411
2009-02-17,48.05,48.0,3768,44.05,44.05,3988
2009-02-18,44.9,44.85,4116,42.65,42.65,897
2009-02-19,44.35,44.55,4210,43.2,43.2,917
2009-02-20,46.65,46.7,4462,44.75,44.75,1124
2009-02-23,48.95,49.05,4479,46.9,46.9,1268
2009-02-24,44.45,44.5,4240,43.9,43.9,1394
2009-02-25,43.4,43.45,3975,43.35,43.25,1006
2009-02-26,43.9,44.0,3854,43.65,43.75,847
2009-02-27,44.3,44.45,3836,43.95,43.9,866
2009-03-02,47.8,47.85,3960,46.05,46.05,858
2009-03-03,48.5,48.45,3976,46.3,46.35,921
2009-03-04,44.75,44.75,3957,42.85,42.9,1029
2009-03-05,47.35,47.35,4187,44.5,44.45,1144
2009-03-06,46.75,46.65,4091,44.2,44.15,1085
2009-03-09,47.05,47.05,3995,45.0,44.9,1203
2009-03-10,43.1,43.15,3996,41.6,41.6,1319
2009-03-11,42.6,42.65,3732,41.6,41.6,1460
2009-03-12,41.1,41.1,3671,41.15,41.1,1522
2009-03-13,42.1,42.1,3448,41.65,41.6,1795
2009-03-16,43.05,43.0,3151,43.05,43.1,2912
2009-03-17,40.05,40.05,3151,41.35,41.3,3234
2009-03-18,41.0,40.95,3326,39.15,39.15,1527
2009-03-19,43.75,43.7,3294,41.4,41.55,1607
2009-03-20,47.05,47.05,3076,44.45,44.45,1716
2009-03-23,43.4,43.35,3112,41.8,41.75,1702
2009-03-24,43.95,44.0,2922,42.15,42.25,1728
2009-03-25,42.8,42.75,2991,41.4,41.45,1694
2009-03-26,41.55,41.45,2919,40.45,40.45,1675
2009-03-27,42.85,42.95,2900,41.6,41.6,1670
2009-03-30,46.35,46.35,3028,44.1,44.05,1739
2009-03-31,45.05,45.05,3186,43.85,43.95,2128
2009-04-01,43.7,43.65,3120,43.2,43.25,2072
2009-04-02,43.0,42.95,2752,42.5,42.5,2236
2009-04-03,41.7,41.7,2725,41.8,41.8,2687
2009-04-06,41.95,41.95,3082,42.1,42.15,3118
2009-04-07,41.55,41.65,3161,42.45,42.45,3232
2009-04-08,40.6,40.6,3089,41.5,41.55,3886
2009-04-09,38.3,38.3,3173,39.8,39.9,4096
2009-04-13,37.0,37.05,3973,39.6,39.7,4860
2009-04-14,38.0,37.85,3973,39.55,39.6,5225
2009-04-15,38.8,38.8,5495,38.8,38.8,2031
2009-04-16,37.3,37.35,5414,37.44,37.5,1855
2009-04-17,36.65,36.6,5373,36.7,36.65,1609
2009-04-20,39.5,39.5,5255,39.0,38.95,1875
2009-04-21,37.8,37.9,4796,37.63,37.65,1623
2009-04-22,38.4,38.45,4165,38.05,38.05,1663
2009-04-23,37.75,37.8,4157,37.4,37.4,1657
2009-04-24,37.65,37.8,4306,37.65,37.65,1710
2009-04-27,38.7,38.75,4374,38.5,38.45,1738
2009-04-28,38.2,38.2,4453,38.1,38.15,1934
2009-04-29,36.35,36.45,4517,36.7,36.7,2040
2009-04-30,37.0,36.95,4614,36.9,37.0,2069
2009-05-01,36.45,36.35,4446,36.55,36.55,2168
2009-05-04,34.8,34.8,4511,34.7,34.75,2138
2009-05-05,34.6,34.6,4892,34.75,34.8,2247
2009-05-06,33.05,33.05,4685,33.8,33.8,2744
2009-05-07,33.65,33.7,4484,34.1,34.15,3151
2009-05-08,32.15,32.2,4134,32.85,32.8,3709
2009-05-11,32.45,32.45,4336,33.0,33.0,3753
2009-05-12,32.0,31.95,3808,32.75,32.85,3961
2009-05-13,33.4,33.4,3956,33.75,33.85,4306
2009-05-14,31.55,31.6,4056,32.55,32.5,5073
2009-05-15,33.2,33.15,3833,33.2,33.2,5471
2009-05-18,29.9,29.85,3833,30.75,30.85,5641
2009-05-19,28.45,28.5,3833,30.4,30.4,5840
2009-05-20,30.5,30.5,6504,31.45,31.4,3988
2009-05-21,32.1,32.2,8011,32.75,32.85,4370
2009-05-22,32.75,32.75,7688,33.1,33.05,4173
2009-05-26,31.1,31.15,7444,31.9,32.0,4443
2009-05-27,32.1,32.1,7530,32.9,32.9,5077
2009-05-28,31.6,31.55,7494,32.4,32.4,4515
2009-05-29,30.4,30.35,7358,31.6,31.5,4593
2009-06-01,29.65,29.6,7482,30.75,30.75,4631
2009-06-02,29.65,29.6,7712,31.05,31.0,4735
2009-06-03,31.2,31.15,7744,32.65,32.65,5647
2009-06-04,30.8,30.8,7263,32.15,32.25,5688
2009-06-05,30.5,30.55,7156,32.2,32.2,5901
2009-06-08,30.3,30.25,7050,32.0,32.0,5404
2009-06-09,29.05,29.1,7013,30.9,30.95,5578
2009-06-10,29.2,29.1,6515,31.2,31.2,6097
2009-06-11,28.1,28.1,7142,30.55,30.6,7155
2009-06-12,28.3,28.35,6256,29.95,29.95,6661
2009-06-15,30.15,30.2,5552,31.35,31.35,6786
2009-06-16,31.9,31.85,5552,32.4,32.4,7106
2009-06-17,32.65,32.65,7443,32.0,32.1,3723
2009-06-18,32.35,32.4,8007,31.85,31.85,4087
2009-06-19,31.5,31.35,8405,31.55,31.55,4407
2009-06-22,32.75,32.75,9000,32.55,32.55,4694
2009-06-23,32.0,32.05,8598,32.15,32.15,4736
2009-06-24,30.6,30.6,8653,31.3,31.35,4797
2009-06-25,29.15,29.1,9360,30.25,30.25,5150
2009-06-26,28.5,28.55,9671,29.85,29.85,5669
2009-06-29,27.45,27.45,9792,28.95,28.95,5898
2009-06-30,28.1,28.05,10417,29.25,29.25,6345
2009-07-01,27.65,27.65,10225,29.25,29.2,6416
2009-07-02,29.35,29.3,10442,30.6,30.65,6682
2009-07-06,28.95,29.0,10746,30.35,30.4,7488
2009-07-07,30.25,30.25,10083,31.4,31.45,7964
2009-07-08,30.75,30.8,9363,31.8,31.8,8323
2009-07-09,29.7,29.75,9363,31.7,31.75,8323
2009-07-10,29.85,29.8,8948,31.8,31.95,8514
2009-07-13,27.55,27.55,8368,30.8,30.8,9411
2009-07-14,26.95,27.0,9414,30.2,30.25,10399
2009-07-15,26.4,26.45,8002,29.25,29.25,12229
2009-07-16,25.85,25.9,8027,28.95,28.95,14188
2009-07-17,25.6,25.6,7884,29.0,29.0,15258
2009-07-20,24.55,24.55,7884,28.4,28.4,15258
2009-07-21,24.0,24.05,7884,27.85,27.85,17716
2009-07-22,27.2,27.2,18482,29.15,29.2,6848
2009-07-23,26.25,26.25,18515,28.45,28.45,7341
2009-07-24,25.95,26.0,18179,28.55,28.55,7776
2009-07-27,26.35,26.35,18318,28.95,28.95,8696
2009-07-28,27.35,27.3,17924,29.85,29.85,9356
2009-07-29,27.65,27.65,17181,30.0,30.05,10055
2009-07-30,27.05,27.05,18032,29.25,29.3,10982
2009-07-31,27.25,27.25,16499,29.7,29.7,11047
2009-08-03,26.4,26.45,16782,29.1,29.1,11715
2009-08-04,26.3,26.3,16187,28.8,28.85,12152
2009-08-05,26.05,26.05,15984,28.8,28.85,12852
2009-08-06,26.55,26.6,15133,28.95,28.95,13315
2009-08-07,25.65,25.65,14459,28.05,28.05,14090
2009-08-10,25.55,25.6,13379,28.05,28.1,15634
2009-08-11,26.2,26.2,12886,28.55,28.6,17430
2009-08-12,25.55,25.55,11936,28.3,28.35,17430
2009-08-13,25.0,25.05,11636,27.75,27.8,21205
2009-08-14,25.25,25.2,10245,28.25,28.3,22739
2009-08-17,27.55,27.6,9233,29.9,29.9,22132
2009-08-18,26.3,26.35,9233,29.2,29.25,22768
2009-08-19,28.3,28.35,22614,30.51,30.55,6353
2009-08-20,27.8,27.8,22131,30.05,30.1,7189
2009-08-21,27.35,27.35,21068,29.95,30.0,7309
2009-08-24,27.4,27.4,20953,29.85,29.9,7369
2009-08-25,27.7,27.75,21238,30.05,30.05,8659
2009-08-26,28.3,28.3,21224,30.4,30.4,9206
2009-08-27,27.75,27.8,21771,30.25,30.25,10052
2009-08-28,28.05,28.1,21634,30.5,30.5,10556
2009-08-31,28.5,28.5,20674,30.9,30.95,11097
2009-09-01,30.0,30.05,19853,32.2,32.25,12116
2009-09-02,30.45,30.5,19213,32.6,32.65,14147
2009-09-03,28.9,28.95,19767,31.2,31.25,15335
2009-09-04,27.6,27.6,17695,30.4,30.45,16584
2009-09-08,26.7,26.7,17504,29.4,29.45,18619
2009-09-09,25.9,25.95,17023,28.55,28.6,20761
2009-09-10,24.45,24.45,16134,27.3,27.35,22246
2009-09-11,24.75,24.75,15490,27.7,27.7,27121
2009-09-14,23.85,23.85,11223,27.05,27.05,26545
2009-09-15,23.45,23.5,11223,27.1,27.15,27961
2009-09-16,26.05,25.95,29098,27.6,27.65,8510
2009-09-17,26.1,26.1,29055,27.7,27.75,9904
2009-09-18,26.75,26.75,29023,28.3,28.35,10233
2009-09-21,26.7,26.7,28188,28.35,28.4,10871
2009-09-22,26.05,26.1,26400,28.0,28.05,11289
2009-09-23,26.35,26.35,26115,28.15,28.15,11659
2009-09-24,26.95,26.9,24803,28.5,28.5,12543
2009-09-25,27.05,27.0,24519,28.5,28.55,11573
2009-09-28,25.85,25.85,23575,27.9,27.95,12052
2009-09-29,25.9,25.9,20825,27.8,27.85,12586
2009-09-30,26.3,26.3,21060,27.95,27.95,13668
2009-10-01,27.85,27.8,21103,28.7,28.75,14983
2009-10-02,27.85,27.85,19685,28.8,28.8,15517
2009-10-05,26.8,26.8,19223,27.9,27.95,17836
2009-10-06,25.95,26.0,19117,27.4,27.45,17617
2009-10-07,25.4,25.4,18743,27.3,27.35,18712
2009-10-08,25.05,25.05,18391,27.05,27.05,21745
2009-10-09,24.55,24.55,16714,26.5,26.5,23415
2009-10-12,24.05,24.05,16636,25.65,25.75,24798
2009-10-13,23.55,23.55,18600,25.55,25.6,26793
2009-10-14,23.25,23.25,16315,25.35,25.4,27915
2009-10-15,22.35,22.35,11860,24.85,24.9,28662
2009-10-16,22.35,22.35,11393,25.25,25.3,29778
2009-10-19,21.4,21.4,10736,24.55,24.65,30314
2009-10-20,21.1,21.1,10736,24.5,24.55,31511
2009-10-21,24.55,24.55,31076,25.6,25.65,11399
2009-10-22,23.6,23.65,28917,25.05,25.1,11519
2009-10-23,24.05,24.05,28372,25.4,25.45,12574
2009-10-26,24.5,24.55,27806,25.95,25.95,13545
2009-10-27,24.65,24.65,27188,25.8,25.85,14477
2009-10-28,26.65,26.65,27677,26.9,26.9,15560
2009-10-29,25.05,25.05,26664,25.75,25.8,17116
2009-10-30,27.85,27.85,26664,27.65,27.7,17116
2009-11-02,28.0,28.0,25878,28.0,28.1,21975
2009-11-03,28.1,28.1,23554,28.25,28.3,21978
2009-11-04,27.55,27.6,22916,28.05,28.05,22647
2009-11-05,25.9,25.9,22081,27.2,27.25,23231
2009-11-06,25.05,25.1,21480,26.35,26.4,24510
2009-11-09,23.5,23.5,21404,24.9,24.9,25529
2009-11-10,23.6,23.5,20671,25.0,25.1,25549
2009-11-11,23.65,23.65,18959,25.05,25.15,25906
2009-11-12,24.8,24.8,18372,26.15,26.25,27688
2009-11-13,24.25,24.25,15506,25.8,25.85,28314
2009-11-16,23.4,23.4,15331,25.4,25.45,30525
2009-11-17,22.55,22.55,15331,25.3,25.35,32760
2009-11-18,24.4,24.4,32841,26.8,26.85,7737
2009-11-19,24.75,24.7,33553,27.15,27.25,8472
2009-11-20,24.2,24.2,35116,27.0,27.0,9656
2009-11-23,22.85,22.85,34698,26.35,26.4,10418
2009-11-24,22.65,22.7,33948,26.0,26.05,11248
2009-11-25,22.35,22.35,33061,25.75,25.8,12399
2009-11-27,24.05,24.05,33791,27.1,27.15,13416
2009-11-30,24.1,24.1,33155,27.1,27.15,14534
2009-12-01,23.05,23.05,32822,26.25,26.3,15785
2009-12-02,22.65,22.65,26131,26.15,26.2,18788
2009-12-03,23.25,23.25,24750,26.6,26.65,19756
2009-12-04,22.6,22.6,25328,26.1,26.15,21965
2009-12-07,22.5,22.5,25563,25.95,26.05,24615
2009-12-08,23.48,23.5,22580,26.5,26.55,25452
2009-12-09,23.05,23.05,22962,26.4,26.45,27032
2009-12-10,22.5,22.5,20710,26.05,26.1,28322
2009-12-11,22.1,22.1,19181,25.95,26.0,29416
2009-12-14,21.1,21.1,14642,25.5,25.55,31638
2009-12-15,21.4,21.35,14642,25.25,25.25,33293
2009-12-16,24.1,24.1,33770,26.45,26.5,8295
2009-12-17,24.45,24.45,33858,26.65,26.75,8607
2009-12-18,24.1,24.1,33178,26.35,26.4,8739
2009-12-21,23.25,23.25,33778,25.65,25.65,9147
2009-12-22,22.65,22.65,33719,25.05,25.1,9471
2009-12-23,22.45,22.45,33476,24.85,24.9,9417
2009-12-24,22.1,22.1,32926,24.7,24.75,9507
2009-12-28,21.85,21.85,33665,24.6,24.65,9956
2009-12-29,22.0,22.0,32169,24.7,24.75,9966
2009-12-30,22.4,22.4,33659,25.05,25.05,10897
2009-12-31,22.95,22.95,34174,25.75,25.8,11862
2010-01-04,22.1,22.1,34654,24.8,24.85,13116
2010-01-05,21.55,21.55,34654,24.4,24.45,13116
2010-01-06,20.8,20.8,36337,23.5,23.55,14408
2010-01-07,20.4,20.45,28887,23.1,23.15,14672
2010-01-08,19.9,19.9,28887,22.5,22.55,14672
2010-01-11,19.5,19.5,26892,22.2,22.25,17130
2010-01-12,20.25,20.25,27125,22.7,22.8,20500
2010-01-13,19.4,19.4,25964,22.4,22.5,21349
2010-01-14,18.95,18.95,15079,21.95,22.0,23131
2010-01-15,19.65,19.65,15463,22.5,22.55,27613
2010-01-19,17.85,17.85,15463,21.5,21.55,31662
2010-01-20,21.4,21.4,31502,22.8,22.85,9873
2010-01-21,22.65,22.65,31914,24.05,24.1,10784
2010-01-22,24.75,24.75,32861,25.1,25.15,11114
2010-01-25,24.35,24.35,32502,24.9,24.95,11132
2010-01-26,24.5,24.55,25836,25.25,25.3,11749
2010-01-27,23.7,23.75,23153,24.65,24.7,12173
2010-01-28,23.95,24.0,23037,24.85,24.9,13186
2010-01-29,24.6,24.65,25283,25.25,25.35,13415
2010-02-01,23.05,23.05,23512,24.2,24.25,13691
2010-02-02,22.1,22.1,21842,23.35,23.45,14662
2010-02-03,22.15,22.15,21282,23.5,23.55,15173
2010-02-04,25.6,25.6,20906,25.6,25.65,15219
2010-02-05,26.1,26.1,22617,25.8,25.85,17185
2010-02-08,26.4,26.4,20482,26.15,26.2,16768
2010-02-09,25.5,25.55,18411,25.65,25.65,17142
2010-02-10,25.5,25.5,17106,25.5,25.55,17126
2010-02-11,24.45,24.45,14345,24.9,24.95,17562
2010-02-12,24.45,24.45,13475,24.9,24.9,19059
2010-02-16,22.55,22.6,13475,23.55,23.6,20395
2010-02-17,22.75,22.75,21678,24.65,24.7,7804
2010-02-18,21.8,21.8,19914,24.05,24.1,9111
2010-02-19,21.35,21.35,18865,23.65,23.7,9336
2010-02-22,20.95,20.95,20682,23.2,23.25,10404
2010-02-23,21.65,21.65,21552,23.85,23.9,12424
2010-02-24,21.1,21.1,20886,23.6,23.65,12365
2010-02-25,20.95,20.95,20920,23.7,23.75,13523
2010-02-26,20.35,20.4,20130,23.45,23.5,15233
2010-03-01,20.0,20.0,16234,23.0,23.05,15354
2010-03-02,19.8,19.8,18842,22.75,22.8,17871
2010-03-03,19.6,19.6,19261,22.55,22.6,16988
2010-03-04,19.6,19.6,19651,22.48,22.5,19090
2010-03-05,18.55,18.55,22362,21.6,21.6,21839
2010-03-08,18.35,18.35,23530,21.2,21.25,23419
2010-03-09,18.5,18.5,24244,21.25,21.25,24814
2010-03-10,18.6,18.6,25331,21.4,21.4,28844
2010-03-11,18.6,18.6,25065,21.55,21.6,31112
2010-03-12,18.35,18.35,24647,21.45,21.45,32970
2010-03-15,18.1,18.1,23345,21.55,21.5,34699
2010-03-16,17.4,17.45,23345,20.85,20.9,37414
2010-03-17,20.1,20.1,38817,21.75,21.75,6232
2010-03-18,19.8,19.8,39549,21.45,21.45,7457
2010-03-19,20.15,20.2,38647,21.7,21.7,7897
2010-03-22,19.85,19.9,37139,21.6,21.65,9614
2010-03-23,19.45,19.45,36741,21.3,21.35,9780
2010-03-24,19.9,19.9,36330,21.6,21.65,10643
2010-03-25,20.1,20.1,36665,21.9,21.95,10909
2010-03-26,19.9,19.9,36040,21.65,21.7,12201
2010-03-29,19.5,19.5,34399,21.2,21.25,12819
2010-03-30,19.15,19.1,34641,20.95,21.0,14236
2010-03-31,18.95,18.95,34223,20.95,21.0,14623
2010-04-01,18.8,18.8,33721,21.0,21.05,16074
2010-04-05,17.95,18.0,32506,20.3,20.35,16072
2010-04-06,17.4,17.45,33099,19.8,19.85,18744
2010-04-07,17.9,17.9,25659,20.05,20.1,21770
2010-04-08,17.45,17.45,26140,19.8,19.85,23278
2010-04-09,17.2,17.2,23869,19.6,19.65,25274
2010-04-12,17.1,17.1,22636,19.65,19.65,25787
2010-04-13,17.15,17.15,22109,19.7,19.75,26626
2010-04-14,16.7,16.7,22615,19.25,19.3,28758
2010-04-15,16.7,16.7,21966,19.25,19.3,29549
2010-04-16,18.2,18.2,22303,19.9,19.95,29552
2010-04-19,17.4,17.4,20224,19.45,19.5,32602
2010-04-20,16.0,16.0,,18.6,18.6,33578
2010-04-21,18.7,18.7,32427,20.7,20.75,7384
2010-04-22,18.7,18.65,30955,20.7,20.75,9064
2010-04-23,18.5,18.5,28859,20.7,20.75,10078
2010-04-26,18.75,18.75,27917,20.9,20.95,10956
2010-04-27,21.05,21.05,32044,22.35,22.4,14776
2010-04-28,20.8,20.8,28947,22.15,22.2,15427
2010-04-29,19.65,19.65,27016,21.6,21.65,15714
2010-04-30,21.6,21.6,27362,22.95,23.0,17293
2010-05-03,20.55,20.55,24773,22.55,22.6,18092
2010-05-04,23.0,23.0,27628,24.4,24.45,21045
2010-05-05,24.15,24.15,25447,25.5,25.45,21022
2010-05-06,29.25,29.2,31043,29.05,29.1,25008
2010-05-07,32.9,32.95,36269,31.0,30.95,23978
2010-05-10,27.45,27.45,35205,27.05,27.05,24378
2010-05-11,27.1,27.1,33621,27.1,27.05,21448
2010-05-12,25.05,25.05,32829,25.75,25.8,22021
2010-05-13,25.85,25.85,32474,26.4,26.4,22512
2010-05-14,30.05,30.1,33139,28.7,28.75,23686
2010-05-17,30.3,30.3,30700,29.0,29.0,25830
2010-05-18,32.7,32.7,,31.0,30.95,27570
2010-05-19,31.7,31.65,26217,32.0,32.05,17296
2010-05-20,35.95,35.95,28636,35.65,35.7,18994
2010-05-21,35.75,35.75,29221,35.65,35.7,18875
2010-05-24,35.1,35.1,28658,35.05,35.1,19566
2010-05-25,33.75,33.75,27289,34.1,34.1,21126
2010-05-26,32.8,32.8,26147,33.3,33.3,21890
2010-05-27,29.65,29.65,26537,30.95,30.95,23125
2010-05-28,30.4,30.4,26905,31.25,31.3,24017
2010-06-01,32.55,32.55,26336,32.6,32.65,24640
2010-06-02,29.85,29.85,26098,31.0,31.0,25235
2010-06-03,29.6,29.6,26620,30.7,30.7,25689
2010-06-04,33.55,33.55,25786,32.75,32.8,26082
2010-06-07,35.45,35.45,25704,34.1,34.1,26018
2010-06-08,33.45,33.45,25572,32.9,32.95,26695
2010-06-09,33.4,33.4,25271,33.3,33.35,26684
2010-06-10,30.65,30.65,24095,31.5,31.55,27055
2010-06-11,29.3,29.3,23625,30.85,30.9,27905
2010-06-14,28.55,28.55,23138,30.25,30.3,28455
2010-06-15,25.85,25.85,23577,28.5,28.55,28455
2010-06-16,27.8,27.8,26833,28.9,28.95,12662
2010-06-17,27.25,27.3,27031,28.55,28.6,13000
2010-06-18,26.85,26.85,27048,27.95,28.0,14138
2010-06-21,27.1,27.1,27425,28.1,28.15,14501
2010-06-22,28.4,28.4,27495,28.95,29.0,14393
2010-06-23,28.8,28.75,27721,29.5,29.55,14411
2010-06-24,30.65,30.65,28606,30.75,30.8,14689
2010-06-25,29.75,29.75,28203,30.3,30.35,15010
2010-06-28,30.15,30.15,27477,31.05,31.05,15076
2010-06-29,33.5,33.5,28096,33.4,33.45,16101
2010-06-30,33.9,33.9,25563,34.1,34.15,15882
2010-07-01,33.35,33.35,24314,34.15,34.15,16027
2010-07-02,32.05,32.05,23355,33.35,33.4,16289
2010-07-06,29.8,29.8,23319,31.9,31.9,17296
2010-07-07,27.65,27.6,22825,30.05,30.05,18125
2010-07-08,27.05,27.05,23563,29.45,29.5,18129
2010-07-09,26.55,26.55,23564,29.05,29.05,19533
2010-07-12,25.85,25.85,19751,28.3,28.35,23149
2010-07-13,25.85,25.8,19337,28.1,28.15,24298
2010-07-14,26.75,26.75,19553,29.05,28.95,24172
2010-07-15,26.5,26.5,18973,29.25,29.3,25554
2010-07-16,28.1,28.1,18697,30.55,30.6,26998
2010-07-19,26.8,26.8,17582,30.25,30.3,28341
2010-07-20,24.4,24.4,17605,28.45,28.5,30829
2010-07-21,28.85,28.85,29378,31.4,31.45,23081
2010-07-22,27.3,27.3,29536,30.15,30.2,25002
2010-07-23,26.6,26.6,29568,29.55,29.6,25828
2010-07-26,25.55,25.55,29078,28.75,28.75,26926
2010-07-27,25.45,25.45,28765,28.4,28.45,28101
2010-07-28,25.7,25.75,28560,28.8,28.8,29788
2010-07-29,25.8,25.75,27512,28.75,28.75,31616
2010-07-30,25.45,25.45,26731,28.55,28.6,32667
2010-08-02,23.85,23.85,26210,27.1,27.15,34551
2010-08-03,24.1,24.1,25746,27.45,27.5,35340
2010-08-04,23.75,23.75,24413,27.3,27.35,36737
2010-08-05,23.8,23.8,23031,27.6,27.65,38876
2010-08-06,23.7,23.7,21668,27.7,27.75,39915
2010-08-09,23.1,23.1,21918,27.35,27.4,43292
2010-08-10,23.2,23.25,20000,27.5,27.55,44332
2010-08-11,25.7,25.7,20759,29.55,29.6,45544
2010-08-12,26.15,26.15,19869,30.0,30.05,46607
2010-08-13,26.75,26.75,18502,30.65,30.7,47930
2010-08-16,26.0,26.0,18502,30.3,30.35,47930
2010-08-17,24.35,24.35,16266,29.4,29.45,49181
2010-08-18,29.0,29.0,49939,31.05,31.1,20246
2010-08-19,29.9,29.9,49705,32.1,32.15,21355
2010-08-20,29.6,29.6,47967,32.2,32.25,23519
2010-08-23,29.0,29.0,44484,32.1,32.15,24849
2010-08-24,29.8,29.8,44592,32.8,32.85,27129
2010-08-25,29.15,29.15,40222,32.25,32.3,29374
2010-08-26,29.6,29.55,37212,32.45,32.5,31673
2010-08-27,27.55,27.55,35485,30.85,30.9,33680
2010-08-30,28.45,28.45,34232,31.7,31.75,35418
2010-08-31,27.95,27.9,34785,31.2,31.25,37315
2010-09-01,25.8,25.8,32944,29.75,29.75,39883
2010-09-02,25.0,25.0,31728,29.05,29.15,43066
2010-09-03,23.55,23.6,30097,27.8,27.85,46778
2010-09-07,24.45,24.45,27242,28.6,28.6,48127
2010-09-08,23.85,23.85,24531,27.8,27.85,49494
2010-09-09,23.7,23.75,22223,27.55,27.55,52501
2010-09-10,23.05,23.05,21031,26.95,27.0,55458
2010-09-13,21.7,21.7,17619,25.65,25.7,58436
2010-09-14,21.7,21.7,,25.65,25.7,63373
2010-09-15,25.2,25.2,62479,27.45,27.45,18514
2010-09-16,25.05,25.1,59933,27.6,27.6,19216
2010-09-17,25.05,25.05,56260,27.75,27.8,20189
2010-09-20,24.3,24.35,56200,27.3,27.35,20490
2010-09-21,24.45,24.45,55511,27.35,27.4,21708
2010-09-22,25.0,24.95,54761,27.6,27.65,23672
2010-09-23,25.8,25.8,55329,28.2,28.25,24710
2010-09-24,24.25,24.2,54347,27.15,27.2,25245
2010-09-27,24.35,24.35,51785,27.2,27.25,26262
2010-09-28,24.3,24.3,47006,27.2,27.25,27710
2010-09-29,24.7,24.7,46076,27.6,27.65,29359
2010-09-30,25.45,25.45,42051,28.15,28.2,30532
2010-10-01,24.75,24.75,40093,27.8,27.85,31405
2010-10-04,25.15,25.15,40209,28.15,28.2,32116
2010-10-05,23.65,23.65,36737,27.0,27.05,34659
2010-10-06,23.25,23.25,35487,26.75,26.8,37150
2010-10-07,22.95,22.95,35328,26.65,26.7,39218
2010-10-08,22.0,21.95,33835,25.65,25.7,41088
2010-10-11,21.3,21.3,34061,25.05,25.1,42401
2010-10-12,20.65,20.65,33682,24.2,24.25,43874
2010-10-13,20.65,20.65,30790,23.5,23.55,48211
2010-10-14,21.55,21.55,31045,24.2,24.2,47750
2010-10-15,20.95,20.95,29636,24.0,24.05,50393
2010-10-18,19.85,19.85,26434,23.25,23.3,51202
2010-10-19,20.95,20.95,,23.8,23.85,53397
2010-10-20,22.6,22.6,51502,25.0,25.05,20943
2010-10-21,22.0,22.0,49966,24.6,24.65,21950
2010-10-22,21.1,21.1,46423,23.9,23.95,25204
2010-10-25,20.95,20.95,50055,23.65,23.7,25608
2010-10-26,21.4,21.4,48252,23.85,23.9,30103
2010-10-27,21.85,21.85,42285,24.15,24.2,32423
2010-10-28,21.75,21.75,41538,24.25,24.3,33564
2010-10-29,21.75,21.75,41451,24.2,24.25,34275
2010-11-01,21.55,21.55,42935,24.15,24.2,36737
2010-11-02,21.0,21.0,44438,23.7,23.75,38216
2010-11-03,19.8,19.8,44174,22.35,22.35,38517
2010-11-04,18.5,18.5,44098,20.95,21.0,39238
2010-11-05,18.55,18.55,44098,20.9,20.95,39238
2010-11-08,18.7,18.7,33175,21.0,21.05,43455
2010-11-09,18.9,18.9,33175,21.15,21.1,43455
2010-11-10,18.65,18.65,27898,20.9,20.9,51097
2010-11-11,18.95,18.95,28708,21.0,21.05,55128
2010-11-12,20.35,20.35,28578,22.2,22.25,60276
2010-11-15,19.75,19.75,28132,21.9,21.95,67147
2010-11-16,22.25,22.25,,22.75,22.8,64325
2010-11-17,22.3,22.3,62488,25.35,25.4,41591
2010-11-18,20.7,20.75,55662,24.15,24.2,44417
2010-11-19,20.5,20.5,53451,23.85,23.9,46491
2010-11-22,19.8,19.8,52567,23.2,23.25,48656
2010-11-23,20.7,20.75,52279,24.05,24.1,50720
2010-11-24,19.8,19.8,44507,23.25,23.3,50055
2010-11-26,21.25,21.25,43713,24.2,24.25,51088
2010-11-29,21.45,21.45,45362,24.45,24.5,53150
2010-11-30,23.2,23.2,42859,25.75,25.8,52345
2010-12-01,21.85,21.9,40308,24.7,24.75,50878
2010-12-02,19.85,19.85,38619,22.9,23.0,52758
2010-12-03,19.05,19.05,37558,22.1,22.15,52694
2010-12-06,18.6,18.6,38334,21.6,21.6,51845
2010-12-07,18.6,18.6,35623,21.4,21.45,52654
2010-12-08,18.2,18.2,34172,20.65,20.7,53955
2010-12-09,18.0,18.0,34798,20.2,20.2,54404
2010-12-10,18.1,18.05,31751,20.0,20.05,54720
2010-12-13,18.25,18.3,31648,20.25,20.3,54235
2010-12-14,18.75,18.7,31473,20.4,20.45,54304
2010-12-15,19.0,19.05,32903,20.75,20.8,56798
2010-12-16,18.35,18.4,26609,20.45,20.5,55061
2010-12-17,17.6,17.6,23860,20.2,20.25,54974
2010-12-20,16.7,16.75,22213,19.65,19.65,57486
2010-12-21,16.7,16.75,,19.2,19.25,59778
2010-12-22,19.2,19.25,61338,21.25,21.3,30350
2010-12-23,19.8,19.85,62374,21.55,21.55,30588
2010-12-27,20.4,20.45,65176,21.8,21.75,29262
2010-12-28,20.55,20.55,63226,21.9,21.9,28445
2010-12-29,20.2,20.25,62091,21.8,21.85,28268
2010-12-30,20.1,20.1,60274,21.7,21.7,28154
2010-12-31,19.75,19.7,58640,21.55,21.6,28158
2011-01-03,19.3,19.3,58437,21.3,21.35,29731
2011-01-04,19.1,19.1,56828,21.25,21.3,30382
2011-01-05,18.7,18.7,55768,20.9,20.95,31578
2011-01-06,18.65,18.65,51785,20.85,20.9,29700
2011-01-07,18.7,18.7,50569,20.95,21.0,31134
2011-01-10,18.65,18.65,48440,20.95,21.0,33464
2011-01-11,17.95,17.95,41523,20.35,20.4,35354
2011-01-12,17.0,17.0,41433,19.45,19.45,41322
2011-01-13,16.95,16.95,41433,19.25,19.3,41322
2011-01-14,16.25,16.25,33344,18.35,18.4,47024
2011-01-18,15.9,15.9,29642,17.85,17.85,59354
2011-01-19,18.7,18.75,61137,20.85,20.9,41951
2011-01-20,18.65,18.65,60192,20.8,20.85,44893
2011-01-21,18.85,18.85,52037,20.95,21.0,45510
2011-01-24,18.4,18.4,51148,20.5,20.55,45512
2011-01-25,18.2,18.2,49766,20.3,20.35,45909
2011-01-26,17.55,17.55,48887,19.7,19.75,48323
2011-01-27,17.2,17.25,49124,19.35,19.4,48917
2011-01-28,19.35,19.4,50375,20.6,20.65,50615
2011-01-31,19.1,19.1,47912,20.4,20.45,51794
2011-02-01,17.95,17.95,47428,19.6,19.6,51986
2011-02-02,18.05,18.05,47465,19.5,19.55,52888
2011-02-03,17.7,17.7,47319,19.35,19.35,54375
2011-02-04,17.25,17.25,47240,18.8,18.85,57392
2011-02-07,16.95,16.95,48378,18.4,18.45,61118
2011-02-08,16.8,16.85,40607,18.15,18.2,61515
2011-02-09,16.85,16.85,40081,18.25,18.25,62259
2011-02-10,16.9,16.9,37263,18.25,18.3,65554
2011-02-11,16.55,16.6,33966,17.95,18.05,68486
2011-02-14,16.45,16.45,33966,17.8,17.85,68486
2011-02-15,16.7,16.7,21430,18.05,18.05,70675
2011-02-16,18.3,18.3,75241,19.3,19.35,29671
2011-02-17,18.45,18.45,68698,19.6,19.65,30985
2011-02-18,18.6,18.6,66164,19.75,19.8,26970
2011-02-22,21.15,21.15,65741,21.55,21.6,27359
2011-02-23,22.25,22.25,63707,22.5,22.55,29461
2011-02-24,21.85,21.85,60790,22.3,22.35,29201
2011-02-25,20.15,20.15,59602,21.15,21.15,28526
2011-02-28,19.15,19.2,55901,20.25,20.3,29204
2011-03-01,21.2,21.2,54246,21.65,21.7,29350
2011-03-02,21.1,21.1,53605,21.55,21.6,29355
2011-03-03,19.7,19.7,57848,20.65,20.7,28324
2011-03-04,20.05,20.05,57486,21.1,21.15,34591
2011-03-07,21.05,21.05,56012,21.76,21.8,37036
2011-03-08,20.4,20.45,54722,21.35,21.4,37705
2011-03-09,21.05,21.05,54195,21.76,21.8,41067
2011-03-10,22.22,22.25,51493,22.68,22.7,44055
2011-03-11,21.25,21.3,38208,22.0,22.05,58435
2011-03-14,21.7,21.7,34879,22.25,22.3,60242
2011-03-15,24.6,24.6,29487,23.4,23.45,63721
2011-03-16,24.9,24.9,79662,25.1,25.15,28652
2011-03-17,24.15,24.15,74731,24.35,24.4,28287
2011-03-18,23.35,23.35,70178,23.63,23.65,28202
2011-03-21,21.6,21.6,68303,22.25,22.3,28329
2011-03-22,21.5,21.5,65206,22.25,22.25,27845
2011-03-23,20.5,20.5,67884,21.6,21.6,29332
2011-03-24,19.9,19.95,68981,21.05,21.05,32014
2011-03-25,19.8,19.75,70429,21.05,21.05,31797
2011-03-28,20.3,20.3,70069,21.5,21.55,32149
2011-03-29,19.55,19.6,69665,20.9,20.95,33397
2011-03-30,19.25,19.25,70244,20.7,20.7,33469
2011-03-31,19.3,19.3,69164,20.8,20.8,33885
2011-04-01,19.0,19.05,70356,20.5,20.55,35938
2011-04-04,18.7,18.7,69486,20.2,20.25,36449
2011-04-05,18.5,18.55,58970,20.15,20.15,38623
2011-04-06,18.3,18.35,58646,20.15,20.15,39461
2011-04-07,18.35,18.4,57935,20.35,20.35,42470
2011-04-08,18.65,18.65,50725,20.6,20.65,43760
2011-04-11,18.3,18.4,50062,20.4,20.45,44320
2011-04-12,18.7,18.7,48017,20.65,20.7,47423
2011-04-13,18.3,18.3,45058,20.3,20.35,51255
2011-04-14,17.9,17.9,43299,20.15,20.15,53837
2011-04-15,16.75,16.75,32754,19.65,19.65,69156
2011-04-18,17.3,17.3,30121,20.15,20.2,79221
2011-04-19,16.05,16.0,27335,19.05,19.1,84022
2011-04-20,18.2,18.15,84360,20.25,20.35,34022
2011-04-21,17.9,17.9,82867,19.95,20.0,34377
2011-04-25,17.45,17.45,81319,19.55,19.6,32918
2011-04-26,17.25,17.3,79520,19.2,19.2,33009
2011-04-27,17.0,17.0,78927,18.7,18.75,33705
2011-04-28,16.75,16.75,75735,18.4,18.4,33712
2011-04-29,16.7,16.7,74604,18.35,18.35,34276
2011-05-02,17.2,17.25,71575,18.8,18.8,34308
2011-05-03,17.7,17.7,68456,19.3,19.35,35594
2011-05-04,17.95,17.95,66520,19.55,19.55,36547
2011-05-05,18.3,18.3,63646,19.75,19.8,37679
2011-05-06,18.15,18.15,61760,19.5,19.55,39377
2011-05-09,17.45,17.45,61038,18.85,18.85,42068
2011-05-10,16.65,16.65,51514,18.15,18.2,55162
2011-05-11,17.2,17.2,45937,18.6,18.65,59820
2011-05-12,16.65,16.65,43381,18.35,18.35,64175
2011-05-13,17.35,17.35,38058,18.65,18.65,68668
2011-05-16,18.0,18.0,40750,19.0,19.05,74878
2011-05-17,17.7,17.75,23083,18.7,18.7,87905
2011-05-18,18.0,18.05,90137,19.8,19.75,36243
2011-05-19,17.65,17.65,88694,19.55,19.6,36351
2011-05-20,18.05,18.05,92488,19.95,20.0,36387
2011-05-23,18.55,18.55,92265,20.25,20.3,37728
2011-05-24,18.3,18.3,82435,20.1,20.15,38548
2011-05-25,17.95,17.95,80035,19.85,19.9,39331
2011-05-26,17.45,17.45,77289,19.3,19.35,40518
2011-05-27,17.1,17.1,71485,19.0,19.05,42276
2011-05-31,16.5,16.55,73189,18.5,18.55,44965
2011-06-01,17.95,17.95,70817,19.55,19.55,48052
2011-06-02,17.8,17.8,69523,19.3,19.35,47175
2011-06-03,17.95,17.95,68457,19.4,19.45,49580
2011-06-06,18.2,18.2,66673,19.6,19.65,52452
2011-06-07,18.1,18.1,62540,19.3,19.35,53748
2011-06-08,18.5,18.5,55650,19.5,19.55,58118
2011-06-09,17.75,17.75,53397,18.95,19.0,60335
2011-06-10,18.85,18.9,46084,19.6,19.6,64863
2011-06-13,19.55,19.55,32290,19.95,20.0,78055
2011-06-14,18.25,18.2,22886,19.2,19.2,82168
2011-06-15,20.9,20.95,83758,21.25,21.25,41534
2011-06-16,21.95,21.95,77697,22.25,22.3,43543
2011-06-17,21.4,21.45,76125,21.95,22.0,39622
2011-06-20,20.45,20.45,64626,21.2,21.15,38677
2011-06-21,19.9,19.95,66305,20.75,20.8,38144
2011-06-22,20.25,20.3,63882,21.1,21.1,36795
2011-06-23,19.85,19.85,64598,20.8,20.8,37094
2011-06-24,21.05,21.05,62149,21.54,21.55,36661
2011-06-27,20.55,20.6,60624,21.0,21.0,35138
2011-06-28,19.5,19.5,59823,20.15,20.2,34522
2011-06-29,18.45,18.5,60190,19.35,19.35,35786
2011-06-30,17.7,17.7,61380,18.75,18.75,34837
2011-07-01,16.95,16.95,60214,18.0,17.95,37199
2011-07-05,16.95,16.95,57533,18.09,18.1,35686
2011-07-06,17.25,17.25,56583,18.3,18.35,37268
2011-07-07,16.75,16.75,55784,17.88,17.85,39677
2011-07-08,17.05,17.1,54130,18.25,18.25,41887
2011-07-11,18.85,18.85,50097,19.55,19.6,48488
2011-07-12,19.55,19.6,45315,19.95,20.0,49096
2011-07-13,19.85,19.9,42111,20.0,20.05,50291
2011-07-14,20.6,20.65,36045,20.6,20.65,57145
2011-07-15,20.15,20.15,33329,20.2,20.2,55874
2011-07-18,21.15,21.15,28833,20.95,21.0,59328
2011-07-19,19.25,19.25,,19.75,19.75,58388
2011-07-20,19.35,19.35,65912,20.95,21.0,33369
2011-07-21,18.3,18.35,69438,20.0,20.05,34550
2011-07-22,18.25,18.25,64936,19.9,19.9,35216
2011-07-25,19.3,19.35,65079,20.3,20.3,35443
2011-07-26,19.6,19.65,64558,20.7,20.7,37568
2011-07-27,21.3,21.3,63712,21.7,21.75,35868
2011-07-28,21.35,21.35,59629,21.7,21.7,35877
2011-07-29,21.1,21.1,58219,21.1,21.1,36933
2011-08-01,20.7,20.7,58255,20.6,20.6,37116
2011-08-02,22.25,22.3,55011,21.95,22.0,36456
2011-08-03,22.0,22.0,50960,21.85,21.85,35465
2011-08-04,27.45,27.45,50014,25.9,25.9,33908
2011-08-05,29.1,29.15,50014,26.15,26.2,33908
2011-08-08,36.6,36.55,50014,30.15,30.2,33908
2011-08-09,30.45,30.5,47150,25.35,25.4,41836
2011-08-10,35.95,36.0,48413,28.7,28.75,45436
2011-08-11,35.3,35.15,47286,27.65,27.65,43649
2011-08-12,35.0,35.0,42472,27.8,27.85,48629
2011-08-15,32.05,32.1,38084,26.65,26.7,49578
2011-08-16,33.6,33.65,33552,26.85,26.9,52899
2011-08-17,27.9,27.95,52939,26.8,26.8,20812
2011-08-18,33.4,33.4,48209,30.2,30.2,20602
2011-08-19,35.35,35.35,45680,31.62,31.6,20115
2011-08-22,36.4,36.45,44664,32.65,32.65,20678
2011-08-23,34.25,34.3,55869,31.7,31.75,26605
2011-08-24,33.5,33.55,59081,31.45,31.45,28309
2011-08-25,34.75,34.75,54342,31.7,31.75,25627
2011-08-26,34.0,34.0,55981,31.0,31.0,25294
2011-08-29,31.6,31.65,57427,29.7,29.7,26026
2011-08-30,32.5,32.5,54375,30.55,30.55,25902
2011-08-31,31.6,31.65,55729,30.15,30.2,26537
2011-09-01,32.1,32.15,52871,30.65,30.7,30054
2011-09-02,34.45,34.5,53440,32.0,32.05,30116
2011-09-06,35.7,35.75,52772,32.8,32.85,30832
2011-09-07,33.55,33.55,52772,31.4,31.4,30832
2011-09-08,34.55,34.6,52772,32.1,32.15,30832
2011-09-09,38.55,38.55,52772,34.55,34.55,30832
2011-09-12,38.3,38.3,45435,35.1,35.05,34502
2011-09-13,37.8,37.85,43637,35.1,35.15,33766
2011-09-14,35.75,35.75,42934,34.2,34.1,37815
2011-09-15,33.15,33.2,41463,32.55,32.55,39502
2011-09-16,32.0,32.05,36575,31.8,31.85,50031
2011-09-19,33.65,33.7,34065,33.1,33.1,49920
2011-09-20,33.45,33.5,,32.9,32.95,52759
2011-09-21,35.7,35.75,52633,33.75,33.75,18390
2011-09-22,38.5,38.55,52885,35.75,35.75,17933
2011-09-23,39.05,39.1,51075,35.9,35.9,17690
2011-09-26,37.5,37.5,51041,34.7,34.7,18354
2011-09-27,36.75,36.75,51573,34.3,34.3,17800
2011-09-28,39.4,39.45,50845,36.0,36.05,18503
2011-09-29,38.55,38.6,50831,35.25,35.3,18892
2011-09-30,42.1,42.15,47681,37.75,37.75,19664
2011-10-03,45.0,45.05,48012,40.55,40.55,21444
2011-10-04,40.8,40.8,46352,38.1,38.1,21784
2011-10-05,38.4,38.45,46730,36.25,36.3,23258
2011-10-06,37.8,37.85,48492,35.85,35.9,22558
2011-10-07,37.9,37.95,48581,35.95,35.95,23308
2011-10-10,34.7,34.7,48922,33.65,33.65,25259
2011-10-11,34.45,34.5,45962,33.4,33.5,31099
2011-10-12,32.2,32.25,42066,31.4,31.45,33265
2011-10-13,32.1,32.1,42484,31.15,31.2,32366
2011-10-14,29.7,29.75,40795,29.35,29.35,35619
2011-10-17,34.2,34.2,36850,32.9,32.95,34154
2011-10-18,32.1,32.15,,30.95,31.0,35738
2011-10-19,33.8,33.85,45395,31.5,31.55,34307
2011-10-20,34.05,34.1,45222,31.55,31.55,32643
2011-10-21,31.55,31.6,45382,30.05,30.0,32716
2011-10-24,29.7,29.75,47074,28.8,28.85,33257
2011-10-25,32.35,32.4,47244,30.25,30.25,33805
2011-10-26,30.45,30.5,48419,29.2,29.2,33984
2011-10-27,26.15,26.2,53237,25.75,25.8,36440
2011-10-28,26.25,26.25,51908,25.5,25.55,35742
2011-10-31,29.9,29.95,50892,28.15,28.2,36068
2011-11-01,33.95,33.95,51375,31.2,31.25,39462
2011-11-02,32.7,32.7,45696,30.35,30.4,37419
2011-11-03,30.95,30.95,44303,29.25,29.25,36271
2011-11-04,31.4,31.4,44303,29.85,29.85,36271
2011-11-07,31.1,31.1,43410,29.7,29.75,36241
2011-11-08,28.9,28.9,40222,28.35,28.35,40609
2011-11-09,36.45,36.45,39866,33.45,33.45,40944
2011-11-10,33.45,33.45,34502,31.5,31.5,46069
2011-11-11,31.35,31.4,32750,30.2,30.2,46712
2011-11-14,32.1,32.1,29949,30.75,30.75,50804
2011-11-15,32.05,32.05,22004,30.7,30.7,65111
2011-11-16,32.65,32.65,65282,33.55,33.6,20294
2011-11-17,33.75,33.75,65164,34.6,34.65,20112
2011-11-18,32.35,32.35,64600,33.75,33.75,20943
2011-11-21,32.95,32.95,64612,34.34,34.35,21873
2011-11-22,32.3,32.3,64337,33.85,33.85,22627
2011-11-23,33.6,33.6,65396,35.0,35.05,23088
2011-11-25,34.5,34.5,64095,35.6,35.6,23105
2011-11-28,32.0,32.0,62695,33.68,33.7,23852
2011-11-29,31.35,31.35,62380,33.2,33.2,24283
2011-11-30,28.3,28.35,64927,30.9,30.9,26290
2011-12-01,27.9,27.9,64896,30.15,30.15,28097
2011-12-02,27.79,27.8,65782,29.9,29.9,29480
2011-12-05,27.75,27.8,64151,29.7,29.7,29619
2011-12-06,28.1,28.1,63834,29.95,29.95,28926
2011-12-07,28.6,28.6,64355,30.6,30.6,31044
2011-12-08,30.15,30.15,63272,32.05,32.1,28396
2011-12-09,27.2,27.2,61174,29.55,29.55,26699
2011-12-12,27.6,27.6,60417,30.1,30.1,28287
2011-12-13,27.05,27.1,46152,29.9,29.9,38651
2011-12-14,27.1,27.1,46996,30.1,30.1,40207
2011-12-15,26.35,26.35,45656,28.9,28.9,44047
2011-12-16,26.1,26.1,42241,28.85,28.85,44902
2011-12-19,25.6,25.6,37661,28.3,28.35,48434
2011-12-20,23.85,23.85,,26.55,26.55,55180
2011-12-21,24.5,24.5,59713,25.85,25.85,20911
2011-12-22,25.1,25.1,58734,26.0,26.0,21950
2011-12-23,25.7,25.7,54610,26.4,26.4,21843
2011-12-27,25.45,25.45,52909,26.2,26.2,21883
2011-12-28,26.7,26.7,50177,27.1,27.1,21466
2011-12-29,25.9,25.95,50313,26.55,26.55,21906
2011-12-30,26.7,26.7,50018,27.15,27.15,22234
2012-01-03,24.8,24.8,51308,25.8,25.8,22629
2012-01-04,24.2,24.2,50169,25.3,25.3,21866
2012-01-05,23.75,23.75,50104,24.9,24.9,22458
2012-01-06,23.05,23.05,50003,24.4,24.4,23827
2012-01-09,22.85,22.85,49195,24.15,24.15,25543
2012-01-10,22.35,22.35,53252,23.65,23.65,32674
2012-01-11,22.95,22.95,42792,24.15,24.15,33950
2012-01-12,22.2,22.2,42496,23.75,23.75,37007
2012-01-13,22.55,22.55,38728,24.1,24.1,43513
2012-01-17,22.45,22.45,,23.95,23.95,59696
2012-01-18,23.2,23.2,63659,24.95,24.95,16923
2012-01-19,22.55,22.55,67317,24.4,24.4,17170
2012-01-20,21.85,21.85,68522,23.9,23.9,19175
2012-01-23,21.3,21.3,71106,23.5,23.5,20798
2012-01-24,21.2,21.2,71478,23.25,23.25,21694
2012-01-25,20.6,20.6,63986,22.5,22.5,24098
2012-01-26,20.55,20.55,66805,22.55,22.55,28175
2012-01-27,20.15,20.15,68030,22.2,22.2,31241
2012-01-30,20.7,20.7,67258,22.55,22.55,32173
2012-01-31,20.9,20.9,62956,22.75,22.75,33614
2012-02-01,19.85,19.85,63406,22.05,22.05,36036
2012-02-02,19.15,19.15,63788,21.35,21.35,38791
2012-02-03,17.95,17.95,64118,20.55,20.55,45783
2012-02-06,18.1,18.1,62534,20.2,20.2,47561
2012-02-07,18.4,18.4,58285,20.4,20.4,52037
2012-02-08,19.2,19.2,56648,21.0,21.0,57336
2012-02-09,20.0,20.0,54733,21.95,21.95,61703
2012-02-10,21.75,21.75,49479,23.55,23.55,67177
2012-02-13,19.25,19.25,41797,21.9,21.9,73829
2012-02-14,19.8,19.8,,22.45,22.45,83703
2012-02-15,24.25,24.25,91576,25.6,25.6,26648
2012-02-16,22.8,22.8,90932,24.65,24.65,28312
2012-02-17,22.6,22.6,94468,24.8,24.8,30095
2012-02-21,22.55,22.55,97085,25.15,25.15,34018
2012-02-22,21.8,21.8,96025,24.55,24.55,36252
2012-02-23,20.25,20.25,96393,23.35,23.35,38931
2012-02-24,21.2,21.2,94706,24.28,24.3,43337
2012-02-27,21.55,21.55,94056,24.55,24.55,47683
2012-02-28,20.85,20.85,95121,24.05,24.05,51492
2012-02-29,21.0,21.0,94756,23.99,24.0,62893
2012-03-01,20.05,20.05,94245,23.3,23.3,67633
2012-03-02,20.4,20.4,92808,23.69,23.7,73156
2012-03-05,20.15,20.15,92278,23.64,23.65,78270
2012-03-06,22.5,22.5,84501,25.26,25.3,82606
2012-03-07,20.65,20.65,80495,23.92,23.95,84287
2012-03-08,19.71,19.7,79527,23.25,23.25,89753
2012-03-09,19.05,19.05,77577,22.74,22.75,91727
2012-03-12,17.75,17.75,76579,21.74,21.75,105476
2012-03-13,17.01,17.0,73795,20.99,21.0,115855
2012-03-14,17.77,17.8,68151,22.08,22.1,133233
2012-03-15,17.04,17.05,62839,21.75,21.75,144383
2012-03-16,16.15,16.15,59149,21.6,21.6,155924
2012-03-19,15.55,15.55,52438,19.98,20.0,172152
2012-03-20,15.65,15.65,,19.1,19.1,186384
2012-03-21,18.1,18.1,175558,21.19,21.2,44913
2012-03-22,18.35,18.35,168095,21.58,21.6,50539
2012-03-23,17.01,17.0,152095,20.18,20.2,54390
2012-03-26,15.63,15.6,138069,18.29,18.3,57915
2012-03-27,17.6,17.6,130833,19.53,19.55,62853
2012-03-28,17.65,17.65,123153,19.69,19.7,62250
2012-03-29,17.09,17.1,115762,19.54,19.55,62887
2012-03-30,16.82,16.8,111677,18.99,19.0,67941
2012-04-02,17.0,17.0,106636,18.83,18.85,75209
2012-04-03,17.24,17.25,99964,19.29,19.3,80624
2012-04-04,17.94,17.95,94053,19.89,19.9,86838
2012-04-05,18.45,18.45,88632,20.44,20.45,92879
2012-04-09,19.59,19.6,83150,21.44,21.45,99056
2012-04-10,21.15,21.15,78456,22.69,22.7,104297
2012-04-11,20.69,20.7,78456,22.35,22.35,104297
2012-04-12,18.2,18.2,65522,19.98,20.0,114313
2012-04-13,19.94,19.95,59100,21.68,21.7,126347
2012-04-16,19.85,19.85,52154,21.33,21.35,133066
2012-04-17,18.18,18.2,41299,19.95,19.95,142715
2012-04-18,20.54,20.55,135533,22.45,22.45,44521
2012-04-19,20.4,20.4,133849,22.43,22.45,46551
2012-04-20,19.69,19.7,133689,21.9,21.9,50529
2012-04-23,20.6,20.6,128572,22.55,22.55,52967
2012-04-24,19.74,19.75,120311,21.79,21.8,55627
2012-04-25,18.55,18.55,120431,20.8,20.8,59756
2012-04-26,18.0,18.0,117390,20.29,20.3,62227
2012-04-27,18.04,18.05,115020,20.15,20.15,68215
2012-04-30,18.44,18.45,108973,20.49,20.5,74818
2012-05-01,18.0,18.0,104849,20.05,20.05,81973
2012-05-02,18.05,18.05,98980,19.94,19.95,90532
2012-05-03,18.8,18.8,93012,20.54,20.55,95366
2012-05-04,20.0,20.0,89980,21.43,21.45,103685
2012-05-07,19.34,19.35,79487,20.84,20.85,106483
2012-05-08,19.55,19.55,72265,20.98,21.0,114392
2012-05-09,20.5,20.5,63442,21.85,21.85,117511
2012-05-10,19.34,19.35,55295,20.82,20.85,124186
2012-05-11,20.1,20.1,48059,21.6,21.6,133814
2012-05-14,21.95,21.95,37378,22.98,23.0,143373
2012-05-15,21.85,21.85,27063,23.89,23.9,145519
2012-05-16,24.4,24.4,140308,25.42,25.45,45540
2012-05-17,26.2,26.2,137718,26.67,26.7,50078
2012-05-18,28.21,28.2,133189,28.12,28.15,53988
2012-05-21,24.24,24.25,121865,25.85,25.85,54585
2012-05-22,24.94,24.95,121598,26.48,26.5,54383
2012-05-23,24.81,24.8,118343,26.33,26.35,56071
2012-05-24,24.25,24.25,111352,25.97,26.0,54949
2012-05-25,24.55,24.55,108065,26.07,26.1,55516
2012-05-29,23.0,23.0,106273,24.8,24.8,55339
2012-05-30,25.69,25.7,102797,26.9,26.9,60059
2012-05-31,25.99,26.0,99316,27.32,27.35,63792
2012-06-01,27.75,27.75,94689,29.11,29.15,68225
2012-06-04,26.95,26.95,85537,28.43,28.45,70293
2012-06-05,25.58,25.6,82058,27.33,27.35,73176
2012-06-06,23.4,23.4,79408,25.5,25.5,79052
2012-06-07,23.05,23.05,75979,25.27,25.3,82658
2012-06-08,21.71,21.7,75323,23.83,23.85,88872
2012-06-11,24.55,24.55,69457,26.39,26.4,96077
2012-06-12,23.45,23.45,64360,25.52,25.55,101072
2012-06-13,24.97,24.95,57975,26.72,26.75,107384
2012-06-14,22.95,22.95,52272,25.08,25.1,112766
2012-06-15,21.48,21.5,48500,23.65,23.65,116122
2012-06-18,19.0,19.0,41236,21.77,21.8,136599
2012-06-19,18.45,18.45,,21.9,21.9,147957
2012-06-20,20.43,20.45,151649,22.7,22.7,40799
2012-06-21,23.35,23.35,147662,24.75,24.75,43628
2012-06-22,21.88,21.85,145390,23.86,23.9,45689
2012-06-25,22.46,22.45,137328,24.23,24.25,48516
2012-06-26,21.75,21.75,125339,23.68,23.7,53790
2012-06-27,21.71,21.7,118745,23.62,23.65,59152
2012-06-28,21.34,21.35,111960,23.27,23.3,65692
2012-06-29,19.52,19.55,111960,21.95,21.95,65692
2012-07-02,18.15,18.15,107115,20.6,20.65,84895
2012-07-03,17.7,17.7,104170,20.17,20.2,94433
2012-07-05,18.8,18.8,95549,20.87,20.9,100335
2012-07-06,18.25,18.25,90859,20.58,20.6,107668
2012-07-09,18.4,18.4,84845,20.48,20.5,112979
2012-07-10,19.25,19.25,78763,21.17,21.2,119609
2012-07-11,18.3,18.3,72432,20.42,20.45,125472
2012-07-12,18.5,18.5,62787,20.57,20.6,131475
2012-07-13,17.45,17.45,55087,19.32,19.35,143473
2012-07-16,17.3,17.3,44499,19.27,19.3,150750
2012-07-17,16.65,16.65,34408,18.52,18.55,160046
2012-07-18,18.65,18.65,161748,20.59,20.6,49694
2012-07-19,18.19,18.2,161117,20.11,20.15,53386
2012-07-20,19.12,19.15,157956,20.91,20.95,57715
2012-07-23,20.78,20.8,153062,22.26,22.3,59422
2012-07-24,21.85,21.85,145951,23.16,23.2,60699
2012-07-25,21.1,21.1,137750,22.42,22.45,60891
2012-07-26,19.14,19.15,133941,20.9,20.9,63196
2012-07-27,18.58,18.6,130530,20.65,20.65,64596
2012-07-30,19.5,19.5,126202,21.22,21.25,69746
2012-07-31,19.9,19.9,119191,21.62,21.65,72239
2012-08-01,19.7,19.7,115530,21.32,21.35,78194
2012-08-02,18.67,18.7,112640,20.68,20.7,82711
2012-08-03,17.2,17.2,109419,19.36,19.4,88271
2012-08-06,16.84,16.85,106837,18.97,19.0,95558
2012-08-07,17.65,17.65,102683,19.7,19.7,100482
2012-08-08,16.8,16.8,98507,18.87,18.9,106616
2012-08-09,16.55,16.55,97112,18.63,18.65,113845
2012-08-10,16.35,16.35,91824,18.53,18.55,119389
2012-08-13,15.8,15.8,89464,18.22,18.25,128532
2012-08-14,16.4,16.4,82019,18.98,19.0,136038
2012-08-15,16.2,16.2,76969,18.97,19.0,141789
2012-08-16,15.89,15.9,68693,18.75,18.75,150127
2012-08-17,15.09,15.1,62633,18.17,18.2,164170
2012-08-20,14.64,14.65,55014,18.22,18.25,172757
2012-08-21,14.9,14.9,45773,18.73,18.75,184949
2012-08-22,18.96,19.0,180003,21.22,21.25,53900
2012-08-23,19.29,19.3,175535,21.57,21.6,58184
2012-08-24,18.55,18.55,171495,21.17,21.2,63692
2012-08-27,18.8,18.8,162722,21.28,21.3,68566
2012-08-28,19.0,19.0,154816,21.45,21.45,73402
2012-08-29,19.25,19.25,148307,21.66,21.7,80754
2012-08-30,19.7,19.7,140775,21.96,22.0,89862
2012-08-31,18.95,18.95,133149,21.16,21.2,96347
2012-09-04,18.65,18.65,122531,20.71,20.75,105189
2012-09-05,18.14,18.15,116431,20.32,20.35,114740
2012-09-06,16.1,16.1,115633,18.51,18.55,123732
2012-09-07,15.1,15.1,110135,17.51,17.55,132159
2012-09-10,16.53,16.5,102305,18.51,18.55,138626
2012-09-11,16.61,16.6,91813,18.35,18.35,144574
2012-09-12,15.81,15.8,82331,17.57,17.6,150878
2012-09-13,14.91,14.9,76629,16.41,16.45,162908
2012-09-14,15.75,15.75,64160,17.33,17.35,170277
2012-09-17,15.0,15.0,76629,16.85,16.85,162908
2012-09-18,14.3,14.3,64160,16.3,16.25,170277
2012-09-19,16.0,16.05,177089,17.7,17.7,58444
2012-09-20,16.35,16.4,185912,18.0,18.05,62595
2012-09-21,16.05,16.05,173781,17.9,17.9,66842
2012-09-24,15.89,15.9,168659,17.57,17.6,70990
2012-09-25,17.15,17.15,159815,18.31,18.35,75679
2012-09-26,17.75,17.75,146974,18.88,18.9,80810
2012-09-27,16.1,16.1,141641,17.72,17.75,86703
2012-09-28,16.39,16.4,132875,18.01,18.05,87750
2012-10-01,16.96,16.95,123979,18.26,18.3,94880
2012-10-02,16.6,16.6,117755,17.91,17.95,99529
2012-10-03,16.5,16.5,111339,17.67,17.7,102861
2012-10-04,15.8,15.8,105889,17.36,17.4,109881
2012-10-05,15.75,15.75,102346,17.23,17.25,116554
2012-10-08,15.89,15.9,95519,17.37,17.4,121759
2012-10-09,16.7,16.7,85503,18.01,18.05,124769
2012-10-10,16.75,16.75,77070,18.1,18.15,140229
2012-10-11,16.2,16.2,67099,17.52,17.55,146241
2012-10-12,16.65,16.65,59726,17.98,18.0,153471
2012-10-15,15.7,15.7,47913,17.12,17.15,162513
2012-10-16,15.5,15.5,39656,16.71,16.75,174808
2012-10-17,16.45,16.45,177417,17.46,17.5,65285
2012-10-18,16.7,16.7,173317,17.58,17.6,63629
2012-10-19,17.6,17.6,171205,18.38,18.45,63133
2012-10-22,17.36,17.35,160245,18.02,18.05,64758
2012-10-23,19.21,19.2,155252,19.37,19.4,65404
2012-10-24,18.75,18.75,144046,19.08,19.1,65616
2012-10-25,18.28,18.3,141985,18.87,18.9,69039
2012-10-26,18.27,18.25,141985,18.87,18.9,69039
2012-10-31,18.96,18.95,128153,19.46,19.5,89674
2012-11-01,16.9,16.9,119625,17.87,17.9,95720
2012-11-02,17.8,17.8,113836,18.57,18.6,100691
2012-11-05,18.05,18.1,106075,18.86,18.9,102746
2012-11-06,17.05,17.05,105543,18.06,18.1,110638
2012-11-07,18.86,18.85,104764,19.46,19.5,115122
2012-11-08,18.5,18.5,87958,19.26,19.3,117608
2012-11-09,18.59,18.6,82035,19.57,19.6,118998
2012-11-12,17.08,17.1,79685,18.31,18.35,124771
2012-11-13,16.95,16.95,72322,18.16,18.2,129058
2012-11-14,17.84,17.85,65936,18.96,19.0,135689
2012-11-15,18.05,18.05,54027,19.11,19.15,138483
2012-11-16,16.75,16.75,46179,18.16,18.2,143011
2012-11-19,15.25,15.25,44360,16.58,16.6,157693
2012-11-20,15.15,15.15,,16.38,16.4,166900
2012-11-21,16.44,16.45,165358,18.32,18.35,76952
2012-11-23,16.1,16.1,163278,17.87,17.9,78620
2012-11-26,15.6,15.6,156648,17.41,17.45,79276
2012-11-27,16.15,16.15,150514,17.77,17.8,79440
2012-11-28,15.48,15.5,145411,17.27,17.3,79747
2012-11-29,15.24,15.25,142756,16.97,17.0,83137
2012-11-30,15.54,15.55,141653,17.11,17.15,91130
2012-12-03,16.4,16.4,137783,17.66,17.7,96130
2012-12-04,16.49,16.5,135160,17.86,17.9,102349
2012-12-05,16.1,16.1,126678,17.32,17.35,102827
2012-12-06,16.39,16.4,122410,17.61,17.65,105283
2012-12-07,16.01,16.0,115969,17.22,17.25,111689
2012-12-10,16.0,16.0,109107,17.01,17.05,117196
2012-12-11,15.56,15.55,104408,16.46,16.5,128203
2012-12-12,16.11,16.1,93744,17.11,17.15,132893
2012-12-13,16.61,16.6,83858,17.31,17.35,141664
2012-12-14,16.86,16.85,71678,17.17,17.2,150037
2012-12-17,16.19,16.2,55112,16.46,16.5,155787
2012-12-18,15.55,15.55,36676,16.13,16.15,166514
2012-12-19,17.1,17.1,161825,17.86,17.9,57702
2012-12-20,17.51,17.5,151502,18.11,18.15,59114
2012-12-21,18.24,18.25,143263,18.51,18.55,56203
2012-12-24,18.64,18.65,135485,18.91,18.95,54004
2012-12-26,19.49,19.5,129935,19.52,19.55,55338
2012-12-27,19.09,19.1,120962,19.36,19.4,54084
2012-12-28,22.35,22.35,116709,21.92,21.95,57735
2012-12-31,17.68,17.7,115156,18.47,18.5,61543
2013-01-02,15.6,15.6,120663,16.72,16.75,69517
2013-01-03,15.9,15.9,118689,16.92,16.95,80088
2013-01-04,15.3,15.3,118634,16.67,16.7,87659
2013-01-07,14.75,14.75,116181,16.42,16.45,97299
2013-01-08,14.65,14.65,113215,16.43,16.45,115920
2013-01-09,14.7,14.7,106641,16.37,16.4,130523
2013-01-10,14.2,14.2,98057,16.08,16.1,144218
2013-01-11,14.14,14.15,84438,15.98,16.0,159755
2013-01-14,14.09,14.1,74165,15.94,15.95,175547
2013-01-15,14.2,14.2,,15.76,15.8,188450
2013-01-16,15.5,15.5,196184,17.07,17.1,78428
2013-01-17,15.69,15.7,190685,16.98,17.0,80088
2013-01-18,14.65,14.65,191809,16.28,16.3,84653
2013-01-22,14.05,14.05,186849,15.37,15.4,84566
2013-01-23,13.69,13.7,182858,15.03,15.05,85661
2013-01-24,13.94,13.95,170558,15.08,15.1,90363
2013-01-25,14.09,14.1,161989,15.13,15.15,95814
2013-01-28,14.59,14.6,153599,15.32,15.35,102995
2013-01-29,14.04,14.05,150108,14.92,14.95,109990
2013-01-30,15.15,15.15,137623,15.76,15.8,112735
2013-01-31,14.9,14.9,130047,15.71,15.75,115973
2013-02-01,14.29,14.3,126159,15.38,15.4,130799
2013-02-04,15.29,15.3,116486,15.86,15.9,137918
2013-02-05,14.39,14.4,109877,15.57,15.6,139343
2013-02-06,14.15,14.15,103400,15.33,15.35,144638
2013-02-07,14.09,14.1,92841,15.31,15.35,152093
2013-02-08,13.8,13.8,81753,15.01,15.05,168187
2013-02-11,13.5,13.5,65052,14.93,14.95,180804
2013-02-12,13.0,13.0,,14.78,14.8,203499
2013-02-13,14.75,14.75,203230,15.82,15.85,68510
2013-02-14,14.55,14.55,206290,15.72,15.75,70436
2013-02-15,14.5,14.5,208352,15.62,15.65,71900
2013-02-19,13.89,13.9,209152,14.92,14.95,75702
2013-02-20,15.39,15.4,200474,15.97,16.0,78142
2013-02-21,15.5,15.5,192522,16.11,16.15,79152
2013-02-22,14.84,14.85,186987,15.66,15.7,77958
2013-02-25,17.65,17.65,189144,17.47,17.5,84803
2013-02-26,17.06,17.05,172005,17.32,17.35,79924
2013-02-27,15.43,15.4,164266,16.08,16.1,85414
2013-02-28,16.14,16.15,157816,16.67,16.7,88292
2013-03-01,16.39,16.4,152535,16.91,16.95,92397
2013-03-04,14.99,15.0,148902,15.82,15.85,95958
2013-03-05,14.54,14.55,150730,15.52,15.55,105633
2013-03-06,14.7,14.7,143479,15.52,15.55,114067
2013-03-07,14.19,14.2,138498,15.21,15.25,126066
2013-03-08,13.8,13.8,132947,15.07,15.1,132452
2013-03-11,13.0,13.0,130345,14.43,14.45,152119
2013-03-12,13.24,13.25,119649,14.77,14.8,149056
2013-03-13,12.94,12.95,122430,14.68,14.7,165150
2013-03-14,12.54,12.55,117464,14.58,14.6,178930
2013-03-15,12.54,12.55,99536,14.67,14.7,189514
2013-03-18,13.68,13.7,78067,15.38,15.4,199010
2013-03-19,14.79,14.8,,15.37,15.4,206960
2013-03-20,14.48,14.5,215537,15.93,15.95,76892
2013-03-21,14.94,14.95,205391,16.12,16.15,82492
2013-03-22,14.8,14.8,200869,15.96,16.0,84142
2013-03-25,14.55,14.55,192077,15.77,15.8,86096
2013-03-26,14.19,14.2,189583,15.57,15.6,89807
2013-03-27,14.4,14.4,178422,15.67,15.7,94246
2013-03-28,14.19,14.2,172452,15.56,15.6,96898
2013-04-01,14.4,14.4,163051,15.71,15.75,106010
2013-04-02,13.8,13.8,158529,15.22,15.25,119188
2013-04-03,14.64,14.65,144520,15.72,15.75,127095
2013-04-04,14.25,14.25,136723,15.51,15.55,134217
2013-04-05,14.34,14.35,127712,15.47,15.5,146247
2013-04-08,13.65,13.65,119709,15.06,15.1,156669
2013-04-09,13.6,13.6,107429,15.02,15.05,170140
2013-04-10,13.11,13.1,97207,14.48,14.5,186079
2013-04-11,13.15,13.15,89313,14.47,14.5,191877
2013-04-12,12.75,12.75,89780,14.11,14.15,197444
2013-04-15,16.7,16.7,66346,16.64,16.65,211044
2013-04-16,13.95,13.95,,14.75,14.75,216628
2013-04-17,16.44,16.45,207535,16.71,16.75,65952
2013-04-18,17.19,17.2,195757,17.46,17.5,66115
2013-04-19,15.94,15.95,184271,16.77,16.8,66041
2013-04-22,15.3,15.3,178888,16.07,16.1,70112
2013-04-23,14.55,14.55,176287,15.37,15.4,72690
2013-04-24,14.65,14.65,176113,15.37,15.4,75261
2013-04-25,14.8,14.8,176113,15.47,15.5,75261
2013-04-26,14.75,14.8,168701,15.6,15.6,79709
2013-04-29,14.75,14.75,163159,15.53,15.55,83265
2013-04-30,14.42,14.45,160318,15.37,15.4,87411
2013-05-01,15.12,15.15,154144,15.92,15.95,89615
2013-05-02,14.53,14.55,151898,15.48,15.5,90021
2013-05-03,14.25,14.25,151682,15.22,15.25,98298
2013-05-06,13.88,13.9,146787,14.93,14.95,106247
2013-05-07,13.84,13.85,144056,14.87,14.9,111673
2013-05-08,13.98,14.0,136086,15.08,15.1,117065
2013-05-09,14.19,14.2,131185,15.32,15.35,122080
2013-05-10,13.84,13.85,122447,15.08,15.1,132681
2013-05-13,13.63,13.65,117467,15.08,15.1,142919
2013-05-14,13.54,13.55,106512,15.03,15.05,152292
2013-05-15,13.68,13.7,96441,15.13,15.15,162746
2013-05-16,13.93,13.95,88175,15.33,15.35,172563
2013-05-17,13.16,13.2,80771,15.07,15.1,186308
2013-05-20,13.28,13.3,54780,15.08,15.1,197724
2013-05-21,13.52,13.55,,15.37,15.4,210517
2013-05-22,15.27,15.3,210131,16.39,16.4,69325
2013-05-23,15.47,15.5,205832,16.53,16.55,68897
2013-05-24,15.48,15.5,195777,16.47,16.5,70912
2013-05-28,15.18,15.2,189512,16.32,16.35,71151
2013-05-29,15.37,15.4,180523,16.39,16.4,74997
2013-05-30,15.39,15.4,170117,16.52,16.55,78421
2013-05-31,16.03,16.05,165419,17.11,17.15,85427
2013-06-03,15.98,16.0,152363,16.98,17.0,87024
2013-06-04,16.09,16.1,143741,17.07,17.1,89264
2013-06-05,17.05,17.05,137348,17.66,17.7,93783
2013-06-06,16.53,16.55,127068,17.23,17.25,94894
2013-06-07,15.78,15.8,114217,16.88,16.9,101319
2013-06-10,15.59,15.6,104647,16.68,16.7,107283
2013-06-11,16.89,16.9,112020,17.56,17.6,118369
2013-06-12,18.23,18.25,90738,18.53,18.55,116255
2013-06-13,16.78,16.8,73825,17.69,17.7,116368
2013-06-14,17.52,17.55,57744,18.28,18.3,123321
2013-06-17,16.92,16.95,45844,17.78,17.8,137977
2013-06-18,16.76,16.8,39087,17.63,17.65,150805
2013-06-19,17.54,17.55,147976,18.33,18.35,64771
2013-06-20,19.59,19.65,142930,19.43,19.45,66418
2013-06-21,18.98,19.0,131106,19.38,19.4,64196
2013-06-24,20.12,20.15,116020,20.28,20.3,61606
2013-06-25,19.42,19.45,108214,19.93,19.95,62450
2013-06-26,18.83,18.85,108492,19.58,19.6,62406
2013-06-27,18.16,18.2,109558,19.03,19.05,64005
2013-06-28,18.03,18.05,106455,18.89,18.9,64995
2013-07-01,17.65,17.65,104254,18.45,18.45,71748
2013-07-02,17.58,17.6,99253,18.43,18.45,73402
2013-07-03,17.21,17.25,95470,18.33,18.35,77815
2013-07-05,15.9,15.95,94781,17.42,17.45,88256
2013-07-08,15.34,15.35,91998,16.73,16.75,98186
2013-07-09,15.08,15.1,89195,16.64,16.65,113369
2013-07-10,14.81,14.85,73263,16.32,16.35,121355
2013-07-11,14.46,14.5,63046,16.04,16.05,136526
2013-07-12,14.63,14.65,52690,16.17,16.2,145742
2013-07-15,14.02,14.05,44501,15.73,15.75,161326
2013-07-16,14.21,14.25,32264,16.15,16.2,168824
2013-07-17,15.55,15.6,176323,16.93,16.95,58281
2013-07-18,15.42,15.45,176847,16.88,16.9,59022
2013-07-19,14.86,14.9,179213,16.48,16.5,61704
2013-07-22,14.67,14.7,179156,16.18,16.2,65310
2013-07-23,14.62,14.65,180210,16.12,16.15,66869
2013-07-24,14.76,14.8,175631,16.17,16.2,69635
2013-07-25,14.47,14.5,172622,15.87,15.9,72873
2013-07-26,14.42,14.45,166234,15.83,15.85,75657
2013-07-29,14.63,14.65,160935,15.93,15.95,78749
2013-07-30,14.27,14.3,156208,15.68,15.7,82495
2013-07-31,13.87,13.9,153364,15.38,15.4,87458
2013-08-01,13.57,13.6,151985,15.02,15.05,98034
2013-08-02,13.13,13.15,154196,14.62,14.65,105404
2013-08-05,13.03,13.05,145508,14.43,14.45,117194
2013-08-06,13.37,13.4,136686,14.82,14.85,126721
2013-08-07,13.53,13.55,129361,15.03,15.05,129421
2013-08-08,13.22,13.25,125653,14.81,14.85,137213
2013-08-09,13.52,13.55,120505,15.17,15.2,145652
2013-08-12,13.32,13.35,119230,14.96,15.0,154368
2013-08-13,13.09,13.1,117676,14.88,14.9,163834
2013-08-14,13.33,13.35,110171,15.13,15.15,165090
2013-08-15,14.23,14.25,100932,15.71,15.75,172264
2013-08-16,14.44,14.45,82366,15.57,15.6,187354
2013-08-19,15.03,15.05,66535,15.93,15.95,196043
2013-08-20,14.98,15.0,57969,15.64,15.65,207263
2013-08-21,16.08,16.1,201057,16.93,16.95,66078
2013-08-22,15.43,15.45,191423,16.38,16.4,68171
2013-08-23,15.18,15.2,188742,16.21,16.25,68677
2013-08-26,15.84,15.85,180904,16.67,16.7,70661
2013-08-27,17.2,17.2,175671,17.85,17.9,79237
2013-08-28,17.34,17.35,161756,17.93,17.95,77493
2013-08-29,17.32,17.35,156274,17.92,17.95,75731
2013-08-30,17.47,17.5,156274,18.12,18.15,75787
2013-09-03,16.82,16.85,156274,17.62,17.65,76630
2013-09-04,16.69,16.7,156274,17.53,17.55,82813
2013-09-05,16.37,16.4,156274,17.37,17.4,90386
2013-09-06,16.49,16.5,156274,17.48,17.5,96026
2013-09-09,15.78,15.8,156274,16.77,16.8,105871
2013-09-10,15.13,15.15,156274,16.32,16.35,120754
2013-09-11,14.53,14.55,156274,15.72,15.75,134394
2013-09-12,14.78,14.8,156274,15.77,15.8,143669
2013-09-13,14.77,14.8,156274,15.76,15.8,157785
2013-09-16,14.68,14.7,156274,15.53,15.55,166862
2013-09-17,14.61,14.65,156274,15.43,15.45,180340
2013-09-18,14.69,14.7,181844,15.91,15.9,69890
2013-09-19,14.73,14.75,179223,15.87,15.9,74034
2013-09-20,14.95,15.0,171703,16.1,16.15,75780
2013-09-23,15.32,15.35,165006,16.38,16.4,76893
2013-09-24,15.03,15.05,163984,16.23,16.25,76766
2013-09-25,15.02,15.05,158479,16.18,16.2,79791
2013-09-26,14.78,14.8,153345,15.92,15.95,83351
2013-09-27,15.48,15.5,141192,16.33,16.35,85171
2013-09-30,16.18,16.2,129252,16.88,16.9,85647
2013-10-01,15.42,15.45,125895,16.21,16.25,89434
2013-10-02,16.36,16.35,119350,16.88,16.9,96831
2013-10-03,17.23,17.25,118299,17.43,17.45,103400
2013-10-04,16.77,16.8,105837,16.99,17.0,108675
2013-10-07,18.48,18.5,101788,18.34,18.35,118163
2013-10-08,19.38,19.4,93448,19.08,19.1,130713
2013-10-09,18.84,18.85,79230,18.7,18.7,141838
2013-10-10,16.38,16.4,65410,16.85,16.85,140939
2013-10-11,15.68,15.7,48620,16.38,16.4,141428
2013-10-14,15.87,15.9,38217,16.62,16.65,150688
2013-10-15,18.17,18.2,32339,17.27,17.3,164094
2013-10-16,15.55,15.55,166165,16.53,16.55,73032
2013-10-17,14.52,14.55,172803,15.57,15.6,75932
2013-10-18,14.33,14.35,164228,15.24,15.25,78683
2013-10-21,14.58,14.6,159630,15.48,15.5,77234
2013-10-22,14.59,14.6,161293,15.52,15.55,81867
2013-10-23,14.67,14.7,157349,15.53,15.55,83318
2013-10-24,14.45,14.45,157337,15.43,15.45,83362
2013-10-25,14.47,14.5,157997,15.48,15.5,85347
2013-10-28,14.55,14.55,157288,15.55,15.5,86528
2013-10-29,14.43,14.45,154543,15.49,15.5,88138
2013-10-30,14.54,14.55,157288,15.54,15.55,86528
2013-10-31,14.5,14.5,150694,15.5,15.5,92130
2013-11-01,14.44,14.45,150694,15.58,15.6,92130
2013-11-04,13.91,13.95,142330,15.1,15.1,93944
2013-11-05,14.0,14.0,141463,15.15,15.2,101477
2013-11-06,13.65,13.7,145812,14.9,14.95,105810
2013-11-07,14.25,14.25,136707,15.35,15.4,112128
2013-11-08,13.58,13.6,131754,14.82,14.85,117015
2013-11-11,13.25,13.3,131754,14.7,14.75,117015
2013-11-12,13.35,13.35,122688,14.77,14.8,129387
2013-11-13,13.15,13.25,116967,14.6,14.65,135988
2013-11-14,13.05,13.05,110200,14.6,14.6,147244
2013-11-15,12.93,12.95,99274,14.32,14.35,158618
2013-11-18,13.3,13.3,81297,14.25,14.3,174736
2013-11-19,13.55,13.6,58253,14.45,14.5,187601
2013-11-20,14.15,14.15,196252,16.0,16.0,63150
2013-11-21,13.69,13.7,204301,15.47,15.5,74814
2013-11-22,13.58,13.6,196252,15.18,15.2,63150
2013-11-25,13.63,13.65,198556,15.03,15.05,78587
2013-11-26,13.7,13.75,198108,15.0,15.0,82432
2013-11-27,13.85,13.85,191613,15.1,15.1,83315
2013-11-29,13.93,13.95,181407,15.13,15.15,86037
2013-12-02,14.25,14.3,174795,15.19,15.2,86988
2013-12-03,14.63,14.65,166742,15.5,15.5,91828
2013-12-04,14.25,14.25,146675,15.4,15.4,89868
2013-12-05,14.55,14.55,145965,15.45,15.5,88849
2013-12-06,13.95,13.95,138592,15.0,15.0,96558
2013-12-09,13.75,13.75,126935,14.8,14.8,100464
2013-12-10,13.9,13.95,120085,14.9,14.9,107982
2013-12-11,14.9,14.9,114502,15.45,15.45,111863
2013-12-12,15.4,15.4,97486,15.5,15.5,124765
2013-12-13,15.45,15.5,73029,15.5,15.5,136021
2013-12-16,15.9,15.9,59757,15.75,15.75,136859
2013-12-17,16.25,16.25,59757,15.55,15.55,136859
2013-12-18,14.55,14.5,154111,15.6,15.55,78395
2013-12-19,14.45,14.45,154111,15.6,15.6,78395
2013-12-20,14.4,14.45,155301,15.4,15.45,83017
2013-12-23,13.85,13.9,147617,15.0,15.0,80086
2013-12-24,13.39,13.4,148997,14.58,14.6,79029
2013-12-26,13.35,13.4,152543,14.45,14.5,79338
2013-12-27,13.7,13.7,152039,14.65,14.65,83167
2013-12-30,13.9,13.9,152039,14.8,14.85,83167
2013-12-31,13.91,13.95,138777,14.73,14.75,84669
2014-01-02,14.2,14.2,135108,15.0,15.05,87842
2014-01-03,14.0,14.05,131846,14.9,14.9,90877
2014-01-06,13.85,13.9,128313,14.7,14.75,91597
2014-01-07,13.65,13.65,128313,14.45,14.45,91597
2014-01-08,13.69,13.7,115941,14.43,14.45,103942
2014-01-09,13.63,13.65,109415,14.53,14.55,108102
2014-01-10,13.25,13.25,104073,14.25,14.3,117053
2014-01-13,13.75,13.8,100608,14.5,14.55,125105
2014-01-14,13.05,13.1,97563,14.1,14.1,136274
2014-01-15,13.12,13.15,91193,14.1,14.15,147976
2014-01-16,13.45,13.45,83601,14.3,14.3,155325
2014-01-17,13.4,13.45,91193,14.2,14.25,147976
2014-01-21,13.25,13.25,,14.1,14.1,164759
2014-01-22,13.8,13.85,190512,14.75,14.8,71411
2014-01-23,14.15,14.2,188331,14.95,14.95,75770
2014-01-24,16.15,16.2,181395,16.15,16.2,82942
2014-01-27,16.1,16.1,185547,16.25,16.25,82374
2014-01-28,15.15,15.2,174179,15.54,15.55,78223
2014-01-29,16.4,16.4,163811,16.4,16.45,80379
2014-01-30,16.65,16.65,166260,16.6,16.6,81028
2014-01-31,17.6,17.6,159303,17.35,17.35,87962
2014-02-03,19.2,19.2,153563,18.6,18.6,95401
2014-02-04,18.65,18.65,147058,18.35,18.35,102188
2014-02-05,19.15,19.15,147058,18.7,18.75,102188
2014-02-06,16.95,17.0,125893,16.95,17.0,114451
2014-02-07,15.45,15.5,125893,15.9,15.9,114451
2014-02-10,15.61,15.65,112750,15.84,15.85,123633
2014-02-11,15.0,15.05,105476,15.3,15.3,127398
2014-02-12,14.5,14.55,91202,15.0,15.0,134014
2014-02-13,14.55,14.6,84370,14.9,14.95,139170
2014-02-14,14.2,14.2,84370,14.65,14.7,139170
2014-02-18,14.22,14.25,84370,14.44,14.45,165489
2014-02-19,,14.25,84370,15.35,15.4,186411
2014-02-20,14.9,14.95,177340,15.4,15.4,60755
2014-02-21,15.15,15.15,175724,15.4,15.45,62576
2014-02-24,14.95,15.0,169306,15.4,15.4,64526
2014-02-25,14.85,14.9,168519,15.25,15.3,66575
2014-02-26,15.3,15.3,165857,15.65,15.65,67638
2014-02-27,15.1,15.1,163844,15.5,15.55,71488
2014-02-28,15.2,15.25,156190,15.67,15.7,76265
2014-03-03,16.55,16.6,156190,16.65,16.65,76265
2014-03-04,15.05,15.1,141291,15.6,15.6,78766
2014-03-05,15.15,15.15,139347,15.55,15.6,82982
2014-03-06,15.0,15.05,129341,15.55,15.55,88366
2014-03-07,15.45,15.5,126093,15.81,15.85,90239
2014-03-10,15.3,15.3,118904,15.85,15.9,96980
2014-03-11,15.5,15.55,107920,16.1,16.1,104590
2014-03-12,15.25,15.3,98751,15.95,15.95,109636
2014-03-13,16.6,16.6,87339,16.6,16.6,120130
2014-03-14,17.7,17.7,68396,17.1,17.1,125272
2014-03-17,16.15,16.15,68396,16.1,16.15,135080
2014-03-18,,16.15,68396,15.55,15.6,135080
2014-03-19,15.95,16.0,144912,16.45,16.5,61920
2014-03-20,15.75,15.75,146311,16.2,16.2,65673
2014-03-21,15.95,16.0,146311,16.4,16.45,65673
2014-03-24,15.9,15.95,145600,16.4,16.45,67807
2014-03-25,15.65,15.7,139775,16.25,16.25,69172
2014-03-26,16.05,16.05,,16.62,16.65,
2014-03-27,15.7,15.75,,16.4,16.4,
2014-03-28,15.55,15.6,134003,16.2,16.25,78836
2014-03-31,15.15,15.15,126876,15.85,15.85,81286
2014-04-01,14.45,14.5,130337,15.4,15.45,88659
2014-04-02,14.58,14.6,132592,15.52,15.55,96740
2014-04-03,14.45,14.45,131183,15.35,15.4,104112
2014-04-04,14.85,14.85,128261,15.7,15.75,105481
2014-04-07,15.5,15.5,126471,15.95,16.0,109290
2014-04-08,15.15,15.15,114179,15.7,15.75,110285
2014-04-09,14.5,14.5,102881,15.45,15.45,115967
2014-04-10,15.85,15.85,95105,16.2,16.25,128529
2014-04-11,16.85,16.85,83291,16.6,16.65,130839
2014-04-14,16.2,16.2,63025,16.6,16.65,141793
2014-04-15,15.65,15.6,63025,16.4,16.45,141793
2014-04-16,,15.6,63025,15.85,15.9,159762
2014-04-17,15.6,15.6,158536,16.1,16.1,67387
2014-04-21,15.4,15.4,156531,16.0,16.05,67633
2014-04-22,15.2,15.25,156531,15.8,15.85,67633
2014-04-23,15.35,15.4,162123,15.8,15.8,73716
2014-04-24,15.5,15.5,158082,16.05,16.05,74791
2014-04-25,15.6,15.6,153503,16.15,16.2,75779
2014-04-28,15.2,15.2,151039,15.85,15.9,79321
2014-04-29,15.0,15.0,145350,15.68,15.7,82745
2014-04-30,15.0,15.0,145255,15.7,15.75,88527
2014-05-01,14.9,14.9,141031,15.7,15.75,91444
2014-05-02,14.9,14.9,139582,15.8,15.85,97375
2014-05-05,14.6,14.6,139026,15.55,15.6,105981
2014-05-06,14.73,14.75,140257,15.8,15.8,111553
2014-05-07,14.4,14.4,135325,15.4,15.45,117289
2014-05-08,14.44,14.45,135325,15.42,15.45,117289
2014-05-09,14.05,14.05,130267,15.2,15.2,126814
2014-05-12,13.5,13.5,127111,14.8,14.8,132633
2014-05-13,13.5,13.5,124450,14.8,14.85,146070
2014-05-14,13.2,13.25,117827,14.7,14.75,152055
2014-05-15,13.7,13.7,110930,14.9,14.9,160749
2014-05-16,13.25,13.25,110930,14.65,14.65,160749
2014-05-19,13.0,13.0,79013,14.35,14.35,183586
2014-05-20,13.05,13.05,79013,14.35,14.4,193330
2014-05-21,,13.05,79013,14.1,14.1,205816
2014-05-22,14.04,14.05,210556,15.05,15.1,66215
2014-05-23,13.85,13.9,211130,15.0,15.05,70919
2014-05-27,13.45,13.45,208390,14.61,14.65,75778
2014-05-28,13.45,13.45,208810,14.7,14.75,81399
2014-05-29,13.25,13.3,210115,14.65,14.7,86951
2014-05-30,13.35,13.3,210566,14.75,14.8,94184
2014-06-02,13.2,13.2,210566,14.7,14.75,94184
2014-06-03,13.3,13.3,204882,14.71,14.75,101779
2014-06-04,13.15,13.2,195440,14.5,14.55,119810
2014-06-05,12.65,12.65,191878,14.0,14.05,125443
2014-06-06,12.0,12.0,188962,13.25,13.3,141710
2014-06-09,12.2,12.2,177381,13.45,13.45,143148
2014-06-10,12.05,12.05,160810,13.25,13.25,146434
2014-06-11,12.45,12.5,153798,13.48,13.5,152607
2014-06-12,13.2,13.2,153798,14.12,14.15,152607
2014-06-13,12.9,12.95,138403,13.8,13.8,161881
2014-06-16,13.0,13.05,95096,13.75,13.8,194368
2014-06-17,12.35,12.35,95096,13.44,13.45,203144
2014-06-18,,12.35,95096,12.65,12.7,210842
2014-06-19,12.79,12.8,216180,13.77,13.8,57882
2014-06-20,12.9,12.9,211586,13.9,13.9,61977
2014-06-23,12.55,12.6,208365,13.65,13.7,66575
2014-06-24,13.05,13.1,202126,13.9,13.95,70990
2014-06-25,12.62,12.65,194365,13.55,13.6,76312
2014-06-26,12.75,12.75,194365,13.55,13.6,76312
2014-06-27,12.6,12.65,182934,13.45,13.5,92351
2014-06-30,12.45,12.45,174872,13.3,13.35,94882
2014-07-01,12.1,12.1,170229,13.0,13.05,103937
2014-07-02,11.95,11.95,166505,12.87,12.9,110641
2014-07-03,11.78,11.8,159109,12.77,12.8,116605
2014-07-07,12.1,12.15,157352,13.05,13.05,123014
2014-07-08,12.35,12.4,147940,13.1,13.1,127666
2014-07-09,12.25,12.25,147940,12.83,12.85,127666
2014-07-10,13.0,13.0,116155,13.35,13.35,148912
2014-07-11,12.65,12.65,116155,13.2,13.2,148912
2014-07-14,12.05,12.05,75937,12.7,12.75,160567
2014-07-15,12.2,12.2,75937,12.95,13.0,169287
2014-07-16,,12.2,75937,12.7,12.7,169287
2014-07-17,13.7,13.7,181456,14.2,14.25,75539
2014-07-18,13.0,13.0,176272,13.66,13.7,78033
2014-07-21,13.4,13.4,176272,13.91,13.95,78033
2014-07-22,13.0,13.0,158526,13.65,13.7,80570
2014-07-23,13.05,13.05,158526,13.85,13.85,80570
2014-07-24,13.17,13.2,156833,14.01,14.05,84333
2014-07-25,13.5,13.5,156261,14.25,14.3,87095
2014-07-28,13.35,13.35,153336,14.1,14.15,89016
2014-07-29,13.45,13.45,148133,14.15,14.2,92959
2014-07-30,13.55,13.55,143402,14.3,14.3,95776
2014-07-31,15.2,15.2,140863,15.5,15.5,100126
2014-08-01,16.05,16.05,140863,16.1,16.1,100126
2014-08-04,14.95,14.95,124788,15.3,15.35,111508
2014-08-05,16.15,16.15,117770,16.2,16.2,110852
2014-08-06,16.15,16.2,106940,16.25,16.3,113412
2014-08-07,16.65,16.65,100250,16.6,16.65,115967
2014-08-08,15.97,16.0,93459,16.1,16.15,119770
2014-08-11,14.75,14.8,82003,15.28,15.3,120816
2014-08-12,14.65,14.65,77607,15.15,15.15,125646
2014-08-13,13.55,13.55,72495,14.35,14.4,131790
2014-08-14,12.92,12.95,66117,13.85,13.9,141719
2014-08-15,13.2,13.25,65722,13.92,13.9,153402
2014-08-18,12.55,12.55,57393,13.35,13.4,154659
2014-08-19,12.2,12.2,57393,13.45,13.5,168858
2014-08-20,,12.2,57393,13.5,13.5,168858
2014-08-21,13.38,13.4,169616,14.13,14.15,59987
2014-08-22,13.45,13.5,172204,14.25,14.25,62107
2014-08-25,13.35,13.35,175555,14.1,14.15,64465
2014-08-26,13.45,13.45,178516,14.3,14.35,68642
2014-08-27,13.53,13.55,179801,14.4,14.45,75201
2014-08-28,13.6,13.6,177057,14.4,14.45,78467
2014-08-29,13.8,13.8,172454,14.5,14.55,82306
2014-09-02,13.75,13.75,166881,14.65,14.65,86426
2014-09-03,13.5,13.5,162319,14.45,14.5,89271
2014-09-04,13.55,13.55,158444,14.4,14.45,95209
2014-09-05,13.2,13.2,152727,14.15,14.2,104697
2014-09-08,13.32,13.35,149216,14.24,14.25,112101
2014-09-09,13.85,13.85,141223,14.5,14.55,122029
2014-09-10,13.7,13.7,126650,14.45,14.5,132319
2014-09-11,13.55,13.55,111784,14.45,14.5,139076
2014-09-12,14.05,14.05,99290,14.75,14.8,143436
2014-09-15,14.4,14.4,80604,15.15,15.2,160692
2014-09-16,13.0,13.05,80604,14.35,14.4,164229
2014-09-17,,13.05,80604,14.25,14.25,174727
2014-09-18,14.05,14.05,182341,14.75,14.8,59168
2014-09-19,14.1,14.15,187574,14.85,14.95,62931
2014-09-22,14.9,14.9,181871,15.4,15.45,65453
2014-09-23,15.35,15.4,182087,15.85,15.9,68755
2014-09-24,14.6,14.65,172625,15.3,15.35,69737
2014-09-25,15.75,15.8,166507,16.05,16.1,70998
2014-09-26,15.3,15.35,154293,15.85,15.85,73196
2014-09-29,16.25,16.25,143510,16.5,16.55,73423
2014-09-30,16.3,16.3,143510,16.6,16.65,73423
2014-10-01,16.85,16.9,128071,17.0,17.05,77099
2014-10-02,16.5,16.55,126636,16.75,16.8,82854
2014-10-03,15.15,15.2,119083,15.75,15.8,89851
2014-10-06,15.72,15.75,119083,16.18,16.2,89851
2014-10-07,17.1,17.1,114093,17.2,17.2,90816
2014-10-08,15.25,15.25,104350,15.65,15.7,92148
2014-10-09,17.15,17.2,95527,16.99,17.0,103592
2014-10-10,19.8,19.8,94114,18.6,18.65,116372
2014-10-13,22.75,22.75,94114,20.85,20.85,116372
2014-10-14,20.9,20.9,89137,19.7,19.75,130756
2014-10-15,23.93,23.95,89137,22.1,22.1,130756
2014-10-16,22.27,22.3,86596,21.05,21.05,147352
2014-10-17,21.0,21.0,82718,19.9,19.95,159158
2014-10-20,18.5,18.5,68536,18.3,18.3,165411
2014-10-21,16.35,16.35,68536,16.9,16.95,175809
2014-10-22,,16.35,68536,18.05,18.1,182207
2014-10-23,17.25,17.3,172961,17.25,17.3,53793
2014-10-24,16.95,16.95,180105,17.05,17.05,58777
2014-10-27,16.95,16.95,156702,16.8,16.85,56801
2014-10-28,15.65,15.7,149465,15.9,15.9,59741
2014-10-29,16.25,16.3,149465,16.3,16.3,59741
2014-10-30,16.1,16.15,152438,16.3,16.3,69714
2014-10-31,15.75,15.8,152438,16.05,16.05,69714
2014-11-03,15.95,15.95,143521,16.25,16.25,80643
2014-11-04,15.85,15.85,139748,16.2,16.25,85941
2014-11-05,15.27,15.3,131347,15.9,15.9,88328
2014-11-06,14.85,14.9,130949,15.45,15.45,97680
2014-11-07,14.8,14.8,130949,15.5,15.5,97680
2014-11-10,14.0,14.0,128783,14.9,14.95,106112
2014-11-11,14.1,14.1,120069,14.85,14.85,125116
2014-11-12,14.4,14.4,106401,15.2,15.2,135149
2014-11-13,14.7,14.7,94486,15.5,15.55,143306
2014-11-14,14.3,14.35,94486,15.3,15.3,143306
2014-11-17,14.35,14.35,70226,15.3,15.35,157350
2014-11-18,14.0,14.0,70226,15.25,15.3,170539
2014-11-19,13.95,14.55,70226,15.5,15.5,177644
2014-11-20,15.15,15.15,168790,16.0,16.05,58956
2014-11-21,14.9,14.95,165424,16.05,16.05,61825
2014-11-24,14.55,14.55,163726,15.8,15.85,66062
2014-11-25,14.45,14.45,165432,15.75,15.8,72403
2014-11-26,14.2,14.2,165286,15.6,15.65,79008
2014-11-28,14.84,14.85,162837,15.95,15.95,86680
2014-12-01,15.6,15.6,148069,16.6,16.65,90172
2014-12-02,14.21,14.25,139787,15.54,15.55,92708
2014-12-03,14.24,14.25,139608,15.62,15.65,102982
2014-12-04,13.95,13.95,139608,15.45,15.45,102982
2014-12-05,13.55,13.6,129544,15.31,15.35,112012
2014-12-08,14.7,14.7,125035,16.11,16.15,118334
2014-12-09,14.95,14.9,116032,16.1,16.15,119490
2014-12-10,17.4,17.4,100028,17.7,17.75,120479
2014-12-11,19.1,19.1,85947,19.15,19.15,124177
2014-12-12,19.6,19.6,72574,19.15,19.15,147077
2014-12-15,19.6,19.6,62055,18.74,18.75,155288
2014-12-16,23.1,23.1,62055,20.05,20.1,148728
2014-12-17,,23.1,62055,17.6,17.65,138806
2014-12-18,17.18,17.2,140739,17.55,17.6,55671
2014-12-19,16.55,16.55,143066,17.2,17.15,55152
2014-12-22,16.4,16.425,143557,17.03,17.025,57634
2014-12-23,15.95,15.925,139810,16.75,16.725,61138
2014-12-24,16.225,16.225,139810,16.905,16.925,61138
2014-12-26,15.85,15.825,143459,16.5,16.525,70905
2014-12-29,16.1,16.075,138156,16.7,16.725,75078
2014-12-30,16.45,16.425,135537,17.0,17.025,77729
2014-12-31,17.9,18.025,127066,18.16,18.225,78640
2015-01-02,17.85,17.825,115502,18.2,18.225,80345
2015-01-05,19.11,19.125,111108,19.2,19.2,82704
2015-01-06,19.85,19.875,104506,19.66,19.675,83520
2015-01-07,18.83,18.85,104506,18.73,18.725,83520
2015-01-08,17.7,17.675,94922,17.75,17.775,89152
2015-01-09,18.65,18.625,89985,18.65,18.675,90973
2015-01-12,19.6,19.575,88680,19.4,19.375,99033
2015-01-13,20.2,20.175,83824,19.74,19.725,102447
2015-01-14,20.6,20.575,77214,19.9,19.875,105760
2015-01-15,21.5,21.475,73842,20.8,20.775,115340
2015-01-16,20.65,20.625,73842,20.15,20.125,115340
2015-01-20,20.15,20.175,61641,20.1,20.125,124942
2015-01-21,20.6,20.175,61641,18.85,18.875,138942
2015-01-22,17.85,17.875,134118,18.1,18.125,39385
2015-01-23,18.35,18.375,137420,18.53,18.525,42873
2015-01-26,17.23,17.225,135221,17.63,17.625,46238
2015-01-27,17.85,17.875,135221,18.05,18.075,46238
2015-01-28,20.5,20.475,125904,20.15,20.125,54247
2015-01-29,19.1,19.075,120076,18.89,18.875,55886
2015-01-30,21.05,21.025,112939,20.3,20.25,59534
2015-02-02,20.0,19.975,106722,19.65,19.625,65795
2015-02-03,18.85,18.875,99861,19.05,19.075,68614
2015-02-04,19.8,19.775,96204,19.83,19.825,73118
2015-02-05,18.7,18.675,89614,19.05,19.075,75837
2015-02-06,19.15,19.175,85245,19.57,19.55,85504
2015-02-09,19.65,19.625,85338,19.95,19.925,91425
2015-02-10,18.55,18.575,78607,19.1,19.15,95300
2015-02-11,18.4,18.425,74353,19.1,19.075,101804
2015-02-12,16.9,16.875,66124,18.25,18.225,109556
2015-02-13,16.45,16.5,59166,18.1,18.15,126778
2015-02-17,16.2,16.2,59166,18.25,18.25,142969
2015-02-18,16.1,16.2,59166,17.9,17.875,159021
2015-02-19,17.6,17.625,154977,18.5,18.525,47121
2015-02-20,16.9,16.925,157750,17.85,17.85,49834
2015-02-23,17.05,17.025,155774,18.0,17.975,55294
2015-02-24,16.1,16.125,155774,17.3,17.325,55294
2015-02-25,16.4,16.425,153997,17.65,17.675,59037
2015-02-26,16.0,16.025,152110,17.45,17.475,64976
2015-02-27,15.85,15.825,152110,17.4,17.375,64976
2015-03-02,15.3,15.325,143539,16.95,16.975,77795
2015-03-03,15.79,15.775,144274,17.3,17.325,90036
2015-03-04,15.75,15.725,137711,17.35,17.325,94451
2015-03-05,15.35,15.325,132165,17.05,17.075,100372
2015-03-06,16.2,16.225,128994,17.8,17.775,109923
2015-03-09,15.8,15.825,119398,17.6,17.575,114474
2015-03-10,16.95,16.925,112723,18.4,18.375,125804
2015-03-11,17.25,17.225,102442,18.55,18.525,128200
2015-03-12,15.85,15.875,87701,17.45,17.425,130336
2015-03-13,16.4,16.425,87701,17.9,17.875,130336
2015-03-16,16.15,16.125,63634,17.45,17.475,142228
2015-03-17,15.6,15.625,63634,17.4,17.375,160382
2015-03-18,16.05,15.67,63634,16.5,16.525,169524
2015-03-19,16.55,16.525,165704,17.65,17.675,51630
2015-03-20,16.15,16.175,159128,17.65,17.625,56851
2015-03-23,16.1,16.075,164407,17.65,17.625,63512
2015-03-24,15.85,15.875,164407,17.55,17.575,63512
2015-03-25,16.6,16.575,165715,18.07,18.075,68478
2015-03-26,16.5,16.475,156378,17.82,17.825,82821
2015-03-27,16.25,16.225,156378,17.7,17.725,82821
2015-03-30,15.8,15.775,146480,17.35,17.375,86247
2015-03-31,16.3,16.275,140856,17.85,17.825,90752
2015-04-01,16.05,16.025,139343,17.65,17.675,97662
2015-04-02,15.65,15.625,128710,17.45,17.475,116911
2015-04-06,15.3,15.275,128710,17.1,17.125,116911
2015-04-07,15.25,15.275,123378,17.05,17.075,125772
2015-04-08,14.8,14.825,115948,16.74,16.725,135693
2015-04-09,14.1,14.075,106325,16.15,16.175,147980
2015-04-10,13.63,13.425,95603,15.4,15.425,157497
2015-04-13,14.35,14.325,79088,16.05,16.075,172982
2015-04-14,13.55,13.575,79088,15.6,15.625,189107
2015-04-15,13.25,13.575,79088,15.3,15.325,204236
2015-04-16,15.15,15.125,195329,16.5,16.475,65697
2015-04-17,15.65,15.675,198634,16.9,16.875,71506
2015-04-20,15.15,15.175,190500,16.6,16.575,74534
2015-04-21,15.1,15.125,187959,16.55,16.525,76742
2015-04-22,14.94,14.925,186865,16.34,16.325,79173
2015-04-23,14.75,14.725,183144,16.15,16.175,81841
2015-04-24,14.65,14.625,184807,16.16,16.175,87094
2015-04-27,15.15,15.125,184396,16.45,16.475,91705
2015-04-28,14.5,14.475,178598,15.95,15.975,97655
2015-04-29,15.05,15.075,181775,16.45,16.475,102778
2015-04-30,15.5,15.525,169269,16.65,16.625,101893
2015-05-01,14.45,14.475,166745,15.95,15.975,109989
2015-05-04,14.45,14.475,164344,15.95,15.975,113409
2015-05-05,15.25,15.225,157030,16.55,16.525,118913
2015-05-06,15.7,15.675,156203,16.7,16.675,125195
2015-05-07,15.4,15.425,143084,16.5,16.475,127226
2015-05-08,14.4,14.375,135930,15.9,15.95,130885
2015-05-11,14.9,14.925,121877,16.4,16.375,138525
2015-05-12,14.65,14.625,115766,16.15,16.125,145987
2015-05-13,14.35,14.325,113834,15.9,15.925,151104
2015-05-14,13.73,13.725,113834,15.6,15.625,151104
2015-05-15,13.65,13.675,102413,15.5,15.525,172850
2015-05-18,13.25,13.275,77322,15.0,14.975,188708
2015-05-19,13.15,13.125,77322,14.9,14.875,212502
2015-05-20,13.11,13.125,77322,14.9,14.875,229260
2015-05-21,14.35,14.325,226051,15.5,15.525,63629
2015-05-22,14.45,14.425,221292,15.7,15.725,67478
2015-05-26,14.95,14.925,217864,15.96,15.975,71442
2015-05-27,14.55,14.525,219955,15.7,15.675,85798
2015-05-28,14.5,14.475,200620,15.7,15.725,79648
2015-05-29,14.65,14.625,192792,15.8,15.825,85002
2015-06-01,14.6,14.575,181802,15.76,15.775,89601
2015-06-02,14.9,14.875,180311,16.05,16.025,94314
2015-06-03,14.4,14.375,174477,15.65,15.675,98518
2015-06-04,14.95,14.975,172716,16.1,16.075,97021
2015-06-05,14.75,14.725,159893,16.0,15.975,96108
2015-06-08,15.2,15.225,153462,16.25,16.275,100737
2015-06-09,14.85,14.825,145778,16.05,16.05,105627
2015-06-10,13.9,13.875,137692,15.41,15.425,111864
2015-06-11,13.53,13.525,124272,15.13,15.125,124209
2015-06-12,14.15,14.2,113421,15.4,15.375,139009
2015-06-15,15.5,15.475,88881,16.0,16.025,153533
2015-06-16,14.9,14.925,88881,15.6,15.65,174751
2015-06-17,14.85,14.925,88881,15.65,15.625,174751
2015-06-18,14.99,14.975,184195,15.9,15.925,54731
2015-06-19,15.45,15.425,191764,16.35,16.325,63493
2015-06-22,14.55,14.525,185442,15.55,15.575,65527
2015-06-23,14.1,14.075,186841,15.25,15.275,72004
2015-06-24,14.58,14.575,186686,15.62,15.625,76237
2015-06-25,14.65,14.625,179444,15.62,15.625,81325
2015-06-26,14.55,14.525,173008,15.46,15.475,83660
2015-06-29,17.4,17.375,169032,17.42,17.425,83962
2015-06-30,17.33,17.325,164573,17.4,17.375,86138
2015-07-01,15.92,15.925,144505,16.19,16.175,82292
2015-07-02,16.9,16.925,131388,17.05,17.025,80410
2015-07-06,17.25,17.225,126872,17.4,17.375,82853
2015-07-07,16.35,16.325,123590,16.68,16.675,84556
2015-07-08,18.45,18.425,117376,18.2,18.175,81723
2015-07-09,18.84,18.825,113773,18.66,18.675,90716
2015-07-10,16.75,16.775,107277,17.15,17.175,95366
2015-07-13,14.47,14.475,93945,15.58,15.575,95377
2015-07-14,14.09,14.075,85463,15.56,15.575,107613
2015-07-15,13.96,13.975,83613,15.38,15.35,118306
2015-07-16,12.93,12.925,77100,14.48,14.475,128928
2015-07-17,12.9,12.925,74311,14.44,14.425,149783
2015-07-20,12.53,12.525,64220,14.23,14.225,156015
2015-07-21,12.4,12.375,64220,14.2,14.225,167295
2015-07-22,12.95,12.375,64220,14.2,14.175,177146
2015-07-23,14.25,14.275,176038,15.42,15.425,56468
2015-07-24,14.95,14.9,172217,15.75,15.8,57107
2015-07-27,15.78,15.775,158615,16.33,16.325,59214
2015-07-28,14.4,14.375,146808,15.5,15.475,60533
2015-07-29,14.05,14.075,148202,15.35,15.375,62069
2015-07-30,13.95,13.925,145709,15.31,15.325,66391
2015-07-31,14.0,13.975,143398,15.3,15.325,69819
2015-08-03,13.9,13.875,143973,15.1,15.125,71914
2015-08-04,14.15,14.125,140767,15.25,15.225,80536
2015-08-05,13.95,13.925,135708,15.2,15.175,84507
2015-08-06,14.5,14.475,132480,15.4,15.425,89895
2015-08-07,14.25,14.275,126810,15.2,15.225,93686
2015-08-10,13.59,13.575,120853,14.86,14.875,98162
2015-08-11,14.5,14.475,121380,15.45,15.475,112433
2015-08-12,14.3,14.325,109271,15.25,15.275,115175
2015-08-13,14.15,14.175,93511,15.05,15.075,124849
2015-08-14,14.29,14.275,82320,15.1,15.125,135400
2015-08-17,13.85,13.825,62283,15.0,15.025,153056
2015-08-18,14.3,14.275,62283,15.2,15.175,163218
2015-08-19,14.45,14.275,62283,15.7,15.725,167876
2015-08-20,17.3,17.325,167876,17.35,17.325,50668
2015-08-21,19.9,19.9,171798,18.65,18.625,61274
2015-08-24,25.15,25.125,171798,22.5,22.5,61274
2015-08-25,25.35,25.325,162256,22.6,22.55,65225
2015-08-26,23.7,23.725,143843,21.5,21.475,70731
2015-08-27,24.2,24.175,135600,21.5,21.55,73959
2015-08-28,24.4,24.425,133947,21.85,21.875,78100
2015-08-31,26.45,26.425,129256,23.45,23.425,85492
2015-09-01,29.7,29.725,125867,25.85,25.825,93830
2015-09-02,25.95,25.975,120540,23.85,23.875,100481
2015-09-03,25.65,25.625,109770,23.9,23.875,110283
2015-09-04,27.95,28.025,103036,25.8,25.775,117945
2015-09-08,24.6,24.625,96248,23.6,23.575,123010
2015-09-09,25.85,25.825,85614,24.2,24.225,126001
2015-09-10,24.65,24.7,77042,23.4,23.375,133086
2015-09-11,23.75,23.8,77042,22.95,22.925,133086
2015-09-14,23.7,23.725,56286,22.9,22.875,153919
2015-09-15,22.45,22.575,56286,20.45,20.425,167357
2015-09-16,22.4,22.575,56286,19.0,18.975,188306
2015-09-17,20.4,20.425,199565,20.1,20.075,35533
2015-09-18,21.5,21.525,186676,20.95,20.975,39748
2015-09-21,19.68,19.675,176792,19.82,19.825,44132
2015-09-22,21.75,21.775,172588,21.14,21.125,49604
2015-09-23,21.1,21.125,159017,20.7,20.675,53256
2015-09-24,21.9,21.875,151502,21.19,21.175,57466
2015-09-25,22.35,22.325,140368,21.65,21.675,62477
2015-09-28,24.05,24.075,132395,22.73,22.725,67374
2015-09-29,23.85,23.875,129269,22.7,22.675,73487
2015-09-30,23.05,23.025,123687,22.15,22.125,76858
2015-10-01,22.2,22.225,116506,21.4,21.425,81193
2015-10-02,21.05,21.075,111999,20.5,20.475,89010
2015-10-05,19.9,19.875,109418,19.5,19.475,97175
2015-10-06,20.3,20.325,111518,19.95,19.925,105477
2015-10-07,19.45,19.475,110849,19.2,19.175,108770
2015-10-08,18.45,18.425,104416,18.55,18.525,116467
2015-10-09,18.15,18.175,99710,18.4,18.375,124444
2015-10-12,16.7,16.725,95354,17.2,17.175,130807
2015-10-13,18.25,18.275,76150,18.65,18.675,141804
2015-10-14,18.3,18.325,76150,18.75,18.725,141804
2015-10-15,16.55,16.575,68437,17.15,17.175,143397
2015-10-16,16.1,16.1,63999,17.1,17.075,162729
2015-10-19,15.25,15.275,52988,16.0,15.95,169472
2015-10-20,16.1,16.075,52988,17.0,17.025,187874
2015-10-21,15.5,14.91,52988,18.2,18.225,176031
2015-10-22,16.05,16.025,167085,16.81,16.825,53994
2015-10-23,16.65,16.6,174799,17.25,17.225,61038
2015-10-26,16.9,16.925,170516,17.5,17.525,65794
2015-10-27,16.5,16.475,158854,17.15,17.175,68127
2015-10-28,16.0,15.975,154253,16.8,16.825,74302
2015-10-29,16.17,16.175,157870,16.98,16.975,82521
2015-10-30,16.65,16.625,157870,17.3,17.325,82521
2015-11-02,15.9,15.875,144724,16.6,16.625,91431
2015-11-03,16.13,16.125,141511,16.93,16.925,100841
2015-11-04,16.75,16.725,129724,17.4,17.425,105716
2015-11-05,16.05,16.025,122183,16.8,16.825,111050
2015-11-06,15.7,15.675,117294,16.5,16.475,120489
2015-11-09,17.04,17.025,115310,17.47,17.475,133990
2015-11-10,16.25,16.225,101313,16.9,16.925,131479
2015-11-11,16.8,16.775,93154,17.4,17.375,140011
2015-11-12,18.58,18.575,83700,18.75,18.725,143877
2015-11-13,20.34,20.325,69666,19.87,19.875,147859
2015-11-16,18.1,18.075,56847,17.85,17.875,152608
2015-11-17,18.95,18.975,56847,18.55,18.525,163214
2015-11-18,18.65,18.975,56847,17.8,17.775,164883
2015-11-19,18.15,18.175,161230,18.85,18.825,35572
2015-11-20,17.4,17.425,157880,18.3,18.275,39214
2015-11-23,17.0,17.025,154580,17.8,17.825,46416
2015-11-24,17.45,17.425,157170,18.3,18.325,53474
2015-11-25,16.8,16.775,150397,17.75,17.775,58932
2015-11-27,17.175,17.175,151341,18.035,18.025,66880
2015-11-30,17.0,16.975,144060,17.8,17.775,70780
2015-12-01,16.15,16.125,136981,17.1,17.125,77162
2015-12-02,16.8,16.775,137967,17.55,17.575,91667
2015-12-03,18.35,18.325,127057,18.5,18.525,96394
2015-12-04,16.25,16.225,116861,17.3,17.325,105698
2015-12-07,16.5,16.525,116861,17.5,17.525,105698
2015-12-08,17.8,17.775,103192,18.3,18.325,111430
2015-12-09,18.99,18.975,92504,19.0,19.025,116468
2015-12-10,19.35,19.325,84025,19.1,19.125,122505
2015-12-11,23.7,23.65,67949,21.95,21.925,130987
2015-12-14,22.45,22.425,52953,20.42,20.425,142431
2015-12-15,20.64,20.625,52953,18.9,18.875,153283
2015-12-16,19.9,20.625,52953,18.1,18.125,156650
2015-12-17,19.3,19.275,153057,19.59,19.575,39435
2015-12-18,20.4,20.425,140194,20.57,20.575,44156
2015-12-21,18.81,18.825,142651,19.25,19.275,47556
2015-12-22,17.85,17.825,133827,18.45,18.475,52172
2015-12-23,17.9,17.875,134258,18.6,18.575,58656
2015-12-24,18.235,18.225,136880,18.835,18.825,61993
2015-12-28,17.8,17.825,131161,18.3,18.325,65545
2015-12-29,17.5,17.475,124673,18.05,18.075,72520
2015-12-30,18.3,18.35,125821,18.8,18.775,81012
2015-12-31,18.5,18.525,114361,18.85,18.875,79288
2016-01-04,19.8,19.825,109371,19.55,19.525,83380
2016-01-05,19.45,19.425,102914,19.3,19.275,88146
2016-01-06,20.34,20.325,94080,19.85,19.825,90850
2016-01-07,23.54,23.525,85210,21.76,21.775,95647
2016-01-08,25.25,25.275,88072,23.1,23.075,103600
2016-01-11,23.45,23.475,78675,21.95,21.975,106415
2016-01-12,22.05,22.075,72413,21.1,21.075,112614
2016-01-13,24.75,24.725,63643,23.15,23.125,111272
2016-01-14,23.55,23.575,59288,22.3,22.275,118935
2016-01-15,26.5,26.475,52961,24.35,24.35,129489
2016-01-19,25.85,25.85,52961,24.05,24.025,140446
2016-01-20,28.3,27.4,52961,24.7,24.725,146155
2016-01-21,25.1,25.075,147626,24.1,24.075,32357
2016-01-22,22.7,22.725,142972,22.2,22.175,36130
2016-01-25,24.0,24.025,140797,23.2,23.175,43196
2016-01-26,22.95,22.925,131199,22.2,22.225,46649
2016-01-27,23.75,23.775,125760,22.9,22.925,51466
2016-01-28,23.25,23.275,123712,22.45,22.475,56567
2016-01-29,21.65,21.625,113522,21.35,21.325,60939
2016-02-01,21.55,21.525,109771,21.2,21.225,68670
2016-02-02,23.15,23.175,109165,22.4,22.425,71924
2016-02-03,22.75,22.775,99278,22.2,22.175,74756
2016-02-04,23.05,23.075,87877,22.5,22.475,82880
2016-02-05,24.12,24.125,81728,23.09,23.05,90013
2016-02-08,25.4,25.425,78661,23.95,23.975,97798
2016-02-09,26.1,26.125,69809,24.5,24.475,98944
2016-02-10,26.28,26.275,65240,24.63,24.625,107120
2016-02-11,28.15,28.125,56657,25.8,25.775,115440
2016-02-12,26.85,26.875,52239,25.1,25.125,140455
2016-02-16,24.72,24.725,52239,23.85,23.825,140082
2016-02-17,24.05,24.725,52239,22.92,22.925,140444
2016-02-18,22.8,22.775,139880,23.18,23.175,35526
2016-02-19,22.37,22.375,138106,22.77,22.75,38571
2016-02-22,21.0,21.025,129068,21.6,21.625,41032
2016-02-23,22.15,22.175,128644,22.5,22.525,47353
2016-02-24,21.75,21.775,123519,22.15,22.125,50246
2016-02-25,20.82,20.825,117306,21.42,21.425,52605
2016-02-26,21.5,21.475,117766,21.8,21.825,60071
2016-02-29,21.78,21.775,115449,22.17,22.175,63432
2016-03-01,19.4,19.425,113715,20.3,20.325,67504
2016-03-02,19.3,19.275,118699,20.25,20.275,79006
2016-03-03,18.35,18.325,116308,19.5,19.525,86100
2016-03-04,18.95,18.925,112470,20.0,20.025,98199
2016-03-07,18.6,18.575,106392,19.8,19.825,103777
2016-03-08,19.65,19.625,101688,20.65,20.675,109784
2016-03-09,19.1,19.075,91701,20.15,20.125,116773
2016-03-10,18.95,18.95,82226,19.92,19.925,123239
2016-03-11,17.65,17.625,73705,19.05,19.1,130283
2016-03-14,17.45,17.425,64159,18.8,18.825,148047
2016-03-15,16.9,16.9,64159,19.05,19.075,163963
2016-03-16,17.0,16.9,64159,18.25,18.275,176917
2016-03-17,17.78,17.775,189411,18.8,18.825,37891
2016-03-18,17.75,17.725,190338,18.85,18.875,45071
2016-03-21,17.0,16.975,188047,18.37,18.375,49655
2016-03-22,16.85,16.825,181868,18.35,18.375,55453
2016-03-23,17.75,17.725,181532,19.2,19.225,61341
2016-03-24,17.4,17.375,175179,19.05,19.075,66538
2016-03-28,17.14,17.125,169139,18.76,18.775,70097
2016-03-29,16.05,16.075,166493,17.8,17.825,78423
2016-03-30,15.85,15.85,163157,17.47,17.475,87859
2016-03-31,15.92,15.925,163160,17.65,17.625,105031
2016-04-01,15.42,15.425,161474,17.18,17.175,114340
2016-04-04,15.95,15.925,161767,17.6,17.625,123905
2016-04-05,16.8,16.775,158432,18.45,18.425,134702
2016-04-06,15.65,15.625,152545,17.4,17.425,141507
2016-04-07,17.27,17.275,144496,18.88,18.875,147826
2016-04-08,16.7,16.675,136475,18.5,18.525,158054
2016-04-11,17.1,17.075,126749,19.0,19.025,162721
2016-04-12,15.95,15.925,119838,18.25,18.275,171712
2016-04-13,14.85,14.825,113995,17.45,17.475,176431
2016-04-14,14.7,14.675,110814,17.25,17.275,192880
2016-04-15,14.73,14.725,110814,17.07,17.075,192880
2016-04-18,13.83,13.825,81361,16.22,16.225,236969
2016-04-19,13.25,13.25,81361,16.22,16.225,251064
2016-04-20,12.66,13.25,81361,16.45,16.425,270019
2016-04-21,16.8,16.775,269566,18.45,18.475,71090
2016-04-22,16.2,16.175,262526,18.0,18.025,79253
2016-04-25,16.25,16.225,251197,18.15,18.175,86207
2016-04-26,15.95,15.925,242312,18.0,18.025,94644
2016-04-27,15.45,15.475,235340,17.6,17.625,105771
2016-04-28,16.5,16.475,227239,18.47,18.475,110933
2016-04-29,16.9,16.875,221012,18.95,18.975,123204
2016-05-02,15.8,15.775,208950,18.16,18.175,128586
2016-05-03,16.62,16.625,200236,18.93,18.925,137753
2016-05-04,16.9,16.875,191587,19.05,19.075,145998
2016-05-05,16.75,16.725,176857,19.05,19.075,154191
2016-05-06,15.73,15.725,167892,18.32,18.325,161931
2016-05-09,15.5,15.475,160329,18.0,18.025,177377
2016-05-10,14.5,14.525,150687,17.15,17.125,192828
2016-05-11,15.65,15.625,131707,17.96,17.975,211298
2016-05-12,15.22,15.225,110044,17.48,17.475,233188
2016-05-13,15.87,15.875,87271,18.07,18.075,248705
2016-05-16,15.15,15.125,69986,17.4,17.425,263282
2016-05-17,15.42,15.425,69986,18.0,18.0,277852
2016-05-18,15.6,15.425,69986,18.1,18.075,287647
2016-05-19,18.0,17.975,277128,19.3,19.325,64133
2016-05-20,17.35,17.325,260971,18.95,18.95,69546
2016-05-23,17.6,17.575,253348,19.05,19.075,74119
2016-05-24,16.5,16.475,250821,18.2,18.225,82162
2016-05-25,16.2,16.175,244044,18.01,18.025,90409
2016-05-26,15.85,15.825,235202,17.8,17.825,104199
2016-05-27,15.4,15.375,235101,17.61,17.625,117297
2016-05-31,15.3,15.275,224063,17.45,17.475,124488
2016-06-01,15.3,15.275,215865,17.52,17.525,137220
2016-06-02,14.85,14.825,205976,17.15,17.175,146280
2016-06-03,14.75,14.725,197742,17.1,17.125,157126
2016-06-06,14.5,14.475,186360,16.85,16.875,167458
2016-06-07,14.75,14.725,178907,16.85,16.875,189269
2016-06-08,15.0,14.975,156925,16.86,16.875,209810
2016-06-09,15.49,15.475,129803,17.17,17.175,225711
2016-06-10,17.5,17.525,105914,18.45,18.425,242166
2016-06-13,21.35,21.325,84024,21.25,21.225,256799
2016-06-14,20.55,20.575,84024,20.85,20.875,259902
2016-06-15,19.9,20.575,84024,20.57,20.575,236437
2016-06-16,20.05,20.025,227910,20.4,20.425,69524
2016-06-17,20.1,20.075,218761,20.45,20.475,75144
2016-06-20,18.5,18.475,219562,19.26,19.275,81596
2016-06-21,18.7,18.675,219562,19.3,19.325,81596
2016-06-22,19.45,19.425,198760,19.68,19.675,91241
2016-06-23,16.7,16.675,198760,17.6,17.625,91241
2016-06-24,22.7,22.65,201740,22.1,22.125,101408
2016-06-27,23.7,23.65,205791,23.0,23.025,107564
2016-06-28,18.9,18.875,190104,19.35,19.375,107616
2016-06-29,17.48,17.475,165158,18.53,18.55,106995
2016-06-30,16.98,16.975,165158,18.34,18.325,106995
2016-07-01,16.8,16.775,159926,18.2,18.25,128329
2016-07-05,16.85,16.825,158491,18.3,18.325,138280
2016-07-06,16.15,16.175,152216,17.8,17.825,144639
2016-07-07,15.95,15.925,146804,17.7,17.675,155380
2016-07-08,14.8,14.775,135414,16.76,16.775,165302
2016-07-11,14.65,14.625,132620,16.75,16.725,178038
2016-07-12,14.3,14.275,131855,16.2,16.225,192773
2016-07-13,14.2,14.175,120161,16.2,16.225,214560
2016-07-14,14.05,14.025,106648,16.12,16.125,227292
2016-07-15,13.85,13.825,98010,16.3,16.325,246133
2016-07-18,13.15,13.075,88919,15.75,15.725,254676
2016-07-19,12.2,12.225,88919,15.65,15.675,274086
2016-07-20,11.8,11.62,88919,15.48,15.475,284503
2016-07-21,15.85,15.825,286412,17.77,17.775,71164
2016-07-22,15.4,15.375,281930,17.5,17.525,76001
2016-07-25,15.35,15.325,274752,17.55,17.575,84785
2016-07-26,15.2,15.175,269139,17.45,17.475,93064
2016-07-27,14.8,14.775,262164,17.25,17.275,105176
2016-07-28,14.4,14.375,255059,16.92,16.925,113923
2016-07-29,13.85,13.825,249458,16.4,16.425,119688
2016-08-01,13.65,13.625,245281,16.2,16.225,132513
2016-08-02,14.25,14.225,237961,16.65,16.625,140782
2016-08-03,13.83,13.825,222568,16.25,16.275,151314
2016-08-04,13.45,13.425,210912,15.85,15.875,160694
2016-08-05,12.9,12.875,200838,15.35,15.325,175546
2016-08-08,12.5,12.475,198921,15.12,15.125,182420
2016-08-09,12.4,12.375,192934,14.85,14.875,191650
2016-08-10,12.9,12.875,162647,15.15,15.175,218694
2016-08-11,12.65,12.625,137801,15.1,15.075,232361
2016-08-12,12.35,12.325,116818,15.0,14.975,249139
2016-08-15,12.25,12.225,101401,14.8,14.825,263618
2016-08-16,12.85,12.825,101401,15.35,15.325,282945
2016-08-17,12.65,12.825,101401,14.8,14.825,295930
2016-08-18,14.55,14.575,292330,16.57,16.575,88534
2016-08-19,14.7,14.675,287630,16.7,16.675,93086
2016-08-22,14.74,14.725,278042,16.76,16.775,97270
2016-08-23,14.7,14.675,278042,16.86,16.875,97270
2016-08-24,15.14,15.125,271860,17.1,17.125,108821
2016-08-25,14.95,14.975,267164,16.95,16.925,115112
2016-08-26,15.15,15.125,257805,17.02,17.025,120005
2016-08-29,14.7,14.675,257805,16.8,16.825,120005
2016-08-30,14.55,14.525,243919,16.75,16.775,125282
2016-08-31,14.6,14.575,234644,16.72,16.725,135872
2016-09-01,14.6,14.575,226699,16.65,16.675,141254
2016-09-02,13.95,13.925,222351,16.36,16.375,149986
2016-09-06,13.35,13.375,222084,15.9,15.875,159174
2016-09-07,13.24,13.225,222366,15.76,15.775,172163
2016-09-08,13.39,13.375,219193,15.95,15.925,180678
2016-09-09,16.46,16.475,208905,17.9,17.875,190888
2016-09-12,15.35,15.325,228578,16.93,16.925,232262
2016-09-13,17.76,17.775,151928,18.34,18.325,197725
2016-09-14,18.38,18.375,121273,18.88,18.875,193504
2016-09-15,17.07,17.075,99471,18.23,18.225,192693
2016-09-16,16.0,16.025,88122,17.55,17.525,200293
2016-09-19,15.65,15.675,73593,17.15,17.125,204950
2016-09-20,15.9,15.875,73593,17.42,17.425,223878
2016-09-21,15.3,15.875,73593,16.08,16.075,240900
2016-09-22,15.3,15.325,240900,16.87,16.875,70307
2016-09-23,15.55,15.575,264218,17.06,17.075,87019
2016-09-26,16.28,16.275,252234,17.37,17.375,95684
2016-09-27,15.53,15.525,246839,16.88,16.875,94489
2016-09-28,15.25,15.225,244719,16.7,16.725,96622
2016-09-29,15.94,15.925,241547,17.05,17.025,105267
2016-09-30,15.8,15.775,236827,16.99,16.95,115644
2016-10-03,15.49,15.475,230027,16.77,16.775,118077
2016-10-04,15.34,15.325,221677,16.61,16.625,122174
2016-10-05,15.15,15.125,210425,16.65,16.675,130736
2016-10-06,15.0,14.975,205950,16.52,16.525,139987
2016-10-07,15.35,15.325,198118,16.72,16.725,151693
2016-10-10,14.69,14.675,185098,16.32,16.325,158312
2016-10-11,15.8,15.825,175121,17.0,16.975,171663
2016-10-12,16.35,16.325,148712,17.2,17.225,181947
2016-10-13,17.03,17.025,140151,17.52,17.525,195551
2016-10-14,16.65,16.625,98184,17.3,17.325,199363
2016-10-17,16.55,16.525,81232,17.1,17.125,207741
2016-10-18,15.74,15.675,81232,16.65,16.625,223531
2016-10-19,15.2,15.675,81232,16.08,16.075,243648
2016-10-20,15.8,15.775,247494,16.65,16.675,98983
2016-10-21,15.58,15.575,245455,16.52,16.525,99506
2016-10-24,14.95,14.925,240421,16.05,16.075,102239
2016-10-25,15.25,15.225,240421,16.23,16.225,102239
2016-10-26,15.65,15.625,220850,16.47,16.475,111800
2016-10-27,16.09,16.075,212795,16.86,16.875,118016
2016-10-28,16.65,16.625,201726,17.08,17.1,122970
2016-10-31,17.25,17.225,189196,17.41,17.425,128292
2016-11-01,17.85,17.825,181189,17.9,17.875,133795
2016-11-02,18.55,18.525,168146,18.25,18.225,139136
2016-11-03,19.8,19.775,156402,19.01,19.025,144671
2016-11-04,19.32,19.325,156402,18.98,18.975,144671
2016-11-07,16.02,16.025,135016,16.58,16.575,158824
2016-11-08,16.0,15.975,120338,16.6,16.575,166308
2016-11-09,14.87,14.875,104574,15.73,15.725,175583
2016-11-10,15.33,15.325,89611,16.27,16.275,187028
2016-11-11,14.9,14.925,78298,16.11,16.125,203295
2016-11-14,14.5,14.475,63965,15.98,15.975,205875
2016-11-15,13.2,13.2,63965,15.3,15.275,220904
2016-11-16,13.85,13.2,63965,15.6,15.575,248133
2016-11-17,15.03,15.025,248133,16.67,16.675,68879
2016-11-18,14.95,14.975,218059,16.65,16.675,75362
2016-11-21,14.45,14.475,216200,16.27,16.275,78589
2016-11-22,14.45,14.425,216200,16.25,16.275,78589
2016-11-23,14.45,14.425,208048,16.35,16.375,83820
2016-11-25,14.345,14.325,211962,16.155,16.175,86651
2016-11-28,14.44,14.425,207915,16.26,16.275,91226
2016-11-29,14.3,14.275,202399,16.21,16.225,97933
2016-11-30,14.51,14.525,201262,16.3,16.275,101255
2016-12-01,15.05,15.025,195717,16.69,16.675,109253
2016-12-02,15.09,15.075,182228,16.77,16.775,113293
2016-12-05,13.5,13.525,174127,15.65,15.675,118183
2016-12-06,13.1,13.125,172871,15.4,15.375,130169
2016-12-07,13.3,13.325,172257,15.45,15.475,139570
2016-12-08,13.43,13.425,166989,15.53,15.525,149207
2016-12-09,13.05,13.025,155889,15.21,15.225,153580
2016-12-12,13.45,13.425,153491,15.55,15.575,161662
2016-12-13,13.3,13.275,146883,15.45,15.475,168709
2016-12-14,13.43,13.425,135831,15.33,15.325,180524
2016-12-15,13.02,13.025,119879,15.09,15.075,194322
2016-12-16,12.74,12.725,102825,15.0,14.975,202626
2016-12-19,12.15,12.125,86037,14.48,14.475,210906
2016-12-20,11.55,11.575,86037,14.24,14.225,227844
2016-12-21,11.45,11.575,86037,14.05,14.025,243488
2016-12-22,14.28,14.275,230380,16.0,15.975,82263
2016-12-23,14.29,14.275,226107,16.01,16.025,84538
2016-12-27,14.0,13.975,226107,15.8,15.8,84538
2016-12-28,14.63,14.625,215475,16.22,16.225,96824
2016-12-29,14.84,14.825,204303,16.36,16.375,98883
2016-12-30,15.1,15.125,196683,16.58,16.575,101265
2017-01-03,13.79,13.775,187044,15.55,15.575,104119
2017-01-04,13.19,13.175,183892,14.97,14.975,117947
2017-01-05,13.05,13.025,182419,14.8,14.825,135894
2017-01-06,12.9,12.875,175022,14.65,14.675,147020
2017-01-09,12.95,12.925,171793,14.5,14.525,161449
2017-01-10,12.9,12.875,157157,14.5,14.475,184267
2017-01-11,12.55,12.525,157157,14.25,14.225,184267
2017-01-12,12.5,12.475,119179,14.35,14.325,227488
2017-01-13,12.2,12.175,99327,14.2,14.225,252535
2017-01-17,12.2,12.175,99327,14.2,14.175,276369
2017-01-18,11.86,12.52,99327,14.2,14.175,307567
2017-01-19,14.25,14.225,282442,15.55,15.575,82153
2017-01-20,13.82,13.825,265965,15.23,15.225,85019
2017-01-23,13.55,13.575,266599,14.95,14.975,89938
2017-01-24,13.03,13.025,256366,14.38,14.375,89653
2017-01-25,12.75,12.725,256863,14.16,14.175,96558
2017-01-26,12.7,12.675,256863,14.14,14.125,96558
2017-01-27,12.55,12.525,239188,14.12,14.125,106334
2017-01-30,12.9,12.875,237490,14.32,14.325,112870
2017-01-31,12.95,12.925,219284,14.31,14.325,118644
2017-02-01,12.68,12.675,209053,13.98,13.975,124130
2017-02-02,12.92,12.925,202837,14.19,14.175,137525
2017-02-03,12.47,12.475,197499,13.94,13.925,145823
2017-02-06,12.49,12.475,197540,13.95,13.975,157437
2017-02-07,12.6,12.575,184108,13.95,13.975,170134
2017-02-08,12.6,12.575,171058,13.97,13.975,189737
2017-02-09,12.05,12.025,156550,13.72,13.675,215365
2017-02-10,11.73,11.725,137787,13.37,13.375,235740
2017-02-13,11.4,11.425,126243,13.05,13.075,263647
2017-02-14,11.1,11.175,126243,12.3,12.3,290263
2017-02-15,11.5,12.26,126243,12.85,12.875,330595
2017-02-16,12.96,12.975,303771,14.15,14.175,129414
2017-02-17,13.25,13.125,283876,14.25,14.35,133238
2017-02-21,13.2,13.175,278279,14.5,14.525,138545
2017-02-22,13.21,13.225,271214,14.64,14.625,141617
2017-02-23,13.52,13.525,265033,15.23,15.225,151065
2017-02-24,13.35,13.325,259854,15.2,15.25,160722
2017-02-27,13.3,13.275,251240,15.1,15.125,174642
2017-02-28,13.51,13.525,249572,15.32,15.325,181013
2017-03-01,13.28,13.275,238423,15.07,15.075,185674
2017-03-02,13.25,13.275,235852,15.03,15.025,191639
2017-03-03,12.85,12.825,230386,14.58,14.575,196410
2017-03-06,12.65,12.675,226268,14.4,14.425,200267
2017-03-07,12.64,12.625,227188,14.45,14.475,206547
2017-03-08,12.67,12.675,220357,14.45,14.425,211669
2017-03-09,12.8,12.775,213137,14.45,14.425,216489
2017-03-10,12.55,12.525,207158,14.2,14.2,224559
2017-03-13,12.13,12.125,205105,13.85,13.875,232089
2017-03-14,12.63,12.625,205856,14.08,14.075,242913
2017-03-15,12.29,12.275,176750,13.71,13.725,254946
2017-03-16,11.91,11.925,167571,13.25,13.275,269484
2017-03-17,11.75,11.775,152066,13.25,13.275,284701
2017-03-20,11.63,11.625,152066,13.18,13.175,284701
2017-03-21,12.18,12.175,128062,13.77,13.775,314047
2017-03-22,12.15,12.175,128062,13.92,13.925,326162
2017-03-23,14.3,14.275,305652,14.77,14.775,90782
2017-03-24,13.95,13.925,292039,14.35,14.4,91230
2017-03-27,13.6,13.575,278598,14.05,14.075,92509
2017-03-28,12.92,12.925,267352,13.56,13.55,99655
2017-03-29,12.94,12.925,274554,13.5,13.525,105015
2017-03-30,12.82,12.825,267246,13.35,13.375,111377
2017-03-31,13.28,13.275,254080,13.58,13.575,120991
2017-04-03,13.48,13.475,246023,13.58,13.575,128373
2017-04-04,13.24,13.225,227610,13.37,13.375,133934
2017-04-05,13.9,13.875,225254,13.85,13.875,146218
2017-04-06,13.6,13.575,215943,13.55,13.525,157013
2017-04-07,14.05,14.025,204078,13.86,13.875,170630
2017-04-10,15.05,15.025,204078,14.33,14.325,170630
2017-04-11,16.0,15.975,187424,14.53,14.525,185265
2017-04-12,16.3,16.275,165774,14.95,14.925,222509
2017-04-13,16.3,16.325,148453,15.2,15.225,222509
2017-04-17,15.07,15.075,96563,14.3,14.325,231382
2017-04-18,14.7,14.725,96563,14.32,14.325,233267
2017-04-19,14.3,14.725,96563,14.58,14.575,237515
2017-04-20,14.32,14.325,230648,14.34,14.325,74681
2017-04-21,14.3,14.325,226136,14.24,14.225,78766
2017-04-24,12.68,12.675,220862,13.3,13.325,82548
2017-04-25,12.5,12.475,220862,13.1,13.125,82548
2017-04-26,12.35,12.375,240623,13.19,13.175,107756
2017-04-27,12.4,12.375,237041,13.1,13.125,114961
2017-04-28,12.25,12.275,230462,13.11,13.125,122933
2017-05-01,11.85,11.825,226371,12.6,12.625,125695
2017-05-02,11.8,11.825,228413,12.82,12.825,138573
2017-05-03,12.1,12.075,221347,12.95,12.975,152485
2017-05-04,11.73,11.725,208449,12.67,12.675,161888
2017-05-05,11.78,11.775,206389,12.67,12.675,179427
2017-05-08,11.4,11.425,197073,12.5,12.475,191179
2017-05-09,11.4,11.425,194574,12.48,12.475,212357
2017-05-10,11.55,11.525,176074,12.47,12.475,238935
2017-05-11,11.45,11.425,162722,12.61,12.625,262115
2017-05-12,11.24,11.225,140919,12.41,12.425,267645
2017-05-15,10.85,10.825,125711,12.15,12.175,283225
2017-05-16,11.1,11.075,125711,12.1,12.075,310026
2017-05-17,12.2,11.075,125711,14.23,14.225,333228
2017-05-18,14.25,14.275,296613,14.6,14.575,89378
2017-05-19,12.75,12.725,275496,13.45,13.475,92035
2017-05-22,12.2,12.225,263645,13.15,13.175,101826
2017-05-23,12.35,12.325,257396,13.31,13.325,108618
2017-05-24,11.96,11.975,258254,13.0,12.975,116545
2017-05-25,12.05,12.025,272865,13.03,13.025,127308
2017-05-26,11.95,11.925,270479,12.93,12.925,135076
2017-05-30,11.83,11.825,269752,12.73,12.725,141949
2017-05-31,11.8,11.825,261042,12.7,12.675,151092
2017-06-01,11.63,11.625,248457,12.4,12.425,163026
2017-06-02,11.64,11.625,250714,12.52,12.525,179581
2017-06-05,11.79,11.775,244373,12.61,12.625,192041
2017-06-06,11.95,11.975,239497,12.85,12.825,202608
2017-06-07,11.89,11.875,224494,12.72,12.725,206751
2017-06-08,11.6,11.625,216692,12.51,12.525,215287
2017-06-09,11.73,11.725,213808,12.55,12.575,227029
2017-06-12,11.88,11.875,202017,12.68,12.675,233791
2017-06-13,11.45,11.425,186044,12.25,12.275,245604
2017-06-14,11.48,11.475,166062,12.3,12.275,272023
2017-06-15,11.55,11.525,156220,12.43,12.425,285413
2017-06-16,11.32,11.325,131406,12.34,12.325,281797
2017-06-19,10.9,10.875,110921,12.15,12.125,283489
2017-06-20,11.15,11.125,110921,12.1,12.075,298174
2017-06-21,11.15,11.125,110921,12.2,12.175,298521
2017-06-22,11.99,11.975,286400,12.72,12.725,95235
2017-06-23,11.9,11.875,280308,12.63,12.625,103610
2017-06-26,11.6,11.625,283477,12.35,12.375,113809
2017-06-27,12.05,12.025,280549,12.65,12.675,121961
2017-06-28,11.7,11.675,265674,12.5,12.475,126219
2017-06-29,12.0,12.025,259537,12.64,12.625,135551
2017-06-30,12.3,12.325,247726,12.7,12.675,145161
2017-07-03,12.585,12.575,233126,12.955,12.975,159806
2017-07-05,12.33,12.325,221850,12.93,12.925,165104
2017-07-06,13.05,13.025,213403,13.42,13.425,173226
2017-07-07,12.56,12.575,198129,13.08,13.075,177184
2017-07-10,12.2,12.225,186191,12.85,12.825,189446
2017-07-11,12.15,12.125,175903,12.66,12.675,201302
2017-07-12,11.55,11.525,155147,12.4,12.425,220365
2017-07-13,11.1,11.075,149010,12.37,12.375,249522
2017-07-14,10.56,10.575,134006,12.04,12.025,256910
2017-07-17,10.3,10.275,111803,11.91,11.925,279328
2017-07-18,10.15,10.125,111803,11.75,11.775,303512
2017-07-19,9.85,10.125,111803,11.55,11.525,327683
2017-07-20,11.48,11.475,326839,12.71,12.725,108818
2017-07-21,11.4,11.375,329200,12.65,12.675,118847
2017-07-24,11.32,11.325,311421,12.53,12.525,123213
2017-07-25,11.15,11.175,310424,12.56,12.575,131490
2017-07-26,11.3,11.275,304683,12.64,12.625,140312
2017-07-27,11.45,11.425,299284,12.62,12.625,148209
2017-07-28,11.35,11.375,284679,12.63,12.625,157315
2017-07-31,11.25,11.275,270699,12.47,12.475,168423
2017-08-01,11.25,11.225,261292,12.4,12.425,176578
2017-08-02,11.3,11.275,253898,12.6,12.625,196597
2017-08-03,11.35,11.325,242646,12.7,12.725,206348
2017-08-04,11.3,11.275,232080,12.75,12.775,218887
2017-08-07,11.1,11.125,222434,12.55,12.575,233696
2017-08-08,11.55,11.525,212979,12.9,12.925,253618
2017-08-09,11.71,11.725,183319,13.09,13.075,276393
2017-08-10,15.55,15.525,158440,15.2,15.175,288148
2017-08-11,15.4,15.425,122739,15.3,15.275,281333
2017-08-14,12.5,12.45,91136,13.2,13.175,275568
2017-08-15,12.32,12.325,91136,13.2,13.175,293459
2017-08-16,12.16,12.325,91136,13.1,13.075,315907
2017-08-17,14.92,14.925,308136,15.0,15.025,83057
2017-08-18,14.97,14.975,309392,15.13,15.125,84258
2017-08-21,14.1,14.125,284947,14.6,14.625,88058
2017-08-22,12.95,12.975,284947,13.65,13.675,88058
2017-08-23,13.6,13.625,274624,14.25,14.225,108634
2017-08-24,13.4,13.425,271914,14.13,14.125,114863
2017-08-25,13.09,13.075,263067,14.01,14.025,128501
2017-08-28,13.05,13.025,260968,13.92,13.925,136556
2017-08-29,13.2,13.175,254165,14.0,14.025,140977
2017-08-30,13.15,13.175,247094,14.08,14.075,144151
2017-08-31,12.6,12.625,237875,13.7,13.725,151164
2017-09-01,12.6,12.625,239002,13.75,13.775,168294
2017-09-05,13.19,13.175,234379,14.02,14.025,187816
2017-09-06,13.15,13.175,224200,14.2,14.175,201352
2017-09-07,12.85,12.825,202858,14.05,14.075,199833
2017-09-08,13.25,13.275,192406,14.34,14.325,205922
2017-09-11,12.08,12.075,178697,13.68,13.675,214109
2017-09-12,11.85,11.875,178460,13.35,13.375,241686
2017-09-13,11.5,11.525,164173,12.92,12.925,271596
2017-09-14,11.45,11.475,148655,13.05,13.025,290124
2017-09-15,11.1,11.125,132176,12.9,12.925,308606
2017-09-18,10.69,10.675,117520,12.42,12.425,317808
2017-09-19,10.82,10.825,117520,12.4,12.425,355129
2017-09-20,10.45,10.825,117520,12.3,12.275,362978
2017-09-21,12.35,12.325,357807,13.26,13.275,102475
2017-09-22,12.45,12.425,351056,13.4,13.425,111583
2017-09-25,12.4,12.375,339975,13.35,13.375,120088
2017-09-26,12.25,12.275,329134,13.27,13.275,130330
2017-09-27,12.19,12.175,320071,13.26,13.275,141732
2017-09-28,11.9,11.925,317876,13.1,13.125,149900
2017-09-29,11.7,11.675,309719,13.0,13.025,159965
2017-10-02,11.35,11.375,301848,12.7,12.675,174888
2017-10-03,11.4,11.375,287069,12.75,12.775,193015
2017-10-04,11.35,11.325,272721,12.8,12.775,200884
2017-10-05,10.8,10.825,259798,12.45,12.475,210709
2017-10-06,10.85,10.825,252344,12.5,12.525,227827
2017-10-09,11.1,11.125,235348,12.6,12.625,240279
2017-10-10,10.94,10.925,218320,12.3,12.325,247479
2017-10-11,10.8,10.775,189417,12.18,12.175,274212
2017-10-12,10.58,10.575,166663,12.07,12.075,295597
2017-10-13,10.3,10.275,141881,11.85,11.875,319957
2017-10-16,10.3,10.275,120816,11.68,11.675,340116
2017-10-17,10.38,10.375,120816,11.7,11.725,360668
2017-10-18,10.3,10.375,120816,11.6,11.575,387992
2017-10-19,11.5,11.475,377954,12.2,12.225,127574
2017-10-20,11.35,11.325,372072,12.15,12.125,133790
2017-10-23,11.8,11.775,364010,12.5,12.525,143153
2017-10-24,11.94,11.925,335641,12.55,12.525,146767
2017-10-25,12.0,12.025,319794,12.6,12.575,151551
2017-10-26,12.1,12.075,301139,12.69,12.675,155959
2017-10-27,11.45,11.425,301139,12.22,12.225,155959
2017-10-30,11.59,11.575,281843,12.3,12.325,179715
2017-10-31,11.27,11.275,262047,12.19,12.175,186594
2017-11-01,11.4,11.375,261674,12.25,12.275,195621
2017-11-02,11.15,11.125,244927,12.25,12.275,222553
2017-11-03,10.95,10.975,244927,12.31,12.325,222553
2017-11-06,10.75,10.725,236573,12.15,12.175,243332
2017-11-07,10.88,10.875,222575,12.28,12.275,261153
2017-11-08,10.87,10.875,192106,12.29,12.275,275197
2017-11-09,11.11,11.125,192106,12.35,12.325,275197
2017-11-10,11.57,11.6,141596,12.6,12.575,329616
2017-11-13,11.63,11.625,113622,12.78,12.775,347029
2017-11-14,12.02,12.05,113622,12.7,12.675,359071
2017-11-15,13.05,12.05,113622,13.17,13.175,372936
2017-11-16,12.7,12.675,365764,13.95,13.975,118598
2017-11-17,12.65,12.625,360684,13.85,13.875,128623
2017-11-20,12.05,12.075,352158,13.4,13.425,136667
2017-11-21,11.65,11.625,347565,12.95,12.975,146774
2017-11-22,11.5,11.475,337035,12.85,12.875,157214
2017-11-24,11.435,11.425,329113,12.825,12.825,165180
2017-11-27,11.3,11.325,325194,12.86,12.875,172415
2017-11-28,11.25,11.275,308610,12.7,12.725,174515
2017-11-29,11.46,11.475,304544,12.94,12.925,181318
2017-11-30,11.68,11.675,292236,13.05,13.025,187953
2017-12-01,11.85,11.875,286730,13.3,13.275,198237
2017-12-04,11.95,11.925,272052,13.2,13.225,207027
2017-12-05,11.9,11.875,256540,13.17,13.175,220210
2017-12-06,11.75,11.725,239971,13.06,13.075,230014
2017-12-07,11.19,11.175,224918,12.66,12.675,238220
2017-12-08,10.87,10.875,216767,12.3,12.325,247673
2017-12-11,10.35,10.325,205093,11.96,11.975,268539
2017-12-12,10.39,10.375,194555,11.95,11.975,281439
2017-12-13,10.5,10.525,176409,11.98,11.975,296405
2017-12-14,10.4,10.375,176409,11.85,11.875,296405
2017-12-15,9.91,9.925,138721,11.45,11.475,315196
2017-12-18,9.88,9.875,125508,11.33,11.325,313944
2017-12-19,10.05,10.075,125508,11.3,11.325,334088
2017-12-20,9.6,10.075,125508,11.43,11.425,348671
2017-12-21,11.2,11.225,336054,12.25,12.225,104626
2017-12-22,11.4,11.425,319419,12.35,12.325,111121
2017-12-26,11.33,11.325,300108,12.32,12.325,116996
2017-12-27,11.33,11.325,291026,12.32,12.325,122922
2017-12-28,11.24,11.225,280360,12.27,12.275,129168
2017-12-29,11.45,11.475,271773,12.49,12.475,134641
2018-01-02,10.9,10.875,263841,12.0,11.975,141696
2018-01-03,10.7,10.675,252897,11.85,11.825,154634
2018-01-04,10.6,10.575,245697,11.85,11.825,174147
2018-01-05,10.5,10.475,244130,11.75,11.725,191283
2018-01-08,10.49,10.475,225428,11.66,11.675,208082
2018-01-09,10.69,10.675,190396,11.76,11.775,221097
2018-01-10,10.6,10.575,168756,11.55,11.575,248021
2018-01-11,10.5,10.475,152930,11.56,11.575,268771
2018-01-12,10.6,10.575,134721,11.67,11.675,292013
2018-01-16,11.77,11.775,134721,12.1,12.075,292013
2018-01-17,11.95,11.775,134721,12.1,12.125,363359
2018-01-18,12.09,12.075,365417,12.76,12.775,116053
2018-01-19,11.93,11.925,365759,12.54,12.525,114453
2018-01-22,11.85,11.825,352719,12.49,12.475,120754
2018-01-23,12.0,11.975,352719,12.73,12.725,120754
2018-01-24,12.25,12.225,342888,12.9,12.925,135554
2018-01-25,12.41,12.425,333246,13.04,13.025,143730
2018-01-26,12.3,12.325,316392,13.05,13.075,148406
2018-01-29,13.55,13.525,301716,13.85,13.825,159952
2018-01-30,13.95,13.975,301724,14.05,14.075,164739
2018-01-31,13.45,13.475,274923,13.67,13.675,179236
2018-02-01,13.28,13.275,264706,13.42,13.425,192132
2018-02-02,15.63,15.625,264706,14.98,14.975,192132
2018-02-05,33.2,33.225,226745,27.95,27.975,242854
2018-02-06,23.9,23.875,223933,21.0,21.025,288462
2018-02-07,23.45,23.425,223933,19.9,19.875,288462
2018-02-08,28.05,28.1,180293,21.6,21.65,252114
2018-02-09,27.15,27.175,106408,20.4,20.425,224416
2018-02-12,25.82,25.825,94246,19.85,19.825,230285
2018-02-13,25.23,25.225,94246,19.84,19.825,236038
2018-02-14,25.35,25.225,94246,17.85,17.875,240194
2018-02-15,17.55,17.525,234464,17.3,17.325,60363
2018-02-16,17.76,17.775,226108,17.4,17.375,66352
2018-02-20,18.36,18.375,214756,17.84,17.825,70878
2018-02-21,18.56,18.575,214756,18.1,18.075,70878
2018-02-22,18.1,18.075,206346,17.65,17.625,75959
2018-02-23,16.775,16.775,206346,16.89,16.9,75959
2018-02-26,16.07,16.175,188008,16.12,16.175,81828
2018-02-27,17.55,17.525,185477,17.2,17.175,88318
2018-02-28,18.62,18.575,173405,18.0,17.875,88920
2018-03-01,19.85,19.975,171627,18.75,18.675,95900
2018-03-02,19.11,19.025,162055,18.3,18.275,103757
2018-03-05,18.3,18.275,151778,17.8,17.825,105827
2018-03-06,18.22,18.325,142110,17.9,17.975,106712
2018-03-07,17.95,17.875,137043,17.86,17.775,113916
2018-03-08,17.2,17.225,131733,17.3,17.275,120760
2018-03-09,15.75,15.775,124529,16.2,16.225,123371
2018-03-12,16.15,16.175,118025,16.55,16.575,132680
2018-03-13,16.9,16.775,110407,16.95,16.925,136010
2018-03-14,17.25,17.375,97324,17.25,17.275,146561
2018-03-15,16.7,16.775,89981,16.7,16.725,154452
2018-03-16,16.25,16.275,,16.4,16.475,
2018-03-19,18.3,18.175,77243,17.6,17.475,168268
2018-03-20,18.45,18.375,67623,17.4,17.375,181878
2018-03-21,17.35,17.76,55175,17.37,17.325,187412
2018-03-22,19.4,19.375,177478,18.45,18.425,61131
2018-03-23,20.45,20.425,189550,19.34,19.325,70126
2018-03-26,19.3,19.325,188312,18.6,18.625,79170
2018-03-27,20.5,20.425,177438,19.6,19.525,79863
2018-03-28,20.97,21.025,171495,19.87,19.875,85494
2018-03-29,19.77,19.775,146963,19.21,19.225,92738
2018-04-02,21.15,21.425,146963,19.9,20.025,92738
2018-04-03,20.65,20.475,147048,19.8,19.675,99595
2018-04-04,19.95,19.975,130975,19.25,19.225,106390
2018-04-05,19.1,19.075,124994,18.7,18.675,112454
2018-04-06,20.67,20.625,117935,19.6,19.525,116829
2018-04-09,20.85,20.825,115734,19.8,19.825,125933
2018-04-10,20.25,20.175,106052,19.5,19.425,129399
2018-04-11,20.0,20.075,93373,19.45,19.475,134484
2018-04-12,18.75,18.825,83054,18.7,18.725,141526
2018-04-13,17.92,17.925,68793,18.1,18.125,145914
2018-04-16,16.8,16.825,58428,17.35,17.275,162182
2018-04-17,15.4,15.325,48874,16.4,16.375,167756
2018-04-18,15.45,17.26,41558,16.4,16.425,179537
2018-04-19,16.6,16.575,164747,16.8,16.825,53796
2018-04-20,17.05,17.025,160086,17.1,17.075,58108
2018-04-23,16.9,16.825,154875,17.05,17.025,62862
2018-04-24,17.7,17.675,156121,17.45,17.475,69270
2018-04-25,17.6,17.725,152532,17.45,17.675,76142
2018-04-26,16.9,16.875,153086,17.0,17.025,82580
2018-04-27,16.35,16.425,147274,16.75,16.825,81355
2018-04-30,16.75,16.625,147262,16.95,16.925,88881
2018-05-01,16.2,16.275,134455,16.45,16.475,98693
2018-05-02,16.55,16.625,130263,16.7,16.775,105231
2018-05-03,16.55,16.525,121887,16.55,16.525,110900
2018-05-04,15.85,15.875,111382,16.36,16.375,118976
2018-05-07,15.7,15.725,110951,16.35,16.325,128472
2018-05-08,15.8,15.775,106716,16.25,16.225,136711
2018-05-09,14.82,14.825,96181,15.6,15.625,144591
2018-05-10,14.25,14.175,88750,15.12,15.075,155704
2018-05-11,13.73,13.675,76043,14.73,14.7,165890
2018-05-14,13.42,13.375,71972,14.49,14.475,179331
2018-05-15,14.86,14.875,57298,15.35,15.325,194775
2018-05-16,14.5,13.79,41223,14.65,14.675,203842
2018-05-17,14.35,14.375,199981,15.05,15.075,68952
2018-05-18,14.55,14.525,197262,15.26,15.325,72774
2018-05-21,14.2,14.075,192856,14.8,14.775,76011
2018-05-22,14.2,14.225,194533,14.95,14.975,81850
2018-05-23,13.9,13.875,192703,14.75,14.725,88082
2018-05-24,13.85,13.825,190156,14.6,14.6,91994
2018-05-25,14.2,14.125,190166,14.83,14.825,95622
2018-05-29,15.96,15.925,186967,16.08,16.125,100771
2018-05-30,15.2,15.175,191496,15.68,15.675,105986
2018-05-31,15.4,15.425,177005,15.85,15.875,110138
2018-06-01,14.4,14.425,167873,15.17,15.175,114626
2018-06-04,13.95,13.925,153578,14.7,14.675,126287
2018-06-05,13.6,13.625,146329,14.5,14.525,130151
2018-06-06,13.1,13.075,144329,14.1,14.075,136037
2018-06-07,13.15,13.175,140974,14.15,14.175,142708
2018-06-08,13.35,13.325,135722,14.25,14.225,148516
2018-06-11,12.9,12.875,132794,13.95,13.975,151396
2018-06-12,12.72,12.775,124996,13.87,13.925,157160
2018-06-13,13.15,13.225,115678,14.1,14.175,168509
2018-06-14,12.65,12.675,102999,13.66,13.675,177256
2018-06-15,12.6,12.575,92224,13.75,13.725,188271
2018-06-18,12.7,12.675,82317,13.7,13.675,193107
2018-06-19,13.65,13.575,70794,14.25,14.225,197273
2018-06-20,12.85,12.27,45858,13.95,13.925,204807
2018-06-21,15.0,14.875,208770,15.4,15.275,66820
2018-06-22,14.55,14.425,200993,15.15,15.075,68917
2018-06-25,16.35,16.325,199088,16.2,16.275,74862
2018-06-26,16.05,15.875,194803,16.15,16.125,77853
2018-06-27,,16.925,180883,,16.875,79295
2018-06-28,16.5,16.525,173691,16.55,16.575,87710
2018-06-29,16.07,16.025,160348,16.5,16.375,92784
2018-07-02,15.95,16.025,149431,16.3,16.325,93464
2018-07-03,16.39,16.375,141721,16.7,16.725,102922
2018-07-05,15.62,15.475,135828,16.2,16.075,108445
2018-07-06,14.5,14.575,123450,15.45,15.525,109828
2018-07-09,13.77,13.775,118580,14.72,14.625,112323
2018-07-10,13.71,13.425,107423,14.65,14.425,113391
2018-07-11,14.08,14.175,100377,14.8,14.875,124585
2018-07-12,13.45,13.325,89698,14.5,14.475,133615
2018-07-13,13.06,12.975,83432,14.25,14.225,142706
2018-07-16,12.95,12.975,74221,14.25,14.275,155390
2018-07-17,12.1,12.125,55908,13.9,13.975,171671
2018-07-18,11.9,12.38,40313,13.95,13.925,189639
2018-07-19,14.2,14.175,192216,15.05,15.025,77266
2018-07-20,14.35,14.275,191243,15.13,15.175,79213
2018-07-23,14.05,14.075,188277,15.0,15.025,83995
2018-07-24,14.15,14.075,181711,15.05,14.975,89662
2018-07-25,13.75,13.825,179658,14.8,14.875,93398
2018-07-26,13.85,13.85,181430,14.87,14.925,98850
2018-07-27,14.35,14.325,181384,15.25,15.175,102404
2018-07-30,14.85,14.875,173339,15.6,15.625,102959
2018-07-31,14.05,14.075,167075,15.05,15.025,107137
2018-08-01,14.2,14.275,161997,15.15,15.125,108538
2018-08-02,13.85,13.925,185156,14.85,14.975,139468
2018-08-03,13.56,13.525,148732,14.8,14.8,127275
2018-08-06,13.1,13.025,152748,14.4,14.375,137405
2018-08-07,12.7,12.725,145276,13.95,14.025,150301
2018-08-08,12.61,12.575,144562,14.0,13.975,162042
2018-08-09,12.7,12.675,143446,14.1,14.125,168504
2018-08-10,13.57,13.775,140771,14.6,14.775,176697
2018-08-13,14.8,14.875,123356,15.46,15.475,181180
2018-08-14,13.75,13.725,111210,14.73,14.725,189781
2018-08-15,14.8,14.875,97040,15.25,15.225,195696
2018-08-16,13.77,13.725,80970,14.8,14.775,202375
2018-08-17,13.05,13.075,69123,14.3,14.325,204030
2018-08-20,12.85,12.775,55452,14.2,14.175,212316
2018-08-21,13.05,12.875,41381,14.85,14.625,219190
2018-08-22,12.85,12.61,30443,14.15,14.175,228351
2018-08-23,14.22,14.225,227166,15.15,15.175,92203
2018-08-24,14.1,14.125,221261,15.12,15.175,93788
2018-08-27,14.15,14.125,216491,15.2,15.225,100215
2018-08-28,14.15,14.075,208502,15.25,15.275,106033
2018-08-29,13.95,13.925,202557,15.22,15.225,112729
2018-08-30,14.55,14.525,195977,15.7,15.675,115078
2018-08-31,13.98,14.025,184432,15.16,15.175,120144
2018-09-04,14.25,14.225,181494,15.25,15.225,130885
2018-09-05,14.6,14.575,162762,15.52,15.525,144740
2018-09-06,15.2,15.175,157684,16.0,16.025,155545
2018-09-07,15.45,15.375,148936,16.16,16.225,164101
2018-09-10,14.75,14.775,142692,15.7,15.675,171222
2018-09-11,14.2,14.225,130911,15.13,15.125,181445
2018-09-12,14.05,14.025,115520,15.0,15.025,188386
2018-09-13,13.42,13.375,100103,14.67,14.625,199406
2018-09-14,12.95,12.875,87618,14.38,14.375,204794
2018-09-17,13.55,13.575,69732,14.9,14.975,228905
2018-09-18,12.95,12.725,48786,14.65,14.675,238779
2018-09-19,12.55,11.94,34390,14.3,14.275,255754
2018-09-20,13.95,14.025,249695,14.85,14.925,93453
2018-09-21,14.3,14.125,248414,15.12,15.075,94151
2018-09-24,14.0,14.025,244599,14.85,14.925,106417
2018-09-25,14.05,14.075,241417,14.95,14.975,108769
2018-09-26,14.4,14.425,230328,15.2,15.275,115740
2018-09-27,14.1,14.125,226642,15.0,15.025,121553
2018-09-28,14.0,13.975,215861,14.95,14.975,129037
2018-10-01,13.9,13.925,209336,14.8,14.875,137635
2018-10-02,13.95,13.975,198747,14.9,14.925,153622
2018-10-03,14.0,13.775,193954,14.9,14.725,159040
2018-10-04,14.7,14.875,188712,15.18,15.225,169429
2018-10-05,15.27,15.225,166469,15.54,15.475,181963
2018-10-08,15.77,15.675,148284,15.76,15.725,186286
2018-10-09,16.02,15.975,131324,15.96,15.925,198358
2018-10-10,20.4,20.125,110632,18.49,18.525,206180
2018-10-11,21.4,21.175,111394,18.7,18.525,237035
2018-10-12,20.05,19.925,81225,18.15,18.125,227610
2018-10-15,20.27,20.125,64851,18.65,18.525,223344
2018-10-16,17.7,17.675,53930,17.25,17.275,225812
2018-10-17,18.6,17.23,36732,17.13,17.125,220094
2018-10-18,18.38,18.425,214191,18.06,18.075,96100
2018-10-19,18.55,18.425,226716,18.26,18.175,96423
2018-10-22,18.62,18.625,214269,18.25,18.225,102431
2018-10-23,18.9,18.825,208553,18.47,18.425,101004
2018-10-24,20.37,20.625,213167,19.46,19.625,108037
2018-10-25,21.06,20.925,213758,19.92,19.825,112610
2018-10-26,21.3,21.075,205847,20.26,20.075,116674
2018-10-29,21.7,21.525,199508,20.67,20.575,127927
2018-10-30,20.8,20.925,195145,20.13,20.225,129125
2018-10-31,20.3,20.275,185499,19.8,19.775,131402
2018-11-01,19.45,19.275,178763,19.12,19.025,130370
2018-11-02,19.61,19.575,159299,19.12,19.075,130070
2018-11-05,,19.425,155629,,18.825,133413
2018-11-06,18.65,18.625,148058,18.3,18.225,135485
2018-11-07,16.75,16.825,142036,17.11,17.125,141598
2018-11-08,17.0,16.975,131378,17.19,17.175,147391
2018-11-09,17.55,17.475,121509,17.67,17.675,145758
2018-11-12,19.55,19.575,118309,18.71,18.725,151244
2018-11-13,19.42,19.425,111752,18.9,18.925,169482
2018-11-14,20.1,20.175,102172,19.42,19.425,179376
2018-11-15,19.45,19.375,82229,19.17,19.125,185369
2018-11-16,18.3,18.275,72055,18.35,18.325,190009
2018-11-19,19.91,19.925,58107,19.4,19.375,192115
2018-11-20,22.3,22.175,49741,20.55,20.425,204771
2018-11-21,21.4,22.07,36917,20.1,20.125,213244
2018-11-23,20.45,20.475,203026,20.51,20.525,73853
2018-11-26,,18.925,196392,,19.375,80015
2018-11-27,18.65,18.775,184034,19.06,19.125,80289
2018-11-28,18.2,18.225,180597,18.57,18.575,84870
2018-11-29,18.45,18.375,173860,18.85,18.825,81762
2018-11-30,17.65,17.675,171963,18.23,18.175,84876
2018-12-03,16.7,16.775,163727,17.37,17.375,87261
2018-12-04,19.4,19.425,151937,19.25,19.275,97958
2018-12-05,19.02,19.025,147216,19.05,19.05,102640
2018-12-06,19.9,19.925,146428,19.45,19.475,102527
2018-12-07,21.4,21.425,136323,20.62,20.675,120932
2018-12-10,21.3,21.325,128439,20.56,20.525,133255
2018-12-11,21.72,21.275,113629,20.84,20.475,140110
2018-12-12,21.15,21.075,100270,20.55,20.425,149986
2018-12-13,20.7,20.725,84982,20.25,20.225,149381
2018-12-14,21.82,21.725,73128,20.91,20.875,161097
2018-12-17,23.32,23.475,67870,21.62,21.675,169061
2018-12-18,24.77,24.675,56617,22.15,21.975,190529
2018-12-19,25.0,26.2,52838,22.3,22.325,199055
2018-12-20,22.72,22.725,198087,22.1,22.075,63001
2018-12-21,24.0,24.3,198416,22.76,22.925,69323
2018-12-24,25.95,25.9,185036,23.35,23.325,72005
2018-12-26,24.85,24.675,177066,22.75,22.625,75253
2018-12-27,25.25,25.025,162119,23.1,22.925,75617
2018-12-28,25.31,25.325,153784,23.04,22.975,88983
2018-12-31,24.25,24.175,144628,22.3,22.275,95035
2019-01-02,23.75,23.125,131185,22.35,21.875,98470
2019-01-03,24.37,24.375,121603,22.8,22.775,108351
2019-01-04,22.0,21.925,113656,21.3,21.225,117909
2019-01-07,21.35,21.425,102360,20.95,20.925,120074
2019-01-08,20.65,20.625,91416,20.65,20.625,129780
2019-01-09,20.25,20.125,81812,20.3,20.275,141532
2019-01-10,19.85,19.875,69221,20.0,20.025,146154
2019-01-11,19.05,19.025,59243,19.45,19.475,154306
2019-01-14,19.25,19.225,50761,19.55,19.475,161838
2019-01-15,18.9,18.825,35371,18.85,18.825,173184
2019-01-16,18.3,18.87,25620,18.85,19.025,182391
2019-01-17,18.6,18.525,181503,18.85,18.775,58198
2019-01-18,18.25,18.325,167333,18.6,18.625,61464
2019-01-22,20.04,20.175,158701,19.6,19.725,65715
2019-01-23,19.75,19.725,150615,19.56,19.575,58619
2019-01-24,19.25,19.175,142652,19.21,19.225,60798
2019-01-25,18.2,18.275,134929,18.5,18.525,64106
2019-01-28,19.15,19.125,134820,19.14,19.125,67944
2019-01-29,18.85,18.925,130182,18.85,18.875,72344
2019-01-30,17.95,17.975,121855,18.45,18.375,76677
2019-01-31,17.1,17.125,115646,17.77,17.775,86552
2019-02-01,17.0,17.025,113341,17.55,17.525,93231
2019-02-04,16.55,16.525,105768,17.05,17.075,96457
2019-02-05,16.55,16.525,95584,17.0,16.975,105820
2019-02-06,16.35,16.375,83151,16.77,16.825,114190
2019-02-07,17.23,17.175,75633,17.35,17.375,125477
2019-02-08,16.65,16.625,67888,17.06,17.075,134150
2019-02-11,16.3,16.225,56444,17.05,16.975,143679
2019-02-12,15.74,15.625,47305,16.75,16.725,153987
2019-02-13,15.6,15.6,35657,16.7,16.675,164306
2019-02-14,17.0,16.925,164557,17.15,17.125,46750
2019-02-15,16.35,16.325,166818,16.62,16.625,50537
2019-02-19,16.33,16.325,169297,16.61,16.625,56077
2019-02-20,15.52,15.575,170854,16.17,16.225,61462
2019-02-21,15.9,15.875,177078,16.47,16.475,68230
2019-02-22,15.15,15.175,168888,15.9,15.925,75953
2019-02-25,15.62,15.575,162786,16.15,16.125,77239
2019-02-26,15.85,15.725,162108,16.41,16.375,87533
2019-02-27,15.6,15.675,160687,16.28,16.325,91044
2019-02-28,15.65,15.575,151386,16.35,16.225,93439
2019-03-01,14.87,14.825,142092,15.66,15.625,92964
2019-03-04,15.35,15.275,140345,15.9,15.875,105333
2019-03-05,15.56,15.475,131293,16.08,16.075,107145
2019-03-06,16.11,16.075,123613,16.48,16.475,117060
2019-03-07,16.72,16.725,117288,16.87,16.875,122471
2019-03-08,16.67,16.675,103605,17.0,16.975,128129
2019-03-11,15.05,15.025,93826,15.9,15.925,133541
2019-03-12,14.45,14.475,89088,15.67,15.675,148753
2019-03-13,14.07,14.075,86881,15.47,15.475,157283
2019-03-14,13.95,13.925,78399,15.32,15.325,171185
2019-03-15,13.55,13.475,62532,14.93,14.875,183831
2019-03-18,13.0,12.925,50798,14.99,15.025,200126
2019-03-19,12.5,12.35,43860,15.15,15.125,214208
2019-03-20,15.44,15.325,223848,16.17,16.125,50203
2019-03-21,15.11,15.075,211651,15.93,15.925,53260
2019-03-22,16.77,16.725,217817,17.05,17.125,58807
2019-03-25,16.85,16.825,193525,17.15,17.225,64716
2019-03-26,15.9,15.925,182685,16.63,16.675,69022
2019-03-27,16.25,16.225,175187,17.01,16.975,72722
2019-03-28,15.65,15.625,171645,16.6,16.625,77669
2019-03-29,15.21,15.225,167919,16.27,16.325,82433
2019-04-01,14.86,14.875,162342,15.95,15.975,92168
2019-04-02,14.87,14.875,156451,16.06,16.075,106689
2019-04-03,14.96,14.875,152656,16.03,16.025,120665
2019-04-04,14.76,14.775,137698,15.92,15.925,136584
2019-04-05,14.32,14.325,131482,15.66,15.675,144552
2019-04-08,14.41,14.475,121467,15.63,15.675,144064
2019-04-09,15.09,15.075,113547,16.2,16.225,179812
2019-04-10,14.41,14.425,102361,15.72,15.775,186877
2019-04-11,13.77,13.825,91687,15.4,15.525,196956
2019-04-12,12.81,12.775,78427,14.78,14.775,215314
2019-04-15,12.65,12.575,68882,14.7,14.675,235021
2019-04-16,12.5,12.575,50245,14.6,14.625,235107
2019-04-17,12.25,11.71,39829,14.65,14.625,269734
2019-04-18,14.47,14.425,,15.55,15.575,
2019-04-22,14.2,14.175,266209,15.36,15.375,71089
2019-04-23,14.15,14.125,264342,15.35,15.325,78245
2019-04-24,14.6,14.575,242926,15.63,15.625,88183
2019-04-25,14.82,14.825,242045,15.9,15.975,96510
2019-04-26,14.37,14.325,220651,15.6,15.525,102191
2019-04-29,14.55,14.525,223978,15.7,15.725,109688
2019-04-30,14.38,14.425,211351,15.67,15.775,119168
2019-05-01,15.36,15.225,206922,16.37,16.325,128535
2019-05-02,15.13,15.175,195157,16.22,16.225,141216
2019-05-03,14.25,14.275,181381,15.58,15.575,149154
2019-05-06,15.58,15.525,171103,16.36,16.325,151941
2019-05-07,18.0,17.875,155167,17.85,17.725,149534
2019-05-08,18.25,18.175,150185,17.95,17.925,157094
2019-05-09,17.95,17.975,128138,17.85,17.875,159705
2019-05-10,16.15,16.125,120023,16.77,16.825,161014
2019-05-13,19.47,19.525,106960,18.95,18.975,161364
2019-05-14,18.02,18.125,99157,18.02,18.075,175363
2019-05-15,16.9,16.925,79847,17.32,17.375,171453
2019-05-16,15.6,15.725,69101,16.67,16.775,183175
2019-05-17,15.95,15.875,59878,17.0,17.025,195803
2019-05-20,16.08,16.125,49077,17.1,17.175,204324
2019-05-21,15.0,15.025,40137,16.25,16.275,204332
2019-05-22,15.0,15.01,33593,16.25,16.225,208556
2019-05-23,17.3,17.325,202310,17.58,17.625,47067
2019-05-24,16.88,16.725,215745,17.4,17.325,56269
2019-05-28,17.43,17.375,203403,17.76,17.725,63135
2019-05-29,17.78,17.775,197353,18.01,18.025,72200
2019-05-30,17.41,17.425,192582,17.78,17.825,79974
2019-05-31,18.23,18.175,184411,18.4,18.375,87100
2019-06-03,18.25,18.275,181523,18.3,18.325,98147
2019-06-04,17.25,17.225,175125,17.65,17.675,114305
2019-06-05,16.63,16.625,157108,17.25,17.325,121950
2019-06-06,16.7,16.475,146717,17.22,17.125,129004
2019-06-07,16.75,16.725,137053,17.24,17.225,138530
2019-06-10,16.36,16.375,122299,17.0,17.025,148728
2019-06-11,16.49,16.475,112136,17.15,17.125,158769
2019-06-12,16.4,16.325,96282,17.06,17.025,173224
2019-06-13,16.13,16.125,82060,17.0,17.025,185991
2019-06-14,15.76,15.775,69128,16.78,16.775,196161
2019-06-17,15.3,15.275,54792,16.64,16.625,189470
2019-06-18,15.05,15.075,47534,16.6,16.625,217053
2019-06-19,14.9,14.8,36333,15.9,15.875,216793
2019-06-20,16.15,16.125,224066,16.7,16.725,48036
2019-06-21,16.55,16.525,215787,17.11,17.125,55485
2019-06-24,16.28,16.275,210959,16.96,16.975,67206
2019-06-25,16.7,16.675,201240,17.3,17.325,70408
2019-06-26,16.6,16.525,191446,17.3,17.275,81717
2019-06-27,16.1,16.075,183244,17.0,16.975,91574
2019-06-28,15.66,15.525,177092,16.62,16.575,102456
2019-07-01,14.95,14.925,172049,16.15,16.125,113958
2019-07-02,14.2,14.225,161331,15.56,15.575,129366
2019-07-03,14.0,14.025,153739,15.53,15.525,142258
2019-07-05,14.35,14.325,141366,15.66,15.675,149618
2019-07-08,14.9,14.875,129654,16.05,16.025,167446
2019-07-09,14.85,14.825,109603,16.06,16.075,178967
2019-07-10,14.05,14.025,95109,15.6,15.575,192630
2019-07-11,13.66,13.625,81407,15.43,15.425,205420
2019-07-12,13.14,13.125,69940,15.2,15.225,222333
2019-07-15,12.91,12.875,56339,15.23,15.225,239723
2019-07-16,12.95,12.775,42895,15.35,15.325,253773
2019-07-17,12.38,12.69,28771,15.79,15.725,265065
2019-07-18,15.26,15.325,263140,16.27,16.375,60691
2019-07-19,15.9,15.875,261145,16.75,16.725,63878
2019-07-22,15.2,15.175,250867,16.35,16.375,76261
2019-07-23,14.95,14.775,242711,16.2,16.125,77011
2019-07-24,14.4,14.375,227725,15.8,15.825,85752
2019-07-25,14.71,14.675,235255,16.15,16.125,94590
2019-07-26,14.41,14.375,229039,15.83,15.825,99860
2019-07-29,14.5,14.475,222223,15.95,15.925,110441
2019-07-30,15.05,15.075,215634,16.35,16.425,121695
2019-07-31,16.25,16.075,205334,17.23,17.175,130495
2019-08-01,17.45,17.475,196352,17.76,17.775,141022
2019-08-02,17.5,17.475,180529,17.7,17.675,147975
2019-08-05,21.9,21.625,160536,20.55,20.225,147154
2019-08-06,19.5,19.675,163090,19.38,19.425,155011
2019-08-07,19.35,19.375,143387,19.15,19.125,156882
2019-08-08,17.7,17.725,125729,18.01,18.075,156225
2019-08-09,18.45,18.475,109590,18.5,18.575,160714
2019-08-12,20.6,20.775,102825,19.82,19.975,162849
2019-08-13,18.18,18.125,100462,18.5,18.475,178511
2019-08-14,21.65,21.425,83878,20.5,20.425,181625
2019-08-15,21.23,21.175,78886,20.5,20.475,204644
2019-08-16,18.91,18.775,72144,19.37,19.325,210289
2019-08-19,16.85,16.825,57713,18.08,18.075,212988
2019-08-20,17.55,17.225,47705,18.59,18.475,208868
2019-08-21,15.95,15.63,32974,17.35,17.375,212157
2019-08-22,17.92,17.875,201134,18.29,18.325,47526
2019-08-23,19.9,19.675,187537,19.65,19.475,53577
2019-08-26,19.45,19.425,188171,19.43,19.425,65325
2019-08-27,20.08,20.125,181323,19.99,20.075,71337
2019-08-28,19.44,19.375,175649,19.66,19.625,78387
2019-08-29,18.55,18.475,158983,19.08,19.025,81823
2019-08-30,18.88,18.825,146031,19.21,19.175,84546
2019-09-03,19.56,19.525,139322,19.56,19.525,90682
2019-09-04,18.14,18.075,128527,18.71,18.675,105102
2019-09-05,17.3,17.275,119702,18.25,18.225,111605
2019-09-06,16.47,16.525,114254,17.67,17.725,117979
2019-09-09,16.41,16.425,108632,17.67,17.675,129142
2019-09-10,16.35,16.225,98432,17.72,17.675,139148
2019-09-11,15.78,15.725,85981,17.32,17.325,147179
2019-09-12,15.05,14.975,76811,17.03,17.025,159196
2019-09-13,14.45,14.475,71975,16.84,16.875,178188
2019-09-16,14.68,14.625,57223,17.2,17.275,189328
2019-09-17,14.62,14.525,49999,17.1,17.075,206627
2019-09-18,14.15,14.54,30360,16.36,16.375,218292
2019-09-19,16.3,16.225,217469,17.65,17.575,58064
2019-09-20,17.3,17.225,229248,18.35,18.375,66528
2019-09-23,16.72,16.725,222264,18.0,18.025,76654
2019-09-24,17.81,17.875,211428,18.65,18.675,85232
2019-09-25,17.27,17.225,199380,18.4,18.375,92432
2019-09-26,17.55,17.425,193843,18.62,18.575,95408
2019-09-27,17.95,18.025,190713,18.9,19.025,106557
2019-09-30,17.13,17.125,178848,18.32,18.275,118773
2019-10-01,18.49,18.575,168093,19.22,19.325,124989
2019-10-02,20.06,20.075,160510,20.1,20.175,142208
2019-10-03,18.95,18.975,142233,19.37,19.375,145111
2019-10-04,17.65,17.625,123041,18.62,18.675,145745
2019-10-07,18.05,17.975,115250,18.8,18.775,148585
2019-10-08,20.0,20.075,98810,19.88,19.975,157161
2019-10-09,18.56,18.575,94395,19.24,19.275,172195
2019-10-10,17.3,17.625,79438,18.62,18.825,176330
2019-10-11,15.85,15.825,69073,18.0,18.075,178784
2019-10-14,14.55,14.525,59282,17.35,17.325,199148
2019-10-15,13.6,13.625,51139,16.95,16.875,220542
2019-10-16,13.75,13.78,34864,16.72,16.725,246349
2019-10-17,16.6,16.575,250465,17.4,17.425,72997
2019-10-18,16.65,16.675,247888,17.53,17.525,77994
2019-10-21,16.13,16.075,247391,17.23,17.225,82660
2019-10-22,16.55,16.475,237998,17.65,17.575,88073
2019-10-23,16.19,16.175,236344,17.31,17.325,93017
2019-10-24,16.1,16.025,229630,17.26,17.275,100927
2019-10-25,15.4,15.425,236734,16.88,16.925,111262
2019-10-28,15.55,15.625,219120,16.95,17.025,114130
2019-10-29,15.55,15.475,214911,17.02,17.025,122914
2019-10-30,15.0,14.975,197580,16.52,16.475,121274
2019-10-31,15.28,15.275,204061,16.75,16.725,136874
2019-11-01,14.6,14.575,197081,16.2,16.175,147129
2019-11-04,14.72,14.725,179418,16.22,16.225,167918
2019-11-05,15.05,15.025,180115,16.55,16.575,182948
2019-11-06,14.78,14.775,165199,16.31,16.325,190495
2019-11-07,14.65,14.625,145955,16.2,16.175,194712
2019-11-08,14.35,14.275,141702,16.05,16.025,215687
2019-11-11,14.15,14.075,133424,15.9,15.825,229087
2019-11-12,13.93,13.875,122451,15.8,15.825,241872
2019-11-13,13.96,13.975,110831,15.82,15.825,255158
2019-11-14,13.7,13.725,95251,15.65,15.625,268090
2019-11-15,13.0,12.975,81091,15.09,15.125,262127
2019-11-18,12.75,12.675,74810,15.01,15.025,286875
2019-11-19,13.13,13.075,63575,15.21,15.225,296045
2019-11-20,13.34,13.01,41623,15.21,15.175,312041
2019-11-21,15.35,15.325,301302,17.02,17.025,78029
2019-11-22,14.85,14.775,292686,16.72,16.725,83729
2019-11-25,14.15,14.075,280086,16.26,16.225,87723
2019-11-26,13.95,13.875,269380,16.1,16.075,98122
2019-11-27,13.9,13.825,258239,16.15,16.125,112218
2019-11-29,14.13,14.125,246377,16.39,16.375,120247
2019-12-02,15.35,15.225,231351,17.08,17.075,132385
2019-12-03,16.25,16.225,216915,17.6,17.575,146218
2019-12-04,15.35,15.325,193834,16.97,16.975,152627
2019-12-05,15.05,15.025,169928,16.76,16.775,165477
2019-12-06,14.4,14.425,155102,16.3,16.375,172868
2019-12-09,15.7,15.625,142106,17.15,17.125,179428
2019-12-10,15.3,15.275,127822,16.9,16.875,189235
2019-12-11,14.8,14.775,116363,16.55,16.575,199874
2019-12-12,13.69,13.625,99377,15.95,15.925,209522
2019-12-13,12.65,12.575,82492,15.15,15.175,208892
2019-12-16,12.16,12.225,65930,14.84,14.825,216455
2019-12-17,12.5,12.475,60248,14.9,14.875,224451
2019-12-18,12.05,11.99,42107,14.9,14.825,221454
2019-12-19,14.65,14.625,214601,16.28,16.275,78212
2019-12-20,14.76,14.775,219572,16.37,16.425,84264
2019-12-23,14.77,14.775,212249,16.52,16.575,92908
2019-12-24,14.55,14.525,204976,16.45,16.475,98110
2019-12-26,14.65,14.525,198048,16.63,16.575,102146
2019-12-27,15.15,15.125,190540,17.0,17.025,107529
2019-12-30,15.6,15.525,177254,17.3,17.375,119418
2019-12-31,14.61,14.625,,16.63,16.625,
2020-01-02,14.05,14.075,154584,16.1,16.125,131663
2020-01-03,15.2,15.025,144499,16.75,16.725,146725
2020-01-06,14.95,14.875,141910,16.75,16.675,152877
2020-01-07,15.0,14.675,133309,16.7,16.525,158203
2020-01-08,14.3,14.175,123217,16.2,16.125,157572
2020-01-09,13.65,13.625,121787,15.76,15.775,176545
2020-01-10,13.6,13.575,116803,15.75,15.725,184899
2020-01-13,13.19,13.175,106976,15.36,15.375,199339
2020-01-14,13.1,13.075,110078,15.21,15.225,219430
2020-01-15,12.93,12.925,85565,15.18,15.175,227480
2020-01-16,12.62,12.575,73921,14.9,14.925,237450
2020-01-17,12.6,12.525,61784,14.95,14.925,250499
2020-01-21,12.81,12.925,50008,15.03,15.075,243133
2020-01-22,12.55,12.62,29827,15.27,15.175,265139
2020-01-23,15.1,15.025,255962,15.68,15.675,82155
2020-01-24,16.04,16.025,246546,16.21,16.225,85637
2020-01-27,17.75,17.775,221448,17.28,17.325,89929
2020-01-28,16.6,16.675,226707,16.65,16.825,100027
2020-01-29,16.73,16.675,199752,16.8,16.775,107508
2020-01-30,16.05,16.075,196667,16.35,16.425,113065
2020-01-31,18.3,18.225,188098,17.85,17.725,121571
2020-02-03,17.94,17.975,185300,17.41,17.425,135742
2020-02-04,16.64,16.525,164354,16.55,16.525,151056
2020-02-05,15.8,15.725,147728,16.1,16.125,151475
2020-02-06,15.5,15.575,139123,15.9,15.975,157465
2020-02-07,16.07,16.025,125666,16.27,16.225,173088
2020-02-10,15.65,15.625,115805,15.98,15.975,180584
2020-02-11,15.55,15.625,99762,15.9,15.925,188058
2020-02-12,14.42,14.475,86054,15.27,15.325,194201
2020-02-13,14.83,14.825,73410,15.56,15.575,198777
2020-02-14,14.4,14.425,64246,15.4,15.425,209570
2020-02-18,15.0,14.875,52186,15.8,15.825,219580
2020-02-19,14.5,14.51,29143,15.39,15.375,232971
2020-02-20,16.2,16.075,224565,16.9,16.825,65658
2020-02-21,17.05,16.925,218534,17.33,17.325,73621
2020-02-24,20.15,20.075,217530,19.4,19.375,80557
2020-02-25,21.85,22.225,233328,20.6,20.875,90463
2020-02-26,22.35,22.325,210503,20.95,20.975,98514
2020-02-27,26.35,26.275,192883,23.55,23.525,101495
2020-02-28,26.1,26.325,202794,23.0,23.025,112875
2020-03-02,26.15,26.275,192263,23.3,23.325,121789
2020-03-03,29.3,29.175,171998,25.5,25.525,122974
2020-03-04,27.5,27.425,169220,24.7,24.625,136495
2020-03-05,31.7,31.875,158520,27.52,27.525,134964
2020-03-06,36.17,35.775,154911,30.65,30.325,151361
2020-03-09,45.65,44.375,145767,37.2,36.225,163972
2020-03-10,41.56,41.825,134442,34.55,34.775,177993
2020-03-11,46.65,46.35,123831,38.85,38.575,177065
2020-03-12,60.05,58.3,116779,47.65,45.825,185569
2020-03-13,54.45,53.425,96501,44.8,43.9,206210
2020-03-16,72.05,72.625,87710,58.85,59.15,203625
2020-03-17,70.55,68.825,75724,60.7,61.425,234727
2020-03-18,81.95,69.76,65191,70.8,70.475,229347
2020-03-19,68.4,66.3,199773,60.5,58.975,52485
2020-03-20,62.0,61.525,157519,56.95,56.625,56647
2020-03-23,49.4,49.45,125724,44.6,45.325,56177
2020-03-24,46.7,48.25,114797,39.65,40.15,58635
2020-03-25,51.45,51.275,144865,44.69,44.525,87932
2020-03-26,46.4,45.875,94135,39.85,39.65,61764
2020-03-27,53.3,53.425,88871,44.6,44.825,62509
2020-03-30,49.95,49.775,86700,42.75,42.75,67021
2020-03-31,47.25,46.775,80178,41.2,40.925,68489
2020-04-01,50.5,51.325,74363,44.02,44.625,68864
2020-04-02,47.65,47.175,72102,42.41,42.025,75754
2020-04-03,45.02,44.925,68279,41.1,40.9,78905
2020-04-06,42.11,41.775,62647,38.22,37.925,84659
2020-04-07,44.0,44.025,60103,39.6,39.675,87086
2020-04-08,42.45,42.375,57909,38.24,38.3,95368
2020-04-09,41.22,41.275,,36.92,36.925,
2020-04-13,40.8,40.575,54417,36.22,36.125,100869
2020-04-14,37.93,37.875,49779,33.2,32.975,107305
2020-04-15,42.4,42.51,43609,36.6,36.575,107907
2020-04-16,35.6,36.525,109719,33.65,34.425,27624
2020-04-17,34.8,34.575,105739,33.3,33.075,28997
2020-04-20,39.0,39.075,104302,36.12,36.225,32947
2020-04-21,,41.775,100876,,38.675,32428
2020-04-22,39.5,39.625,94714,37.37,37.375,36335
2020-04-23,39.67,39.725,91376,37.75,37.725,40422
2020-04-24,36.95,36.775,88162,35.7,35.575,43162
2020-04-27,33.95,33.875,83435,33.5,33.475,46557
2020-04-28,34.4,34.175,78360,33.97,33.825,50316
2020-04-29,31.75,31.925,77282,31.62,31.775,53222
2020-04-30,34.6,33.975,76950,33.6,33.225,53301
2020-05-01,37.4,37.35,74576,36.0,35.975,57406
2020-05-04,35.7,35.675,72885,35.05,34.975,61370
2020-05-05,,34.025,70181,,33.775,63155
2020-05-06,34.8,34.775,67154,34.59,34.575,65527
2020-05-07,32.2,32.125,65442,32.65,32.625,68866
2020-05-08,29.41,29.325,61849,30.67,30.725,73164
2020-05-11,28.08,27.825,61438,29.28,29.025,78566
2020-05-12,,33.075,58194,,32.925,80958
2020-05-13,34.49,35.075,53220,34.37,34.925,89416
2020-05-14,32.76,32.375,46406,33.17,32.925,90491
2020-05-15,32.12,32.125,43879,32.67,32.725,93015
2020-05-18,29.1,28.925,40471,30.21,30.1,99688
2020-05-19,,30.75,37361,,32.075,105635
2020-05-20,,28.11,31324,,29.775,113484
2020-05-21,30.85,31.025,110040,31.48,31.625,40009
2020-05-22,30.24,30.375,104255,30.94,31.075,41404
2020-05-26,29.6,29.625,100260,30.46,30.475,45990
2020-05-27,29.1,29.075,95624,30.1,30.075,48568
2020-05-28,30.3,30.325,96018,31.1,31.125,53504
2020-05-29,28.85,28.825,96156,30.13,30.175,58952
2020-06-01,29.6,29.525,90465,30.76,30.775,62261
2020-06-02,28.2,28.225,93869,29.9,30.025,70875
2020-06-03,27.05,27.0,89946,29.15,29.075,79124
2020-06-04,26.65,26.725,83998,28.6,28.725,86413
2020-06-05,25.42,25.325,80209,27.21,27.175,90568
2020-06-08,26.07,26.025,76012,27.87,27.925,96269
2020-06-09,27.55,27.625,70832,29.38,29.575,107050
2020-06-10,27.45,27.475,62733,29.0,29.025,117076
2020-06-11,40.19,40.625,55905,39.08,39.675,121047
2020-06-12,35.25,35.075,46959,34.95,34.825,133776
2020-06-15,34.05,33.9,35315,34.1,34.075,126542
2020-06-16,33.18,33.1,27307,33.53,33.625,132674
2020-06-17,32.8,33.44,20256,33.6,33.625,142885
2020-06-18,33.6,33.575,139786,33.35,33.375,31441
2020-06-19,35.15,35.275,140410,34.55,34.725,33336
2020-06-22,31.75,31.625,137630,31.77,31.675,36532
2020-06-23,32.0,31.925,130630,31.92,31.925,39292
2020-06-24,33.6,33.575,130637,33.45,33.475,42623
2020-06-25,32.25,32.175,127445,32.45,32.325,44695
2020-06-26,34.45,34.525,122847,34.38,34.475,48400
2020-06-29,32.4,32.325,125169,32.88,32.825,54520
2020-06-30,30.79,30.875,119900,31.75,31.825,59368
2020-07-01,29.74,29.825,113098,30.84,30.825,63955
2020-07-02,29.15,29.075,112187,30.1,30.075,70800
2020-07-06,29.29,29.25,104117,30.23,30.2,76166
2020-07-07,30.64,30.575,100572,31.16,31.125,84077
2020-07-08,29.4,29.525,97289,30.35,30.425,90968
2020-07-09,30.05,30.225,93937,31.09,31.225,95608
2020-07-10,28.88,28.775,89692,30.36,30.325,102394
2020-07-13,32.1,31.825,83434,32.9,32.975,105811
2020-07-14,29.65,29.625,71074,31.25,31.275,122319
2020-07-15,28.35,28.325,63190,30.42,30.375,128955
2020-07-16,28.09,28.125,57145,30.26,30.275,136269
2020-07-17,26.34,26.425,49965,28.98,28.975,145157
2020-07-20,24.7,24.725,43873,27.45,27.525,151526
2020-07-21,24.83,24.775,39160,27.9,27.825,158664
2020-07-22,24.85,25.45,30782,27.38,27.25,167202
2020-07-23,28.7,28.775,165312,30.2,30.275,34679
2020-07-24,28.78,28.725,159771,30.56,30.525,40198
2020-07-27,27.5,27.525,153906,29.82,29.925,44842
2020-07-28,27.6,27.525,148660,29.93,29.875,49596
2020-07-29,26.63,26.775,140472,29.3,29.475,56233
2020-07-30,26.75,27.175,136193,29.55,29.825,61081
2020-07-31,26.9,26.825,127539,29.68,29.625,66379
2020-08-03,26.8,26.775,121483,29.34,29.375,72280
2020-08-04,25.85,25.875,113520,28.45,28.425,82278
2020-08-05,25.25,25.325,106965,28.08,28.125,89431
2020-08-06,24.85,24.875,103164,27.75,27.875,96780
2020-08-07,24.6,24.625,97856,27.84,27.825,102966
2020-08-10,23.85,23.775,93298,27.1,27.125,111916
2020-08-11,24.68,24.925,84066,27.9,28.175,120904
2020-08-12,23.35,23.275,71807,26.95,26.875,129427
2020-08-13,23.2,23.225,59364,26.82,26.825,140357
2020-08-14,23.29,23.275,48113,26.94,26.975,150510
2020-08-17,21.9,21.775,37190,25.93,25.825,160228
2020-08-18,21.95,21.775,27876,25.55,25.475,169647
2020-08-19,21.8,21.71,15351,26.25,26.225,179090
2020-08-20,25.88,25.875,176774,29.22,29.225,54470
2020-08-21,26.0,25.925,172783,29.57,29.575,58143
2020-08-24,25.9,25.825,168321,29.6,29.575,62631
2020-08-25,25.35,25.475,161960,29.43,29.475,69389
2020-08-26,26.15,26.075,157249,30.4,30.375,74747
2020-08-27,27.05,27.025,150441,31.25,31.325,78108
2020-08-28,26.9,26.95,141965,31.63,31.675,83785
2020-08-31,28.15,27.875,132640,33.3,33.225,88958
2020-09-01,28.35,28.325,124350,33.51,33.525,94274
2020-09-02,28.95,28.875,114428,35.39,35.325,102846
2020-09-03,34.1,33.875,112180,38.4,39.025,113030
2020-09-04,29.85,29.65,98718,36.28,36.175,119254
2020-09-08,30.1,30.225,79875,34.55,34.625,116357
2020-09-09,,28.375,68755,,33.225,120991
2020-09-10,28.86,28.775,59164,32.85,32.675,125605
2020-09-11,26.6,26.325,48617,31.84,31.875,133643
2020-09-14,25.85,25.725,43347,31.15,31.375,138156
2020-09-15,25.45,25.375,26839,30.4,30.425,146602
2020-09-16,25.4,26.12,16098,30.35,30.525,153786
2020-09-17,29.95,29.825,155365,30.52,30.575,40688
2020-09-18,30.1,30.075,152028,30.76,30.675,43359
2020-09-21,,31.225,148896,,31.675,46969
2020-09-22,31.42,31.375,142073,32.16,32.175,50288
2020-09-23,32.55,32.475,135963,33.27,33.325,53890
2020-09-24,32.25,32.225,133889,33.6,33.675,57702
2020-09-25,31.27,31.225,128341,32.9,32.925,60414
2020-09-28,31.0,30.825,122829,33.03,32.975,63867
2020-09-29,29.95,29.775,121149,32.15,32.075,68184
2020-09-30,30.5,30.375,119459,32.9,32.875,71047
2020-10-01,30.7,30.675,116107,32.49,32.475,76357
2020-10-02,31.95,32.075,112129,32.95,33.175,82819
2020-10-05,30.86,30.825,102495,32.23,32.225,87166
2020-10-06,31.55,31.225,98129,32.55,32.225,92686
2020-10-07,30.0,30.025,92816,31.7,31.725,98268
2020-10-08,28.0,28.125,88534,30.27,30.425,102738
2020-10-09,26.8,26.875,88752,29.05,29.025,110451
2020-10-12,26.2,26.325,82631,28.45,28.575,116223
2020-10-13,26.88,26.775,74727,28.58,28.575,126095
2020-10-14,27.15,27.075,66993,28.25,28.2,131637
2020-10-15,27.6,27.575,58993,28.85,28.875,139218
2020-10-16,27.9,27.875,51381,29.02,29.025,145441
2020-10-19,28.85,29.175,45907,29.9,30.225,153145
2020-10-20,29.6,29.275,37794,30.0,29.975,158782
2020-10-21,30.0,29.07,22690,29.2,29.225,166841
2020-10-22,28.85,28.825,160860,28.43,28.525,47511
2020-10-23,28.8,28.775,151396,28.59,28.625,53771
2020-10-26,,31.325,145006,,30.375,58407
2020-10-27,31.75,31.325,144271,31.12,30.925,63663
2020-10-28,35.6,36.0,138909,34.05,34.725,70393
2020-10-29,34.37,33.125,138259,33.4,32.575,78219
2020-10-30,33.91,34.1,128466,33.5,34.075,83668
2020-11-02,33.15,33.375,123409,32.95,33.175,92202
2020-11-03,31.25,31.425,115064,31.35,31.575,101024
2020-11-04,28.55,28.375,110494,28.95,29.175,108661
2020-11-05,27.73,27.775,101547,28.72,28.775,116838
2020-11-06,25.35,25.475,92374,27.1,27.175,122157
2020-11-09,25.35,25.575,81333,26.05,26.275,127584
2020-11-10,24.7,24.675,74412,25.53,25.425,134216
2020-11-11,24.15,23.825,60451,24.9,24.975,135198
2020-11-12,25.76,25.875,52329,26.43,26.575,141220
2020-11-13,23.35,23.325,43976,25.0,25.075,148555
2020-11-16,22.8,22.925,40713,24.45,24.525,150485
2020-11-17,23.3,22.975,33858,24.2,24.025,161518
2020-11-18,21.95,22.41,21928,25.0,24.875,172339
2020-11-19,24.9,24.475,168441,26.2,25.925,46756
2020-11-20,24.46,24.375,174080,25.85,25.825,60153
2020-11-23,24.15,24.1,158178,25.7,25.725,60242
2020-11-24,23.6,23.6,149344,25.4,25.625,65837
2020-11-25,22.8,22.625,144624,24.87,24.825,71983
2020-11-27,22.8,22.825,139039,24.9,25.025,78398
2020-11-30,22.5,22.375,132188,24.58,24.575,83901
2020-12-01,22.63,22.825,124050,24.3,24.425,93849
2020-12-02,22.75,22.675,117095,24.32,24.325,107787
2020-12-03,23.0,22.975,111326,24.4,24.475,114827
2020-12-04,22.71,22.475,103334,24.27,24.225,123639
2020-12-07,22.75,22.475,96120,24.54,24.325,132736
2020-12-08,21.55,21.375,92600,23.68,23.625,145785
2020-12-09,22.4,22.525,77892,24.2,24.375,151398
2020-12-10,22.55,22.525,68958,24.65,24.675,162834
2020-12-11,23.75,23.625,53258,25.62,25.575,172484
2020-12-14,24.4,24.275,43859,26.15,26.125,179775
2020-12-15,22.96,22.875,34475,24.8,24.975,189005
2020-12-16,22.7,23.35,20522,24.25,24.1,193457
2020-12-17,23.9,23.825,186940,25.4,25.425,50156
2020-12-18,24.0,24.175,179516,25.55,25.725,55110
2020-12-21,26.25,26.325,173692,27.0,27.125,58615
2020-12-22,25.8,25.775,170490,26.9,26.925,68043
2020-12-23,24.65,24.625,163838,26.05,26.175,69516
2020-12-24,23.85,23.825,154833,25.66,25.625,74863
2020-12-28,23.6,23.675,149254,25.44,25.575,79305
2020-12-29,24.7,24.625,140881,26.43,26.425,86209
2020-12-30,23.75,23.675,135225,25.65,25.625,92085
2020-12-31,23.6,23.675,130550,25.48,25.575,99207
2021-01-04,26.45,26.275,126320,27.19,27.125,104708
2021-01-05,25.4,25.325,119409,26.7,26.425,118542
2021-01-06,24.7,25.125,111463,25.94,26.275,125335
2021-01-07,23.2,23.225,104005,24.97,24.975,135313
2021-01-08,22.8,22.775,97478,24.82,24.825,144896
2021-01-11,24.35,24.475,86283,26.05,26.175,160089
2021-01-12,23.54,23.325,76470,25.51,25.425,167820
2021-01-13,22.75,22.675,66181,24.98,25.075,173087
2021-01-14,23.2,23.175,57587,25.32,25.325,186561
2021-01-15,24.6,23.775,49860,26.35,25.975,199189
2021-01-19,23.2,23.225,40776,25.3,25.225,207088
2021-01-20,22.5,22.59,18074,24.9,24.775,220268
2021-01-21,24.6,24.525,219146,,26.225,64057
2021-01-22,24.85,24.875,213879,26.44,26.525,67546
2021-01-25,25.85,25.9535,204641,27.3,27.4004,70859
2021-01-26,25.3,25.4095,195131,27.15,27.2267,78219
2021-01-27,33.05,31.5342,188249,31.8,31.2313,85902
2021-01-28,30.49,30.3946,179190,30.99,30.7199,102087
2021-01-29,32.85,32.3859,156932,32.4,32.4205,106120
2021-02-01,30.6,30.3302,154737,31.19,31.0263,104573
2021-02-02,27.35,27.5781,135918,28.59,28.7376,115650
2021-02-03,25.5,25.7794,120354,27.4,27.6514,121642
2021-02-04,24.3,24.2274,111756,,26.7436,125005
2021-02-05,24.2,24.0993,106565,26.71,26.65,141182
2021-02-08,23.85,23.8379,98018,26.55,26.5484,160581
2021-02-09,23.7,23.7021,88467,26.62,26.6863,179909
2021-02-10,23.75,23.7413,78401,27.07,27.2855,199573
2021-02-11,23.0,22.71,69886,26.9,26.692,217855
2021-02-12,21.4,21.3594,56795,25.9,25.8785,237454
2021-02-16,21.6,21.2418,48842,26.1,26.1251,254503
2021-02-17,21.7,22.81,28089,25.76,25.6,270534
2021-02-18,25.85,25.8017,261677,28.7,28.65,58713
2021-02-19,24.9,24.7988,252403,27.97,27.8902,68153
2021-02-22,25.6,25.9031,241118,28.36,28.6508,77603
2021-02-23,25.05,24.748,230852,27.99,27.8272,85170
2021-02-24,24.0,23.7595,217889,26.85,26.7495,91802
2021-02-25,28.3,28.215,203429,29.68,29.6522,98269
2021-02-26,27.1,26.7444,204080,28.55,28.2329,109388
2021-03-01,24.55,24.6158,175182,26.77,26.9033,112608
2021-03-02,24.85,24.765,162956,27.05,27.0329,125026
2021-03-03,26.35,26.1275,147401,27.9,27.9008,134890
2021-03-04,27.45,27.521,145366,28.75,28.9361,147015
2021-03-05,25.1,25.0507,136244,27.28,27.2112,155714
2021-03-08,25.45,25.3667,121277,27.55,27.6657,160914
2021-03-09,23.94,23.9726,106909,26.67,26.7188,172964
2021-03-10,23.45,23.5048,91327,26.38,26.4616,184273
2021-03-11,23.05,22.8882,83250,25.87,25.8013,197582
2021-03-12,22.05,21.9778,70848,25.44,25.4109,205276
2021-03-15,20.35,20.1006,60646,24.1,23.9781,213738
2021-03-16,19.95,19.9204,47687,24.0,24.047,225727
2021-03-17,20.2,20.8,33898,23.2,23.0025,232514
2021-03-18,24.16,24.3001,227580,25.75,25.8014,65258
2021-03-19,23.55,23.315,223099,25.45,25.2669,67522
2021-03-22,21.81,21.731,214012,23.92,23.9449,69024
2021-03-23,,22.833,207222,,24.7467,74812
2021-03-24,22.9,22.9775,209764,24.65,24.7612,84767
2021-03-25,22.25,22.3056,193637,24.14,24.2012,86956
2021-03-26,21.45,21.3859,180052,23.39,23.3135,90656
2021-03-29,21.9,22.0032,169944,23.53,23.6502,92929
2021-03-30,21.1,21.0321,162049,22.9,22.8076,102716
2021-03-31,20.75,20.734,155859,22.63,22.6758,105992
2021-04-01,19.9,20.0824,147130,21.85,22.0336,111906
2021-04-05,19.45,19.5423,152207,21.44,21.4914,125573
2021-04-06,19.65,19.561,132500,21.54,21.4864,129405
2021-04-07,18.85,18.986,125853,20.92,21.0655,135661
2021-04-08,18.4,18.4887,118895,20.75,20.805,142140
2021-04-09,18.45,18.1505,116389,20.97,20.8262,149704
2021-04-12,18.05,18.0039,112318,20.61,20.5653,153984
2021-04-13,17.8,17.6781,100790,20.55,20.4734,161344
2021-04-14,17.88,18.0989,90214,20.72,20.9333,170173
2021-04-15,17.2,17.1523,74708,20.3,20.2942,182154
2021-04-16,17.11,17.0019,67301,20.0,19.955,187716
2021-04-19,17.65,17.657,56854,20.65,20.7006,198361
2021-04-20,18.96,18.6526,48111,21.25,21.0528,205798
2021-04-21,19.05,19.28,28759,20.2,19.9955,215177
2021-04-22,21.05,21.1658,208712,22.75,22.8048,57401
2021-04-23,20.35,20.4318,201584,22.15,22.191,62224
2021-04-26,20.24,20.2051,192293,22.05,22.1001,66840
2021-04-27,19.85,19.7093,184260,21.67,21.6953,73582
2021-04-28,19.6,19.6632,175943,21.6,21.7018,78525
2021-04-29,19.68,19.5684,169114,21.67,21.598,82635
2021-04-30,20.45,20.438,162237,22.2,22.2391,86985
2021-05-03,19.75,19.7324,157419,21.51,21.5522,96982
2021-05-04,20.8,20.5493,143936,22.35,22.2357,108056
2021-05-05,20.05,19.9784,137021,21.75,21.6758,117827
2021-05-06,19.8,19.6892,125201,21.66,21.6227,125133
2021-05-07,18.4,18.2917,118198,20.65,20.5424,131343
2021-05-10,19.75,19.4819,114740,21.4,21.3487,141465
2021-05-11,21.66,21.2388,95539,23.02,22.8487,153778
2021-05-12,26.1,25.9725,82517,26.38,26.4334,164063
2021-05-13,22.7,22.6932,72038,24.11,24.0809,172288
2021-05-14,19.1,19.1312,58534,21.2,21.3668,171519
2021-05-17,19.65,19.9063,46726,21.79,22.1144,170255
2021-05-18,21.76,21.1438,32516,22.56,22.3794,177199
2021-05-19,24.3,25.21,18216,23.65,23.3861,183059
2021-05-20,22.1,22.1031,179446,23.64,23.6346,70670
2021-05-21,21.85,21.8453,169030,23.3,23.28,70314
2021-05-24,20.85,20.7569,162356,22.51,22.4758,73374
2021-05-25,20.6,20.7012,161035,22.53,22.6499,78749
2021-05-26,19.65,19.6232,158196,21.6,21.6727,83322
2021-05-27,18.63,18.5669,149527,20.65,20.6488,87118
2021-05-28,19.1,19.1343,144144,20.75,20.8509,91035
2021-06-01,19.4,19.5551,136027,21.22,21.3709,98213
2021-06-02,19.05,18.9248,128492,21.09,21.0457,104221
2021-06-03,19.3,19.2865,122617,21.4,21.3869,112316
2021-06-04,18.29,18.1246,112656,20.45,20.3389,119860
2021-06-07,17.65,17.6359,103740,20.0,20.0021,134958
2021-06-08,18.0,17.9012,94995,20.25,20.2319,143651
2021-06-09,18.33,18.3797,86810,20.43,20.4981,154589
2021-06-10,17.03,16.9031,71742,19.53,19.443,165146
2021-06-11,16.58,16.5505,63061,18.84,18.8501,172028
2021-06-14,16.65,16.4514,54866,19.1,19.0759,177685
2021-06-15,17.1,17.1014,44068,19.3,19.5645,186259
2021-06-16,17.1,16.38,29033,19.95,19.623,199310
2021-06-17,19.45,19.5146,195420,20.91,20.9062,66268
2021-06-18,21.5,21.339,187437,22.35,22.2601,70420
2021-06-21,20.2,19.9159,191416,21.45,21.1897,82127
2021-06-22,18.75,18.8265,171626,20.35,20.5299,72586
2021-06-23,18.3,18.4413,165248,20.0,20.1918,74837
2021-06-24,18.1,18.167,163908,19.77,19.853,78996
2021-06-25,17.7,17.7017,158014,19.6,19.6252,83772
2021-06-28,17.75,17.7213,153865,19.5,19.516,87311
2021-06-29,,18.1278,151974,,19.953,92137
2021-06-30,17.85,17.9033,145227,19.7,19.7487,97333
2021-07-01,17.55,17.4735,138679,19.58,19.5447,101501
2021-07-02,17.5,17.4706,136480,19.51,19.4999,106231
2021-07-06,18.2,17.9987,128062,19.9,19.8513,117210
2021-07-07,17.9,18.0485,127575,19.84,19.9455,126807
2021-07-08,19.75,19.545,109951,21.1,20.9988,129419
2021-07-09,17.9,17.7962,93692,19.9,19.8444,132129
2021-07-12,17.25,17.3713,80172,19.63,19.8395,142594
2021-07-13,17.8,17.7342,73831,20.0,20.0157,150674
2021-07-14,17.17,17.047,68529,19.62,19.6029,149300
2021-07-15,17.6,17.51,64714,19.9,19.8149,152024
2021-07-16,18.5,18.6228,54747,20.5,20.6339,159904
2021-07-19,22.02,22.738,47654,23.03,23.6675,165696
2021-07-20,19.84,19.9561,34977,21.43,21.4852,179549
2021-07-21,19.05,18.9,23615,20.05,20.1082,175636
2021-07-22,20.15,20.5665,167885,21.5,21.85,50876
2021-07-23,20.5,20.3675,164178,21.74,21.6506,55401
2021-07-26,20.1,20.1497,159138,21.58,21.6947,57211
2021-07-27,21.05,20.7147,153021,22.38,22.2005,61577
2021-07-28,20.45,20.1089,145155,22.05,21.7999,69704
2021-07-29,20.0,19.7092,139060,21.75,21.5483,74833
2021-07-30,20.25,20.274,136906,21.95,22.0749,79565
2021-08-02,21.05,21.1496,132323,22.55,22.7197,86800
2021-08-03,20.05,19.8525,124828,21.95,21.8428,92666
2021-08-04,19.91,19.8494,116995,21.75,21.7559,102044
2021-08-05,19.31,19.3129,109492,21.3,21.2892,105929
2021-08-06,18.78,18.7024,102241,20.79,20.751,110914
2021-08-09,18.3,18.4231,100337,20.6,20.6867,122289
2021-08-10,18.05,17.9776,83888,20.38,20.3456,130269
2021-08-11,17.69,17.4443,74802,19.88,19.7318,139702
2021-08-12,16.85,17.0028,60471,19.28,19.3979,151259
2021-08-13,16.7,16.631,52384,19.6,19.486,157669
2021-08-16,16.6,16.504,45852,19.7,19.6237,168682
2021-08-17,18.15,17.5787,32675,20.44,20.1697,178736
2021-08-18,18.1,18.58,18213,21.65,21.7058,182103
2021-08-19,22.24,22.346,176232,23.2,23.1773,47908
2021-08-20,20.56,20.5273,171142,22.16,22.1551,52372
2021-08-23,19.7,19.8468,155070,21.43,21.6622,53460
2021-08-24,19.65,19.7306,145894,21.55,21.6582,57268
2021-08-25,19.25,19.2328,141750,21.28,21.2899,61783
2021-08-26,20.15,20.1229,139644,21.97,21.9501,67982
2021-08-27,19.05,18.9529,133813,21.25,21.1309,73456
2021-08-30,18.7,18.746,127508,20.95,20.9491,82187
2021-08-31,18.6,18.6212,120884,20.9,20.9074,93370
2021-09-01,18.1,18.0805,117945,20.45,20.446,101300
2021-09-02,18.1,17.9632,114027,20.51,20.4432,110922
2021-09-03,18.26,18.3528,106130,20.45,20.5624,120321
2021-09-07,18.92,18.8314,93209,20.91,20.9005,130789
2021-09-08,19.1,18.7658,83747,21.13,20.9315,137162
2021-09-09,19.4,19.3716,72873,21.33,21.353,141837
2021-09-10,20.49,20.6249,61109,21.91,22.1543,150360
2021-09-13,19.25,19.298,48515,21.3,21.3321,161460
2021-09-14,19.65,19.715,31705,21.45,21.5605,171267
2021-09-15,19.4,19.79,18705,20.79,20.8379,178859
2021-09-16,20.7,20.5556,181572,22.2,22.0021,54462
2021-09-17,22.35,21.9377,179482,23.2,22.9489,55561
2021-09-20,,24.4629,178989,,24.6975,59888
2021-09-21,23.95,23.4294,179011,24.3,24.1154,66125
2021-09-22,21.95,22.0994,162750,23.02,23.1347,67371
2021-09-23,20.6,20.5996,149928,22.22,22.2012,70217
2021-09-24,19.8,19.8182,147211,21.48,21.6471,75904
2021-09-27,20.4,20.1083,137748,21.8,21.6778,80841
2021-09-28,22.85,22.5173,128335,23.5,23.4435,84191
2021-09-29,22.73,22.9912,126936,23.61,23.7823,86816
2021-09-30,22.79,22.8678,118684,23.58,23.6859,89414
2021-10-01,21.56,21.994,112912,22.97,23.2158,92079
2021-10-04,22.69,22.681,107464,23.62,23.6992,97878
2021-10-05,21.55,21.7541,105706,23.0,23.0271,104985
2021-10-06,21.25,21.2171,95434,22.65,22.6587,107118
2021-10-07,20.1,20.1013,91937,22.05,22.0851,111910
2021-10-08,20.0,19.7169,87817,21.75,21.6097,117703
2021-10-11,20.15,20.1505,82342,21.82,21.8565,128895
2021-10-12,20.12,19.7169,82862,21.75,21.4506,138583
2021-10-13,19.3,19.1506,73064,21.05,21.107,144324
2021-10-14,,17.6014,58411,,20.0046,156650
2021-10-15,17.15,17.1727,48522,20.0,20.0983,172946
2021-10-18,16.85,16.618,42467,19.82,19.6962,185201
2021-10-19,16.05,15.9647,30764,19.6,19.5287,194415
2021-10-20,15.8,15.35,22330,19.3,19.3155,202460
2021-10-21,18.95,18.6977,200818,20.85,20.6504,59435
2021-10-22,19.2,19.1016,195650,21.2,21.1001,63202
2021-10-25,18.6,18.5505,189386,20.5,20.4983,69319
2021-10-26,18.9,18.9246,181529,20.8,20.8037,74031
2021-10-27,19.25,19.3496,174572,21.15,21.2962,79883
2021-10-28,19.0,18.6503,170841,21.15,20.8493,84869
2021-10-29,18.75,18.7793,163083,20.99,21.0533,92594
2021-11-01,18.45,18.3999,153018,20.8,20.8006,98265
2021-11-02,17.9,17.8505,149895,20.4,20.3509,107684
2021-11-03,17.21,17.1078,145897,19.77,19.7495,114360
2021-11-04,17.35,17.4041,138296,19.96,20.084,122107
2021-11-05,18.4,18.4401,129653,20.4,20.5057,128391
2021-11-08,18.4,18.4945,114423,20.45,20.5003,143038
2021-11-09,18.9,18.9001,104278,20.85,20.827,147911
2021-11-10,19.6,19.5268,90603,21.01,21.0045,156575
2021-11-11,18.66,18.7588,75949,20.71,20.7957,164011
2021-11-12,17.5,17.4182,62892,20.12,20.108,163684
2021-11-15,17.0,17.0011,51736,19.9,19.891,165126
2021-11-16,16.45,16.7991,36344,19.95,20.0017,173275
2021-11-17,,16.34,20266,,20.2745,181233
2021-11-18,20.52,20.4995,177407,22.62,22.6455,56543
2021-11-19,20.7,20.7994,172541,22.7,22.7497,60611
2021-11-22,20.95,21.1529,168609,22.92,23.0998,65916
2021-11-23,20.7,20.563,164035,22.74,22.6656,69195
2021-11-24,20.25,20.348,157873,22.38,22.4538,74655
2021-11-26,25.9,26.5412,155049,26.45,27.0096,78450
2021-11-29,22.55,22.2041,172216,24.04,23.7474,82853
2021-11-30,25.15,25.6865,144166,26.0,26.4777,79435
2021-12-01,26.96,27.8304,146216,27.43,27.964,86949
2021-12-02,,25.9392,134014,,26.905,89862
2021-12-03,28.6,28.7301,132060,28.25,28.6173,94082
2021-12-06,25.9,25.8521,128602,26.7,26.6506,106727
2021-12-07,22.4,22.5437,114089,24.03,24.2002,106732
2021-12-08,20.75,20.8267,95356,22.95,23.0192,102965
2021-12-09,21.65,21.5672,83147,23.62,23.5593,104825
2021-12-10,19.86,19.7975,79837,22.36,22.2662,105947
2021-12-13,20.45,20.5841,74342,22.94,23.1634,114949
2021-12-14,21.6,21.2857,67874,23.72,23.4828,117076
2021-12-15,19.2,19.0758,60912,21.9,21.9711,114855
2021-12-16,20.25,20.4217,55981,22.8,22.8188,122463
2021-12-17,20.97,21.0691,46798,23.42,23.5739,125241
2021-12-20,22.6,22.8089,37957,24.15,24.3107,132611
2021-12-21,,21.0726,31410,,23.1636,140535
2021-12-22,21.05,20.83,16943,21.8,21.8007,137001
2021-12-23,21.7,21.6518,133680,23.35,23.3994,53687
2021-12-27,21.05,21.0053,132678,23.0,23.0302,56252
2021-12-28,20.5,20.5305,128450,22.56,22.6303,59201
2021-12-29,20.0,20.0072,124436,22.12,22.104,64959
2021-12-30,19.72,19.9439,118566,21.92,22.047,71223
2021-12-31,19.65,19.6745,115183,21.93,21.9705,75149
2022-01-03,19.05,18.8578,112053,21.53,21.4095,80989
2022-01-04,19.0,18.8692,110575,21.4,21.3187,88903
2022-01-05,20.95,20.7745,105508,22.7,22.6171,97226
2022-01-06,20.9,20.8496,99435,22.85,22.8491,103192
2022-01-07,20.5,20.398,91440,22.2,22.0204,108267
2022-01-10,19.98,19.9034,77551,21.7,21.7049,118824
2022-01-11,19.05,18.954,68454,21.0,20.9933,123055
2022-01-12,18.7,18.5814,62471,21.0,20.9713,135313
2022-01-13,20.45,20.4167,51618,22.2,22.0944,139506
2022-01-14,19.7,19.667,44239,21.8,21.7462,145021
2022-01-18,22.65,22.6197,35941,23.3,23.3922,149389
2022-01-19,22.25,22.79,18521,24.1,24.0687,158065
2022-01-20,25.45,24.9658,157315,25.55,25.1061,55562
2022-01-21,27.4,27.3086,149017,26.99,26.8399,59925
2022-01-24,28.1,28.0683,141983,27.48,27.4498,65873
2022-01-25,29.25,28.1645,148969,28.47,27.7313,76687
2022-01-26,28.6,28.633,134243,28.07,28.1099,80118
2022-01-27,27.97,28.8263,129385,27.85,28.486,86689
2022-01-28,27.1,26.8734,127036,27.12,27.0493,92900
2022-01-31,24.86,24.8523,123102,25.56,25.5448,99006
2022-02-01,22.83,22.7458,111441,23.92,23.9061,100848
2022-02-02,22.95,22.0259,102781,24.21,23.6318,100156
2022-02-03,23.9,25.7306,97533,24.75,26.0671,104418
2022-02-04,24.35,24.2613,90261,25.24,25.1484,108169
2022-02-07,23.35,23.6521,78090,24.3,24.5363,112763
2022-02-08,22.4,22.3116,71080,23.45,23.4098,116012
2022-02-09,21.38,21.1561,62724,22.71,22.6687,119986
2022-02-10,24.2,24.2186,56620,24.6,24.5799,127093
2022-02-11,27.05,27.814,46115,27.16,27.69,129901
2022-02-14,,28.3374,37514,,27.7476,139493
2022-02-15,25.85,25.3833,29487,25.5,25.5484,148527
2022-02-16,26.28,26.37,16539,24.55,24.4723,148969
2022-02-17,27.65,27.5683,143406,26.85,26.8288,49163
2022-02-18,28.25,28.1482,141732,27.3,27.2767,50157
2022-02-22,27.9,27.9601,137933,27.07,27.0851,54403
2022-02-23,29.75,29.6693,132927,28.55,28.5132,55771
2022-02-24,28.96,28.5487,128101,28.0,27.7218,62269
2022-02-25,27.35,27.2572,123842,27.0,26.9481,64650
2022-02-28,28.64,28.6169,109415,28.11,28.1501,69725
2022-03-01,31.5,32.1241,108857,30.32,30.6762,81892
2022-03-02,29.95,29.6145,104666,29.35,29.0901,90001
2022-03-03,29.75,29.9057,97084,29.39,29.4694,95084
2022-03-04,31.9,31.5274,90986,30.6,30.3012,100633
2022-03-07,34.71,34.8105,87715,32.82,32.86,110365
2022-03-08,34.15,33.9186,78322,32.8,32.6065,116230
2022-03-09,31.8,32.1193,64003,31.25,31.4927,121072
2022-03-10,30.25,30.4155,53501,29.93,30.1263,127290
2022-03-11,31.0,31.0024,46141,30.67,30.78,128404
2022-03-14,31.5,31.8036,33036,31.65,31.7235,132407
2022-03-15,31.85,32.28,25322,30.37,30.7261,146896
2022-03-16,27.45,27.5411,140543,27.8,27.9725,42562
2022-03-17,27.49,27.1143,134167,27.73,27.4593,42754
2022-03-18,25.6,25.6406,130598,26.03,26.2185,44870
2022-03-21,25.4,25.482,125594,26.05,26.1731,46082
2022-03-22,24.9,24.9989,122255,25.68,25.7186,48200
2022-03-23,25.1,24.8925,121757,25.9,25.7515,51442
2022-03-24,24.25,24.2654,118612,25.45,25.4518,52649
2022-03-25,23.6,23.4552,119345,24.97,24.8564,55885
2022-03-28,22.95,22.9946,118054,24.65,24.6115,59857
2022-03-29,21.85,21.7532,115261,23.77,23.7145,65511
2022-03-30,21.99,22.07,118255,24.03,24.0735,71694
2022-03-31,23.1,23.469,117104,24.77,24.9877,77241
2022-04-01,22.48,22.3324,110852,24.37,24.2141,83146
2022-04-04,21.1,20.9619,108390,23.26,23.1475,90644
2022-04-05,22.85,23.2559,105984,24.58,24.8412,98541
2022-04-06,24.05,23.7022,97099,25.55,25.3363,101712
2022-04-07,23.1,22.9769,89662,24.9,24.7128,109023
2022-04-08,22.9,22.8475,81168,24.65,24.7489,113989
2022-04-11,24.73,24.7042,73147,25.87,25.9219,119526
2022-04-12,24.9,25.0641,63293,26.1,26.2047,126605
2022-04-13,22.88,22.6858,54074,24.55,24.4289,131738
2022-04-14,23.61,23.4211,48842,25.02,25.0983,140725
2022-04-18,22.65,22.9518,40373,24.6,24.7867,145701
2022-04-19,21.6,21.1489,31641,23.81,23.5416,151676
2022-04-20,20.25,20.3,19137,22.94,22.9919,163190
2022-04-21,24.9,24.6907,163864,26.07,25.9855,57415
2022-04-22,28.25,27.9879,161221,28.35,28.2171,60928
2022-04-25,27.09,27.2576,153727,27.67,27.7051,63904
2022-04-26,31.1,30.3018,140263,30.28,29.9546,65648
2022-04-27,29.85,30.8249,137018,29.73,30.3942,70743
2022-04-28,29.15,29.2407,132611,29.25,29.2815,77854
2022-04-29,31.3,31.6487,124067,30.83,31.2085,82477
2022-05-02,30.85,30.9477,127178,30.86,30.9012,92648
2022-05-03,,28.8864,118623,,29.3377,101263
2022-05-04,26.05,25.762,109068,27.13,26.9854,97789
2022-05-05,30.95,31.3271,97961,30.95,31.3722,95887
2022-05-06,30.8,30.8118,93655,30.83,30.789,101803
2022-05-09,34.05,33.8168,90335,33.1,33.0703,108087
2022-05-10,32.5,32.254,81054,32.07,31.9614,117300
2022-05-11,31.6,32.1627,72143,31.6,31.7389,117945
2022-05-12,31.5,31.2544,57991,31.5,31.261,118477
2022-05-13,29.0,28.8191,52549,29.35,29.3959,120558
2022-05-16,27.85,27.5856,41910,28.25,28.0855,120651
2022-05-17,26.45,26.5988,34155,27.43,27.4896,124662
2022-05-18,,27.68,22524,31.58,31.5195,133429
2022-05-19,29.15,29.286,142017,29.66,29.7555,61309
2022-05-20,29.5,29.4224,128906,29.9,29.9611,58980
2022-05-23,28.85,29.0797,123105,29.64,29.828,59291
2022-05-24,29.24,29.1855,120019,29.88,29.8518,59533
2022-05-25,28.5,28.4859,114185,29.18,29.1357,63019
2022-05-26,28.21,28.0636,114654,29.1,29.0604,65038
2022-05-27,26.8,26.8678,111667,28.15,28.174,68522
2022-05-31,26.42,26.4123,109444,27.78,27.7908,73147
2022-06-01,26.25,26.1937,98252,27.62,27.5714,80645
2022-06-02,25.6,25.6001,93019,27.05,27.0828,85940
2022-06-03,26.03,25.9627,89313,27.37,27.3039,92919
2022-06-06,25.65,25.5854,85281,27.0,26.9709,97547
2022-06-07,24.85,24.6805,79175,26.36,26.3045,103839
2022-06-08,24.77,24.6993,72346,26.23,26.256,108249
2022-06-09,26.27,26.4245,63906,27.35,27.4994,117964
2022-06-10,28.15,28.2892,56224,28.92,29.0858,124407
2022-06-13,33.39,33.4687,49665,32.8,32.8934,130276
2022-06-14,33.0,32.5815,36213,31.9,31.8115,144280
2022-06-15,32.25,31.0,22758,29.75,30.0306,147622
2022-06-16,32.05,31.9206,137391,31.49,31.4868,49478
2022-06-17,30.9,30.902,139880,30.67,30.6829,52148
2022-06-21,30.05,30.3228,126698,29.95,30.1912,52919
2022-06-22,29.15,29.0105,124030,29.27,29.1196,54779
2022-06-23,29.2,29.0073,119358,29.3,29.1839,55840
2022-06-24,28.35,28.4774,118057,28.7,28.7909,58776
2022-06-27,27.4,27.4118,115796,27.99,28.0439,61211
2022-06-28,28.49,28.3331,110641,28.82,28.7361,62760
2022-06-29,28.08,28.3335,105908,28.67,28.8152,65919
2022-06-30,28.83,28.5623,105890,29.31,29.1774,70824
2022-07-01,27.8,27.689,101775,28.56,28.5603,75775
2022-07-05,27.85,27.7261,98419,28.65,28.5555,75844
2022-07-06,27.27,27.1987,90482,28.21,28.1548,82581
2022-07-07,26.9,26.85,87249,27.96,27.8975,86495
2022-07-08,26.05,26.049,83766,27.4,27.3988,93363
2022-07-11,27.1,27.186,78666,28.05,28.1191,98541
2022-07-12,27.4,27.3879,70998,28.25,28.2453,105014
2022-07-13,27.26,26.8636,63760,28.15,27.8784,111998
2022-07-14,26.9,26.8663,55261,28.0,27.9454,115883
2022-07-15,25.35,25.2066,49324,26.6,26.5589,121913
2022-07-18,25.6,25.7016,43201,27.25,27.3971,128853
2022-07-19,24.6,24.83,36414,26.9,27.0352,138087
2022-07-20,24.5,24.37,26977,26.45,26.2684,153944
2022-07-21,25.88,25.7437,157110,27.37,27.2669,49602
2022-07-22,25.58,25.5044,158001,27.16,27.1502,52869
2022-07-25,25.4,25.2141,152305,27.12,27.0384,58103
2022-07-26,25.7,25.9513,148938,27.18,27.4397,63447
2022-07-27,25.0,25.0001,142484,26.65,26.6903,71070
2022-07-28,23.49,23.667,140474,25.4,25.5516,75498
2022-07-29,23.41,23.4158,133452,25.3,25.3817,80752
2022-08-01,24.18,24.2144,132201,26.02,26.0517,89959
2022-08-02,24.63,24.6115,125798,26.35,26.3001,99081
2022-08-03,23.2,23.1634,115902,25.23,25.1488,105682
2022-08-04,23.21,23.2001,110630,25.28,25.2502,111075
2022-08-05,22.6,22.4476,106546,24.9,24.7969,119863
2022-08-08,22.65,22.6589,100216,24.86,24.8737,126108
2022-08-09,22.85,22.989,90710,24.93,25.0329,138046
2022-08-10,21.45,21.3507,83487,23.66,23.5999,146825
2022-08-11,21.45,21.4995,71280,23.76,23.8495,162310
2022-08-12,21.15,21.1867,61494,23.55,23.6234,171878
2022-08-15,20.5,20.426,51287,23.32,23.2003,182761
2022-08-16,20.0,20.0006,40511,23.4,23.4392,191713
2022-08-17,20.5,20.11,25786,23.35,23.2813,203244
2022-08-18,23.0,22.9999,203178,25.0,24.9003,49737
2022-08-19,24.2,24.1028,201084,25.97,25.8998,52806
2022-08-22,25.66,25.8208,197152,26.82,27.0156,55734
2022-08-23,25.42,25.3302,188994,26.67,26.6492,61246
2022-08-24,24.3,24.3501,179042,25.93,25.9673,63347
2022-08-25,23.62,23.5977,173748,25.4,25.3689,67040
2022-08-26,26.2,26.1802,167887,27.2,27.1727,72542
2022-08-29,26.27,26.0278,157130,27.16,27.0047,77284
2022-08-30,26.26,26.4608,145318,27.26,27.4382,79209
2022-08-31,25.83,25.7939,138284,26.97,26.9681,82837
2022-09-01,25.71,25.6212,128231,26.79,26.7581,85095
2022-09-02,25.65,25.9363,117158,26.7,26.8979,86436
2022-09-06,26.75,26.7579,109276,27.41,27.429,90837
2022-09-07,25.0,24.8966,104100,26.17,26.0503,98682
2022-09-08,24.2,24.3161,96849,25.67,25.7286,103567
2022-09-09,23.85,23.9496,93352,25.52,25.5941,109968
2022-09-12,23.83,23.9193,90979,25.25,25.3904,120173
2022-09-13,26.75,26.745,85671,27.5,27.5215,128880
2022-09-14,26.03,26.4161,76347,27.26,27.4742,135494
2022-09-15,26.58,26.3637,59217,27.47,27.3471,147254
2022-09-16,26.15,26.2206,48220,27.1,27.2494,151594
2022-09-19,25.65,25.7761,39792,26.41,26.5139,154353
2022-09-20,26.9,26.9999,27239,27.31,27.3749,163980
2022-09-21,26.9,26.65,18221,28.45,28.1968,166720
2022-09-22,27.9,28.0956,163266,27.77,27.8839,54820
2022-09-23,30.15,29.8592,154071,29.22,29.1893,57936
2022-09-26,30.95,30.9247,152606,30.17,30.0988,61592
2022-09-27,31.05,31.383,143364,30.34,30.5638,65850
2022-09-28,29.95,29.8919,139251,29.6,29.6506,70831
2022-09-29,30.96,30.9432,129946,30.39,30.3747,73177
2022-09-30,31.32,31.516,124630,30.83,31.0717,77651
2022-10-03,29.89,29.9893,119361,29.69,29.8482,83574
2022-10-04,28.85,28.7999,113748,28.84,28.8294,86398
2022-10-05,28.81,28.9643,105117,28.95,29.0451,88236
2022-10-06,30.0,29.9193,98733,29.88,29.8446,91168
2022-10-07,31.6,31.1984,92130,31.3,31.0177,96911
2022-10-10,32.0,32.1078,88293,31.64,31.7382,106885
2022-10-11,32.5,32.754,83369,31.97,32.1758,114029
2022-10-12,32.2,32.1735,74941,31.85,31.7784,121644
2022-10-13,30.85,31.0521,65142,30.86,30.9996,128486
2022-10-14,31.9,31.9297,60746,31.62,31.5866,132763
2022-10-17,31.15,31.1798,49540,30.75,30.879,137629
2022-10-18,30.63,30.8564,33021,29.94,30.1507,145799
2022-10-19,31.4,31.77,20923,30.39,30.3978,150508
2022-10-20,30.05,29.9629,141414,29.6,29.739,81639
2022-10-21,29.7,29.9854,137350,29.5,29.6699,85780
2022-10-24,29.54,29.3523,135692,29.42,29.333,88767
2022-10-25,28.4,28.1854,132261,28.55,28.3979,90959
2022-10-26,27.37,27.4876,132020,27.79,27.8973,92769
2022-10-27,27.4,26.9184,128985,27.7,27.4362,93021
2022-10-28,26.15,26.2602,125309,26.8,26.9064,95663
2022-10-31,26.01,25.8753,122168,26.47,26.3996,99610
2022-11-01,25.8,25.634,119483,26.12,26.0041,103117
2022-11-02,26.3,26.4475,116695,26.6,26.6968,112219
2022-11-03,25.8,25.6701,111900,26.1,26.0972,120573
2022-11-04,25.5,25.5286,106709,25.79,25.8355,123047
2022-11-07,25.25,25.1559,100282,25.53,25.5002,129091
2022-11-08,26.1,26.1017,90856,26.24,26.1902,132047
2022-11-09,26.95,26.857,78582,27.0,27.0025,143502
2022-11-10,24.76,24.6297,68924,25.78,25.6828,150931
2022-11-11,24.05,23.95,64807,25.55,25.4502,157425
2022-11-14,24.08,24.237,55197,25.2,25.3841,154601
2022-11-15,25.05,24.584,37886,25.75,25.75,158718
2022-11-16,24.4,24.93,24319,25.12,25.0542,165085
2022-11-17,24.78,24.7666,160722,26.77,26.6705,69012
2022-11-18,24.5,24.515,160323,26.49,26.5116,71720
2022-11-21,23.84,23.8139,158505,25.97,25.9522,76730
2022-11-22,22.95,22.9505,157036,25.27,25.2737,79507
2022-11-23,22.5,22.4026,157354,24.85,24.8493,79375
2022-11-25,22.6,22.4869,152914,25.1,25.1004,82272
2022-11-28,23.45,23.4033,152995,25.88,25.8527,87487
2022-11-29,23.13,23.0397,148103,25.52,25.4652,89805
2022-11-30,21.9,22.122,147314,24.5,24.6671,94148
2022-12-01,21.73,21.5747,142859,24.47,24.3418,99330
2022-12-02,21.25,21.2041,139674,24.05,23.878,104531
2022-12-05,21.66,21.6851,133219,24.32,24.2994,110466
2022-12-06,22.47,22.4502,126551,24.8,24.7988,117279
2022-12-07,22.85,22.8621,119527,25.11,25.1489,121160
2022-12-08,22.45,22.3978,114468,24.67,24.6494,126148
2022-12-09,23.25,23.1016,108690,25.2,25.0979,133060
2022-12-12,23.19,23.1023,102371,24.9,24.9368,140393
2022-12-13,21.75,21.6885,93716,24.05,23.9474,144210
2022-12-14,20.6,20.6262,90360,23.08,23.2012,153500
2022-12-15,22.4,22.3075,79444,24.7,24.62,164602
2022-12-16,22.56,22.4507,65568,24.62,24.681,165030
2022-12-19,22.3,22.147,47238,24.15,24.0198,168203
2022-12-20,21.49,21.4848,39037,23.9,23.9359,168706
2022-12-21,20.55,20.25,30820,23.0,23.0131,168713
2022-12-22,24.34,24.2555,163089,25.35,25.301,60728
2022-12-23,23.6,23.6302,154262,24.9,24.8909,61564
2022-12-27,23.4,23.4524,148900,24.74,24.8001,64401
2022-12-28,23.51,23.5481,143406,24.78,24.7588,66834
2022-12-29,23.15,23.2091,138336,24.48,24.4999,70419
2022-12-30,23.15,23.0981,131831,24.55,24.5453,73917
2023-01-03,23.07,23.0514,127347,24.13,24.0825,78972
2023-01-04,22.6,22.401,116347,23.53,23.3757,90899
2023-01-05,22.71,22.6516,112296,23.55,23.5365,103752
2023-01-06,22.16,22.1957,103625,22.91,22.9488,108668
2023-01-09,22.42,22.2669,94065,23.17,23.0757,115604
2023-01-10,21.15,21.0949,84003,22.23,22.1945,115436
2023-01-11,21.25,21.2004,71026,22.26,22.3485,128931
2023-01-12,19.95,19.82,61546,21.45,21.252,139449
2023-01-13,19.35,19.4988,59795,20.6,20.7317,148414
2023-01-17,19.6,19.3155,53668,20.98,20.9452,152753
2023-01-18,19.09,19.09,29990,21.61,21.6874,167225
2023-01-19,21.61,21.7451,160694,22.52,22.6023,63155
2023-01-20,21.01,21.086,152097,22.0,22.032,64421
2023-01-23,20.78,20.7548,150376,21.81,21.8469,68158
2023-01-24,20.0,19.9502,146614,21.02,21.0023,70100
2023-01-25,20.0,19.9583,140845,21.05,21.0531,73175
2023-01-26,19.75,19.6703,139210,20.81,20.8311,74940
2023-01-27,19.5,19.3177,136577,20.5,20.4616,80269
2023-01-30,20.1,20.0481,135418,20.86,20.874,86928
2023-01-31,19.45,19.5257,130070,20.37,20.4806,91289
2023-02-01,18.75,18.7506,124812,19.91,19.9559,96515
2023-02-02,19.6,19.2989,120441,20.54,20.3479,102476
2023-02-03,19.35,19.3373,115059,20.52,20.5476,109211
2023-02-06,19.95,20.0124,106609,20.92,20.95,116713
2023-02-07,19.49,19.2146,88724,20.56,20.3507,119785
2023-02-08,20.1,20.0524,81607,21.2,21.1509,128262
2023-02-09,20.67,20.8103,70513,21.67,21.7857,136549
2023-02-10,20.8,20.9304,60492,21.96,22.0492,143571
2023-02-13,19.86,19.9144,50881,21.18,21.2484,152466
2023-02-14,18.95,18.6489,40203,20.55,20.4267,158117
2023-02-15,18.9,18.69,28930,20.05,20.0523,165163
2023-02-16,21.2,21.1605,169720,21.92,21.901,63097
2023-02-17,21.4,21.2482,164384,22.04,21.9486,66179
2023-02-21,23.0,22.9011,157884,23.36,23.2459,69445
2023-02-22,22.05,22.2109,153353,22.65,22.7161,76750
2023-02-23,21.34,21.3726,143011,22.11,22.1509,76916
2023-02-24,22.25,22.1873,143848,22.89,22.8954,80263
2023-02-27,21.28,21.3317,138460,22.21,22.25,84258
2023-02-28,20.95,20.7757,137496,21.9,21.7518,87544
2023-03-01,20.96,21.0322,134572,21.98,22.0497,89601
2023-03-02,20.27,20.2009,130705,21.32,21.2499,93708
2023-03-03,19.4,19.4984,127537,20.67,20.7153,96967
2023-03-06,19.2,19.2202,127241,20.35,20.3629,101457
2023-03-07,19.78,19.7516,126833,20.85,20.8009,106318
2023-03-08,19.27,19.3052,124081,20.39,20.4505,110283
2023-03-09,21.86,21.7964,120248,22.47,22.4264,115848
2023-03-10,23.85,24.1808,117032,24.38,24.7848,121966
2023-03-13,25.1,25.3724,103226,25.32,25.5333,122517
2023-03-14,23.58,23.7017,91311,23.78,23.9083,130235
2023-03-15,25.85,25.8129,81246,25.89,25.8726,125212
2023-03-16,23.23,23.0155,76752,23.76,23.5506,130802
2023-03-17,25.8,25.6342,61049,26.1,26.1463,125547
2023-03-20,24.17,24.1683,50177,24.93,24.942,137279
2023-03-21,21.44,21.5908,40117,22.93,22.7699,144874
2023-03-22,21.2,20.68,25670,23.65,23.5,147289
2023-03-23,23.93,24.2236,143920,24.23,24.4969,60316
2023-03-24,23.35,23.2241,140161,24.01,23.959,64774
2023-03-27,22.24,22.2674,130045,23.05,23.0993,73720
2023-03-28,21.7,21.6995,123540,22.65,22.7125,76341
2023-03-29,20.89,20.9309,120841,22.12,22.1493,80576
2023-03-30,20.95,20.8277,121297,22.2,22.1587,84615
2023-03-31,20.75,20.7642,121031,22.1,22.1285,87494
2023-04-03,20.31,20.2095,122889,21.7,21.5513,91209
2023-04-04,20.6,20.5997,119687,21.96,21.9997,97198
2023-04-05,20.54,20.4184,117748,21.95,21.8447,104041
2023-04-06,20.05,19.9781,110966,21.52,21.4985,107019
2023-04-10,19.83,19.804,107431,21.22,21.2259,115304
2023-04-11,19.8,19.7666,96642,21.01,20.971,123257
2023-04-12,20.03,19.9518,89483,21.06,21.0517,133519
2023-04-13,18.87,18.7342,76681,20.5,20.4359,144944
2023-04-14,18.2,18.3523,74067,20.05,20.09,154243
2023-04-17,17.5,17.416,65631,19.63,19.5767,166169
2023-04-18,17.05,17.0513,54447,19.5,19.4442,171210
2023-04-19,17.35,16.75,44912,19.48,19.4007,178970
2023-04-20,19.83,19.8376,180323,21.75,21.8001,78481
2023-04-21,19.45,19.4083,178300,21.69,21.638,83115
2023-04-24,19.3,19.3262,177780,21.59,21.5595,88695
2023-04-25,20.65,21.0194,175105,22.67,22.9737,94065
2023-04-26,20.3,20.4248,163504,22.39,22.4992,99395
2023-04-27,19.3,19.4461,157530,21.73,21.8142,103777
2023-04-28,18.45,18.4361,155973,21.3,21.3015,107070
2023-05-01,18.65,18.1693,157686,21.15,20.8044,112950
2023-05-02,19.34,19.3402,152672,21.51,21.4668,119634
2023-05-03,20.41,19.9541,142166,22.33,21.9995,126128
2023-05-04,21.2,21.1905,136398,22.93,22.9204,133703
2023-05-05,19.4,19.2868,128905,21.45,21.347,137951
2023-05-08,19.05,19.0021,122559,20.95,20.9454,143820
2023-05-09,19.35,19.4202,114879,21.29,21.3303,150642
2023-05-10,18.9,18.8504,106494,20.78,20.7546,157157
2023-05-11,18.61,18.6032,91197,20.52,20.5239,170249
2023-05-12,18.6,18.5431,74648,20.6,20.5509,181120
2023-05-15,17.75,17.801,66128,20.11,20.0649,190929
2023-05-16,18.2,18.282,55056,20.5,20.6437,201924
2023-05-17,17.6,17.12,41766,19.86,19.9815,210985
2023-05-18,19.15,19.1473,211994,20.93,20.9557,62162
2023-05-19,19.8,19.6485,210068,21.6,21.4995,65269
2023-05-22,19.65,19.671,213525,21.44,21.4467,69643
2023-05-23,20.1,20.0458,211830,21.63,21.6473,71029
2023-05-24,20.64,20.9965,205969,21.91,22.2087,75280
2023-05-25,20.48,20.4261,196856,21.85,21.811,82130
2023-05-26,19.4,19.5822,188019,20.92,21.0499,83179
2023-05-30,18.94,18.967,183560,20.59,20.6501,87678
2023-05-31,18.91,18.8651,182815,20.45,20.446,86902
2023-06-01,17.69,17.7047,175261,19.36,19.393,92546
2023-06-02,17.05,16.9463,173759,18.85,18.7589,97700
2023-06-05,16.53,16.5014,176062,18.37,18.3393,108728
2023-06-06,15.45,15.4181,172160,17.43,17.372,116609
2023-06-07,15.45,15.4509,170086,17.5,17.4953,120950
2023-06-08,15.03,15.0127,164847,17.07,17.0487,124616
2023-06-09,15.2,15.2378,163594,17.08,17.1289,132519
2023-06-12,15.5,15.5628,157631,17.05,17.1041,142761
2023-06-13,15.27,15.3191,154073,17.11,17.1144,154368
2023-06-14,14.7,14.778,143295,16.6,16.6008,164939
2023-06-15,15.05,15.103,130075,17.08,17.0878,185300
2023-06-16,14.34,14.3454,109438,16.53,16.4772,193120
2023-06-20,13.96,14.0254,90572,16.5,16.5246,209038
2023-06-21,13.65,13.44,65716,16.2,16.179,219541
2023-06-22,15.79,15.7789,210771,17.31,17.3498,74363
2023-06-23,16.0,15.9547,207498,17.55,17.569,80259
2023-06-26,16.01,15.9957,202865,17.37,17.3156,83279
2023-06-27,15.6,15.5616,197787,16.86,16.8875,88613
2023-06-28,15.11,14.9918,192710,16.4,16.3695,92079
2023-06-29,15.23,15.3281,192219,16.61,16.692,97633
2023-06-30,15.05,15.011,186584,16.43,16.4003,102722
2023-07-03,14.94,14.8946,184692,16.35,16.3515,108358
2023-07-05,15.29,15.2825,178380,16.5,16.4596,113863
2023-07-06,16.25,16.1652,172019,17.29,17.2288,122714
2023-07-07,15.86,15.8619,149204,16.89,16.8278,125311
2023-07-10,15.76,15.7747,140333,16.75,16.6988,128986
2023-07-11,15.45,15.5525,127594,16.55,16.5759,140343
2023-07-12,14.31,14.2934,114621,15.78,15.7668,153304
2023-07-13,14.19,14.1923,107742,15.91,15.9364,169720
2023-07-14,13.77,13.8048,93950,15.75,15.7526,182595
2023-07-17,13.65,13.699,80619,15.8,15.7475,193728
2023-07-18,13.25,13.3001,67440,15.53,15.5365,201361
2023-07-19,13.05,13.02,52183,15.86,15.905,214730
2023-07-20,15.8,15.846,210789,17.27,17.2747,84657
2023-07-21,15.7,15.611,203008,17.07,17.0242,85719
2023-07-24,15.4,15.3804,196657,16.67,16.6594,87082
2023-07-25,15.25,15.3462,196728,16.72,16.7516,95764
2023-07-26,14.91,14.8878,192879,16.42,16.3968,95761
2023-07-27,15.61,15.6879,190019,16.87,16.9633,100028
2023-07-28,15.1,14.9886,183797,16.65,16.5351,104114
2023-07-31,14.89,14.8634,176455,16.36,16.3393,106920
2023-08-01,15.19,15.0724,169039,16.65,16.5652,111813
2023-08-02,16.84,16.7022,164161,17.86,17.7566,117664
2023-08-03,16.6,16.7483,148624,17.65,17.6502,119411
2023-08-04,17.35,17.5076,134525,18.06,18.1354,124345
2023-08-07,16.2,16.2943,128871,17.3,17.4,129976
2023-08-08,16.53,16.4955,118042,17.71,17.7233,134837
2023-08-09,16.31,16.3469,101339,17.57,17.5875,140518
2023-08-10,16.09,16.0072,89470,17.66,17.6997,153730
2023-08-11,15.3,15.3536,76033,17.06,17.0503,166436
2023-08-14,14.83,14.8456,70704,16.76,16.7773,176837
2023-08-15,16.22,16.1726,60667,17.82,17.696,190620
2023-08-16,16.6,16.28,33330,17.96,18.0118,202050
2023-08-17,18.9,18.8548,202874,19.22,19.2015,63501
2023-08-18,18.5,18.4487,197902,18.98,18.925,63857
2023-08-21,18.0,17.8493,189340,18.61,18.5019,66118
2023-08-22,17.91,17.901,184937,18.66,18.6903,67003
2023-08-23,16.95,17.2933,178905,17.9,18.1989,67972
2023-08-24,18.1,18.0102,180681,18.88,18.7774,70737
2023-08-25,17.3,17.1776,176578,18.2,18.0894,72248
2023-08-28,16.45,16.4326,175084,17.52,17.5005,76431
2023-08-29,15.89,15.9027,175942,17.16,17.1967,80963
2023-08-30,15.32,15.3029,181322,16.7,16.7006,84752
2023-08-31,15.0,15.0438,177526,16.37,16.3736,86580
2023-09-01,14.8,14.7971,177857,16.24,16.2094,93259
2023-09-05,15.15,14.9927,173594,16.35,16.1975,100994
2023-09-06,15.3,15.3467,168193,16.43,16.4978,107567
2023-09-07,15.28,15.3022,161903,16.45,16.439,111081
2023-09-08,14.89,14.9405,153613,16.11,16.1484,116305
2023-09-11,14.62,14.5844,150723,15.87,15.8099,121662
2023-09-12,14.6,14.6385,142084,15.8,15.8595,134811
2023-09-13,13.95,13.9985,128389,15.61,15.665,147789
2023-09-14,13.37,13.3689,116005,15.25,15.2378,165582
2023-09-15,14.15,14.2528,106590,15.74,15.7721,182042
2023-09-18,14.03,14.0971,91451,15.61,15.6816,186207
2023-09-19,14.1,14.0519,78843,15.58,15.5728,195948
2023-09-20,13.86,13.96,59594,16.21,16.1696,204092
2023-09-21,17.65,17.4859,198304,17.9,17.7975,69910
2023-09-22,17.5,17.4916,197291,17.85,17.8893,70675
2023-09-25,17.31,17.4974,185838,17.85,17.9872,72075
2023-09-26,18.98,19.1742,181046,19.1,19.2555,76035
2023-09-27,18.28,18.3022,175451,18.72,18.75,82612
2023-09-28,17.25,17.3515,161354,17.95,18.0194,83214
2023-09-29,17.59,17.7712,147790,18.12,18.2463,82633
2023-10-02,17.81,17.8507,147897,18.18,18.238,84004
2023-10-03,19.7,19.6564,143625,19.78,19.7982,88845
2023-10-04,18.75,18.5177,137978,19.09,18.9066,98444
2023-10-05,18.4,18.1998,121244,18.85,18.7461,98698
2023-10-06,17.95,18.0342,113795,18.36,18.4171,101933
2023-10-09,17.75,17.6467,111895,18.26,18.2263,104701
2023-10-10,17.15,16.9878,100314,17.71,17.6168,109243
2023-10-11,16.38,16.5021,91545,17.22,17.3537,119069
2023-10-12,16.95,16.9479,83570,17.7,17.7476,126771
2023-10-13,19.35,19.2567,71947,19.85,19.9214,137902
2023-10-16,17.3,17.1597,61868,18.06,17.978,161477
2023-10-17,17.97,17.8484,45883,18.6,18.4362,166823
2023-10-18,18.35,18.37,32103,19.36,19.5967,174256
2023-10-19,20.68,20.5549,168034,20.6,20.5479,85798
2023-10-20,20.99,20.725,164775,20.91,20.6987,89719
2023-10-23,19.8,20.0003,161959,19.82,20.0471,93190
2023-10-24,19.09,19.0875,158423,19.27,19.2673,95267
2023-10-25,20.23,20.3008,152304,20.31,20.3601,96810
2023-10-26,20.44,20.5375,151267,20.39,20.4999,99188
2023-10-27,21.0,21.1865,149992,21.05,21.2116,107287
2023-10-30,19.75,19.5901,148463,19.8,19.707,115203
2023-10-31,18.35,18.1268,142627,18.72,18.6006,117815
2023-11-01,17.35,17.3005,134070,17.9,17.8499,118730
2023-11-02,16.58,16.5565,133555,17.34,17.3431,125199
2023-11-03,16.05,16.1519,132750,16.88,16.9746,127811
2023-11-06,15.7,15.6461,132026,16.41,16.3841,132664
2023-11-07,15.45,15.5014,121101,16.29,16.3245,139889
2023-11-08,15.25,15.1093,113168,16.08,16.046,148632
2023-11-09,15.85,15.8874,104670,16.57,16.6544,160917
2023-11-10,15.24,14.8991,97021,16.2,15.997,172986
2023-11-13,14.83,14.8035,89199,15.87,15.8467,181653
2023-11-14,14.4,14.2701,73339,15.7,15.7429,189863
2023-11-15,14.21,14.22,58152,15.38,15.3507,204180
2023-11-16,15.2,15.1459,198995,16.65,16.6024,79034
2023-11-17,14.9,14.9042,202078,16.42,16.4004,85943
2023-11-20,14.8,14.776,201903,16.3,16.3301,91027
2023-11-21,14.43,14.4523,205075,16.01,16.0213,97463
2023-11-22,14.59,14.5628,207364,16.21,16.2486,100013
2023-11-24,13.91,13.8496,199944,15.71,15.6449,97354
2023-11-27,13.95,13.9533,194382,15.73,15.7645,100868
2023-11-28,13.85,13.7842,191946,15.55,15.5543,103628
2023-11-29,13.97,13.9997,190074,15.82,15.8501,108752
2023-11-30,13.75,13.7578,184953,15.58,15.5681,111436
2023-12-01,13.7,13.6982,182983,15.48,15.5089,115510
2023-12-04,13.85,13.8006,183584,15.58,15.549,118917
2023-12-05,13.65,13.663,171188,15.45,15.417,127013
2023-12-06,13.8,13.737,163510,15.53,15.5667,135031
2023-12-07,13.78,13.7485,157151,15.55,15.5478,141303
2023-12-08,13.34,13.3417,149948,15.08,15.0638,144901
2023-12-11,12.93,12.9471,144725,14.77,14.7916,152268
2023-12-12,12.35,12.4035,138766,14.38,14.3962,161018
2023-12-13,12.25,12.1843,132730,14.2,14.2146,171258
2023-12-14,12.35,12.3048,118470,14.15,14.1515,176928
2023-12-15,12.57,12.4649,104419,14.65,14.6252,186591
2023-12-18,12.46,12.4176,87232,14.7,14.6414,190633
2023-12-19,12.53,12.409,74877,14.88,14.8894,199410
2023-12-20,12.4,12.31,57726,15.7,15.8061,205173
2023-12-21,15.44,15.4414,203972,16.53,16.5186,73710
2023-12-22,15.15,15.0372,191887,16.33,16.296,71505
2023-12-26,14.55,14.6063,183299,15.9,15.9198,72953
2023-12-27,13.98,13.9935,176588,15.36,15.3641,74873
2023-12-28,14.0,13.9837,169980,15.28,15.3042,76050
2023-12-29,14.08,14.0512,159417,15.32,15.2954,78768
2024-01-02,14.15,14.1016,155569,15.21,15.1958,81584
2024-01-03,14.7,14.6997,147043,15.62,15.6212,91211
2024-01-04,14.65,14.6618,138810,15.6,15.6042,95883
2024-01-05,14.25,14.2034,135169,15.13,15.0979,102149
2024-01-08,13.88,13.7975,127386,14.82,14.7882,114126
2024-01-09,13.45,13.4039,120090,14.42,14.4285,123752
2024-01-10,13.2,13.3453,111126,14.2,14.2977,132456
2024-01-11,13.05,13.0512,100243,14.22,14.2522,144157
2024-01-12,13.35,13.1811,89191,14.6,14.4647,157739
2024-01-16,13.9,13.9544,71833,14.91,14.9876,170627
2024-01-17,14.6,15.13,40287,15.5,15.5187,176034
2024-01-18,14.98,15.0037,166540,15.96,15.9966,68776
2024-01-19,14.53,14.6052,159629,15.6,15.6997,72987
2024-01-22,14.08,14.0804,160982,15.17,15.1727,76243
2024-01-23,13.7,13.7002,158069,14.85,14.7723,80692
2024-01-24,14.04,14.038,157976,15.1,15.1205,83869
2024-01-25,14.21,14.2261,151034,15.28,15.309,86161
2024-01-26,14.14,14.1173,146863,15.17,15.1767,87010
2024-01-29,14.2,14.2508,145298,15.23,15.2503,87867
2024-01-30,14.1,13.9929,144239,15.1,15.0432,93360
2024-01-31,14.88,14.8735,139677,15.72,15.6748,97815
2024-02-01,14.39,14.6977,128233,15.36,15.5533,104107
2024-02-02,14.65,14.5473,131029,15.56,15.5485,111723
2024-02-05,14.05,13.9557,116288,15.1,15.0004,116599
2024-02-06,13.55,13.5521,108449,14.68,14.6468,124384
2024-02-07,13.37,13.3847,99413,14.57,14.6441,137080
2024-02-08,13.31,13.3452,88762,14.5,14.5328,150274
2024-02-09,13.35,13.3705,74971,14.67,14.6955,162612
2024-02-12,13.8,13.8034,66096,15.0,14.9534,171819
2024-02-13,15.6,15.7525,54340,15.85,16.0148,175374
2024-02-14,14.8,14.32,32459,15.06,15.1396,181878
2024-02-15,15.03,15.0189,173906,15.97,15.9688,66151
2024-02-16,15.01,14.9515,173746,15.94,15.8956,67956
2024-02-20,15.55,15.5273,174117,16.25,16.2898,71745
2024-02-21,15.03,15.3494,173823,15.78,16.0978,75226
2024-02-22,14.94,15.0348,172578,15.83,15.9232,75372
2024-02-23,14.45,14.4301,171048,15.43,15.4033,80369
2024-02-26,14.31,14.2522,168676,15.29,15.2524,80267
2024-02-27,14.0,13.9981,170295,15.02,15.0229,83549
2024-02-28,14.33,14.2232,168644,15.27,15.2325,86687
2024-02-29,14.1,14.0088,161857,15.05,15.0507,85669
2024-03-01,14.03,14.0481,156841,15.06,15.0964,88562
2024-03-04,14.06,14.0297,155672,15.05,15.051,95094
2024-03-05,14.68,14.703,149080,15.57,15.6063,102041
2024-03-06,14.81,14.7897,138072,15.61,15.6097,107588
2024-03-07,14.6,14.6174,136615,15.55,15.6174,114371
2024-03-08,15.05,15.0773,135395,15.92,15.9453,116684
2024-03-11,14.9,14.8956,122139,15.77,15.8192,117161
2024-03-12,13.94,13.9606,111393,15.11,15.1004,126214
2024-03-13,13.78,13.7973,102663,15.04,15.0363,137834
2024-03-14,14.35,14.342,91505,15.37,15.4042,147023
2024-03-15,14.6,14.5984,78186,15.7,15.6778,150190
2024-03-18,14.34,14.3579,58461,15.32,15.3308,159186
2024-03-19,13.85,13.9448,50322,14.97,14.9214,167225
2024-03-20,14.05,14.17,37422,14.5,14.5645,174399
2024-03-21,14.46,14.4567,173026,15.53,15.5371,70282
2024-03-22,14.55,14.4814,176974,15.6,15.5795,76948
2024-03-25,14.4,14.4005,175955,15.5,15.4969,80731
2024-03-26,14.32,14.3463,174616,15.37,15.3954,82271
2024-03-27,14.1,14.0661,174395,15.17,15.1988,84505
2024-03-28,14.4,14.3687,172941,15.39,15.4185,88184
2024-04-01,14.61,14.5022,164365,15.51,15.4306,92454
2024-04-02,14.91,14.9996,155883,15.75,15.7777,97180
2024-04-03,14.91,14.9446,147774,15.64,15.644,96462
2024-04-04,15.95,15.8308,139186,16.39,16.2118,99450
2024-04-05,16.01,16.0774,130103,16.48,16.5142,105048
2024-04-08,15.3,15.347,119782,15.95,15.9546,110411
2024-04-09,14.98,15.0753,113407,15.82,15.8977,115334
2024-04-10,15.46,15.3171,100663,16.26,16.1527,127381
2024-04-11,15.0,15.0239,89245,15.88,15.8992,138056
2024-04-12,17.05,17.0882,78864,17.2,17.1165,142568
2024-04-15,18.55,18.4081,62923,18.1,18.0133,168529
2024-04-16,18.15,18.2475,51773,17.4,17.4557,176511
2024-04-17,17.95,18.03,37418,17.25,17.2093,187563
2024-04-18,17.35,17.3829,183669,17.66,17.6459,68381
2024-04-19,17.8,17.8354,179901,17.91,17.9513,72218
2024-04-22,16.38,16.4697,177618,16.72,16.8052,76165
2024-04-23,15.8,15.7943,174607,16.25,16.2121,80274
2024-04-24,15.96,15.6252,168277,16.27,16.0272,81398
2024-04-25,15.6,16.0018,164150,15.98,16.2415,80980
2024-04-26,15.45,15.3964,166012,15.93,15.9111,84109
2024-04-29,15.15,15.1678,156190,15.68,15.6545,87304
2024-04-30,15.81,15.6634,155014,16.08,15.952,90755
2024-05-01,15.7,15.7081,157353,16.01,16.0814,91032
2024-05-02,14.99,15.1632,155745,15.5,15.6452,91081
2024-05-03,14.55,14.5915,153673,15.13,15.1674,93788
2024-05-06,14.18,14.1983,153948,14.71,14.7946,99608
2024-05-07,14.15,14.0973,153835,14.71,14.7108,103961
2024-05-08,13.95,13.9112,148561,14.61,14.6128,112249
2024-05-09,13.81,13.8112,146840,14.55,14.5709,125309
2024-05-10,13.58,13.5511,144388,14.42,14.3785,137512
2024-05-13,13.75,13.8191,139175,14.49,14.5261,142466
2024-05-14,13.56,13.5162,125307,14.23,14.2591,151018
2024-05-15,12.95,12.879,115915,13.8,13.7759,153991
2024-05-16,12.9,12.8347,109590,13.81,13.7394,163730
2024-05-17,12.68,12.6503,98754,13.61,13.6146,174608
2024-05-20,12.55,12.5725,80377,13.65,13.6021,190078
2024-05-21,12.21,12.1979,70644,13.37,13.3887,203425
2024-05-22,12.05,12.0,85640,13.58,13.6649,226923
2024-05-23,13.85,13.8561,198641,14.67,14.6702,88571
2024-05-24,13.4,13.4272,192498,14.32,14.3147,89035
2024-05-28,13.75,13.7256,188543,14.57,14.5635,90372
2024-05-29,14.48,14.3394,184741,15.07,14.9519,89903
2024-05-30,14.4,14.2928,178426,14.97,14.903,92685
2024-05-31,13.72,13.7896,176424,14.55,14.5813,97564
2024-06-03,13.68,13.6535,172154,14.51,14.5124,106761
2024-06-04,13.65,13.7165,166494,14.51,14.5892,108545
2024-06-05,13.38,13.3525,162657,14.35,14.3946,114071
2024-06-06,13.27,13.2562,159425,14.31,14.3165,122065
2024-06-07,13.0,13.0098,143150,14.25,14.2232,126822
2024-06-10,13.05,13.0295,135289,14.23,14.2355,140278
2024-06-11,13.0,12.9694,123633,14.27,14.2445,149965
2024-06-12,12.58,12.5556,108053,13.98,13.9677,159267
2024-06-13,12.44,12.4105,100384,13.95,13.9653,169980
2024-06-14,13.0,12.9549,81802,14.44,14.4134,188433
2024-06-17,12.8,12.8015,71514,14.32,14.3193,192579
2024-06-18,12.6,12.39,50052,14.35,14.2961,201999
2024-06-20,14.79,14.7681,200124,15.67,15.6549,73712
2024-06-21,14.55,14.4458,197686,15.37,15.3433,75827
2024-06-24,14.41,14.3967,190138,15.26,15.2751,80071
2024-06-25,14.12,14.077,185065,15.02,14.9865,83748
2024-06-26,13.95,13.9083,177449,14.91,14.8901,88904
2024-06-27,13.78,13.7587,177412,14.8,14.818,91616
2024-06-28,14.01,14.0228,170134,14.93,14.9402,97157
2024-07-01,13.4,13.4175,170281,14.4,14.4308,105560
2024-07-02,13.23,13.206,169656,14.27,14.296,112822
2024-07-03,13.3,13.2699,166667,14.35,14.3482,117784
2024-07-05,13.33,13.3033,159790,14.4,14.3738,121426
2024-07-08,13.1,13.082,150801,14.16,14.1818,126968
2024-07-09,13.05,12.9957,143829,14.23,14.2194,136011
2024-07-10,12.96,12.9335,129539,14.2,14.1545,147759
2024-07-11,13.12,13.1184,115312,14.25,14.1965,159677
2024-07-12,12.85,12.8311,100532,13.96,14.0232,172956
2024-07-15,13.14,13.1369,85553,14.25,14.219,190725
2024-07-16,13.09,13.1593,64088,14.26,14.3356,197943
2024-07-17,13.9,13.89,44980,14.75,14.808,202603
2024-07-18,15.3,15.2934,200133,16.06,16.0481,99747
2024-07-19,15.9,15.9169,198566,16.55,16.5074,102397
2024-07-22,15.1,15.0439,185843,15.81,15.7971,105748
2024-07-23,14.82,14.9323,180132,15.67,15.6963,105236
2024-07-24,17.06,17.072,179426,17.4,17.4566,108063
2024-07-25,17.18,17.1444,179669,17.59,17.5661,113662
2024-07-26,16.08,16.1771,174334,16.65,16.718,116032
2024-07-29,15.96,15.9722,171084,16.43,16.3991,112176
2024-07-30,16.6,16.4855,165261,16.95,16.8294,115547
2024-07-31,15.83,15.9994,162110,16.38,16.4934,118797
2024-08-01,17.7,17.4669,155571,17.95,17.8469,123507
2024-08-02,22.5,21.8527,166539,22.1,21.9844,133792
2024-08-05,31.0,32.0986,174657,29.25,30.3911,160896
2024-08-06,24.36,25.7702,164777,23.5,24.8657,173725
2024-08-07,25.75,25.0766,145439,24.2,23.5773,157519
2024-08-08,22.3,22.6885,135726,21.36,21.7279,155109
2024-08-09,19.59,19.4971,131166,19.0,18.8533,165246
2024-08-12,19.5,19.4647,119550,18.91,18.8303,162989
2024-08-13,17.65,17.5452,104909,17.5,17.4046,150749
2024-08-14,16.3,16.2453,95947,16.31,16.2629,153066
2024-08-15,15.35,15.3485,86295,15.8,15.7452,153775
2024-08-16,15.4,15.2799,70698,15.84,15.6896,165498
2024-08-19,14.8,14.7848,62725,15.4,15.3728,173373
2024-08-20,16.0,15.8801,53311,16.1,16.0407,185431
2024-08-21,15.9,16.11,36547,16.22,16.228,182319
2024-08-22,16.9,17.0095,179077,18.95,19.0438,85802
2024-08-23,15.9,15.9286,175279,18.0,18.0591,87002
2024-08-26,16.03,15.947,174095,18.02,17.9583,95498
2024-08-27,15.5,15.5794,170479,17.6,17.6572,99431
2024-08-28,16.55,16.5703,168765,18.34,18.3952,105708
2024-08-29,15.75,15.9351,164212,17.8,17.8579,108306
2024-08-30,15.4,15.411,159923,17.39,17.4021,115697
2024-09-03,19.08,19.1208,153840,20.21,20.1829,126212
2024-09-04,19.6,19.5445,143341,20.56,20.5578,115861
2024-09-05,18.86,18.7523,136448,19.77,19.6891,118701
2024-09-06,20.95,20.4643,128868,21.35,20.9192,122344
2024-09-09,18.61,18.7253,123714,19.57,19.7187,128211
2024-09-10,18.37,18.2864,110034,19.45,19.3349,127999
2024-09-11,17.45,17.2328,102292,18.73,18.6085,137158
2024-09-12,17.0,16.9479,88397,18.55,18.5068,140078
2024-09-13,16.75,16.703,81125,18.48,18.4866,139398
2024-09-16,17.18,17.0904,72309,18.7,18.6622,146262
2024-09-17,17.7,17.8331,61106,18.94,19.032,159409
2024-09-18,17.8,18.69,48126,18.89,18.7393,156996
2024-09-19,18.0,18.0222,151168,17.79,17.7952,68647
2024-09-20,18.06,17.9542,154204,17.77,17.7076,75287
2024-09-23,18.0,18.0066,149839,17.73,17.7088,78408
2024-09-24,18.09,18.0531,148282,17.67,17.6609,79970
2024-09-25,18.23,18.3144,145808,17.83,17.9062,82867
2024-09-26,18.3,18.2977,143921,17.84,17.844,84940
2024-09-27,19.31,19.2552,138493,18.58,18.5204,88682
2024-09-30,18.8,18.8425,132550,18.15,18.0975,91589
2024-10-01,20.55,20.4666,129809,19.39,19.2892,97653
2024-10-02,20.07,20.1015,117314,19.1,19.1061,100162
2024-10-03,21.2,21.0732,113917,19.95,19.9132,107187
2024-10-04,20.4,20.2031,109594,19.25,19.1629,113354
2024-10-07,22.35,22.5656,105833,20.57,20.6485,119068
2024-10-08,21.45,21.4558,98657,19.94,19.894,129552
2024-10-09,21.04,20.8987,87134,19.46,19.3484,133784
2024-10-10,21.4,21.3948,76457,19.65,19.5553,135339
2024-10-11,21.2,21.1276,73262,19.37,19.3402,140606
2024-10-14,20.01,20.2002,62400,18.52,18.6485,147071
2024-10-15,21.15,20.9675,47302,19.31,19.305,152290
2024-10-16,20.95,20.97,31067,19.1,19.0531,167511
2024-10-17,18.75,18.7641,163509,18.25,18.3153,65405
2024-10-18,18.26,18.3002,156764,17.92,17.9419,69842
2024-10-21,18.35,18.3564,155256,17.9,17.9371,70699
2024-10-22,18.35,18.2834,152729,17.94,17.844,75570
2024-10-23,19.15,19.274,150646,18.52,18.6272,80723
2024-10-24,18.95,18.9021,150301,18.36,18.3654,84431
2024-10-25,19.9,19.8968,145439,19.03,19.0437,88191
2024-10-28,18.76,18.7978,144048,18.25,18.2452,87700
2024-10-29,18.72,18.7575,132838,18.19,18.1953,91206
2024-10-30,19.33,19.3182,132764,18.57,18.5536,90915
2024-10-31,20.86,20.9579,132420,19.69,19.7307,94854
2024-11-01,20.45,20.488,135055,19.41,19.4768,100893
2024-11-04,19.45,19.5077,128927,18.69,18.7211,102659
2024-11-05,18.23,18.3442,128966,17.82,17.8957,106253
2024-11-06,16.24,16.246,126945,16.26,16.2785,109613
2024-11-07,15.7,15.6411,121088,15.85,15.8303,108340
2024-11-08,15.5,15.4969,108681,15.78,15.7606,111758
2024-11-11,15.45,15.4861,101611,15.7,15.7216,126938
2024-11-12,15.3,15.2572,92014,15.76,15.7362,127949
2024-11-13,14.5,14.544,85185,15.45,15.4598,138997
2024-11-14,14.69,14.64,79868,15.46,15.4412,151680
2024-11-15,16.3,16.3884,74212,16.28,16.3703,151845
2024-11-18,15.7,15.6117,61475,15.87,15.8517,158592
2024-11-19,16.7,16.4181,56070,16.4,16.4057,166723
2024-11-20,16.25,16.65,40989,16.85,16.9522,170459
2024-11-21,16.85,16.7716,165426,17.27,17.2813,51131
2024-11-22,16.03,16.0654,158320,16.8,16.8433,53620
2024-11-25,15.4,15.4492,152277,16.4,16.4269,56725
2024-11-26,15.29,15.2541,150663,16.36,16.3418,61588
2024-11-27,15.15,15.169,140768,16.21,16.2576,64443
2024-11-29,14.85,14.8517,141396,16.0,16.0529,69878
2024-12-02,14.75,14.7128,142188,16.03,16.0326,75677
2024-12-03,14.53,14.5309,141863,15.9,15.937,84318
2024-12-04,14.69,14.6572,141650,16.15,16.0881,88980
2024-12-05,14.57,14.6032,135665,16.17,16.201,97132
2024-12-06,14.25,14.2855,129011,15.91,15.9521,102024
2024-12-09,14.76,14.7355,122070,16.31,16.2983,120566
2024-12-10,14.56,14.6523,108380,16.18,16.2662,130226
2024-12-11,14.36,14.2842,99551,16.23,16.1838,137043
2024-12-12,14.51,14.4062,87920,16.36,16.2991,144795
2024-12-13,14.55,14.519,77885,16.32,16.2782,153392
2024-12-16,14.75,14.6997,67152,16.6,16.6091,162718
2024-12-17,15.75,15.7483,53837,17.0,16.9531,170941
2024-12-18,15.4,15.66,36176,20.15,19.762,175955
2024-12-19,21.45,21.7113,172334,20.89,21.0178,59064
2024-12-20,18.28,18.2606,169747,18.65,18.5862,58264
2024-12-23,16.95,17.0257,131736,17.52,17.56,57635
2024-12-24,15.95,15.9878,125835,16.83,16.8502,58682
2024-12-26,16.06,16.0329,118289,16.95,16.9782,59028
2024-12-27,16.95,16.9415,120952,17.53,17.5586,63990
2024-12-30,17.4,17.3868,115878,17.89,17.7923,67550
2024-12-31,17.48,17.5177,116482,17.86,17.8708,70547
2025-01-02,17.81,17.9098,113246,18.24,18.2685,71791
2025-01-03,16.8,16.6858,112194,17.5,17.4356,76912
2025-01-06,16.5,16.5686,109326,17.32,17.3787,83402
2025-01-07,17.8,17.8805,103440,18.14,18.2637,87970
2025-01-08,17.75,17.7197,98549,18.23,18.1515,93262
2025-01-09,17.95,17.9667,96385,18.34,18.325,99364
2025-01-10,19.12,19.0119,95972,19.31,19.2947,99207
2025-01-13,18.44,18.5959,87331,18.77,18.9083,105811
2025-01-14,18.1,18.2081,78856,18.45,18.5544,111436
2025-01-15,16.18,16.101,70024,17.16,17.063,114869
2025-01-16,16.35,16.189,64698,17.21,17.0997,126669
2025-01-17,16.3,16.1792,60197,17.26,17.2382,136228
2025-01-21,15.15,15.2423,50303,16.45,16.5367,148736
2025-01-22,14.8,15.53,45313,16.76,16.7432,180736
2025-01-23,16.47,16.4733,171319,17.32,17.3441,53406
2025-01-24,16.41,16.382,172763,17.32,17.2994,60173
2025-01-27,17.56,17.6133,173161,17.98,18.0353,63761
2025-01-28,16.98,16.939,167410,17.6,17.4803,68356
2025-01-29,16.88,16.8431,157695,17.47,17.4988,71434
2025-01-30,16.8,16.7092,143967,17.58,17.5228,73102
2025-01-31,17.44,17.3586,149145,18.05,17.986,76459
2025-02-03,17.35,17.9108,142492,17.83,18.1335,82549
2025-02-04,17.45,17.2011,133697,17.87,17.7673,88625
2025-02-05,16.75,16.7703,124858,17.43,17.491,91022
2025-02-06,16.63,16.5795,121666,17.45,17.4335,97722
2025-02-07,17.4,17.3458,120848,17.9,17.9512,109886
2025-02-10,16.75,16.7021,114246,17.52,17.5244,123941
2025-02-11,16.8,16.7694,105152,17.55,17.5614,136461
2025-02-12,16.67,16.8012,91278,17.37,17.4799,146585
2025-02-13,16.14,16.1349,80249,17.26,17.2427,161220
2025-02-14,16.1,16.0117,74835,17.21,17.1818,174006
2025-02-18,15.5,15.6602,64320,17.13,17.1256,189988
2025-02-19,15.65,15.94,42906,17.0,16.9066,215031
2025-02-20,16.95,17.0326,211031,17.82,17.8579,66004
2025-02-21,18.2,18.3007,209878,18.64,18.699,69559
2025-02-24,18.32,18.4302,199225,18.72,18.7684,72767
2025-02-25,18.37,18.4836,197932,18.71,18.7907,77349
2025-02-26,17.8,18.1337,202055,18.36,18.6034,83183
2025-02-27,19.23,19.3063,185070,19.4,19.4276,87569
2025-02-28,18.93,18.8291,178805,19.11,19.0461,94514
2025-03-03,20.37,20.6577,159440,20.21,20.4435,98521
2025-03-04,20.72,21.2409,157837,20.36,20.7993,106817
2025-03-05,20.37,20.1269,145869,20.08,19.9017,118299
2025-03-06,22.46,22.8281,128821,21.57,21.7923,112127
2025-03-07,21.85,21.6254,130499,20.89,20.7863,118476
2025-03-10,24.77,24.9344,120265,22.65,22.7978,125516
2025-03-11,24.69,24.6115,112322,22.86,22.7661,139707
2025-03-12,23.25,23.0749,101839,21.93,21.7139,141848
2025-03-13,24.3,24.4101,87357,22.57,22.6331,137268
2025-03-14,21.75,21.5211,82752,20.87,20.6804,139409
2025-03-17,20.75,20.8352,66883,19.91,19.9169,144855
2025-03-18,21.45,21.63,44411,20.45,20.4806,150165
2025-03-19,19.66,19.7513,149493,19.66,19.7468,58530
2025-03-20,19.35,19.4005,151454,19.47,19.4706,60219
2025-03-21,19.27,19.4179,148844,19.4,19.4739,62452
2025-03-24,18.15,18.0635,149540,18.51,18.4989,63013
2025-03-25,18.18,18.2072,143535,18.62,18.6554,63227
2025-03-26,18.9,18.8445,143295,19.18,19.1501,63729
2025-03-27,18.99,18.9763,141122,19.15,19.1588,65141
2025-03-28,21.25,20.9817,140325,20.78,20.5492,70140
2025-03-31,21.02,20.8435,135351,20.68,20.4872,74700
2025-04-01,20.88,20.8794,128228,20.53,20.5138,79628
2025-04-02,22.0,20.1562,127234,21.39,20.0227,86861
2025-04-03,26.25,26.3753,123726,24.02,24.1926,93473
2025-04-04,32.55,32.4976,127660,28.55,28.5193,103944
2025-04-07,32.9,33.1708,126661,27.85,28.1411,124721
2025-04-08,39.5,39.1728,122555,32.05,31.4333,141085
2025-04-09,28.1,28.6489,107141,24.9,25.1944,145512
2025-04-10,35.2,35.8622,96134,29.3,29.871,140436
2025-04-11,34.45,34.6376,85254,28.7,28.8917,139516
2025-04-14,30.0,29.8594,73725,25.85,25.6983,142506
2025-04-15,30.35,29.9025,56404,25.66,25.4674,144332
2025-04-16,31.65,31.91,48836,27.45,27.6258,155587
2025-04-17,26.5,26.7284,152688,25.57,25.7621,55997
2025-04-21,28.3,28.4469,142772,26.97,27.0167,57208
2025-04-22,26.53,26.5397,142040,25.76,25.7021,58617
2025-04-23,25.25,25.4379,134380,24.73,24.8708,60822
2025-04-24,24.42,24.5677,131027,23.97,24.0525,65384
2025-04-25,23.5,23.4981,126886,23.26,23.2525,66684
2025-04-28,23.75,23.682,121229,23.39,23.3132,69136
2025-04-29,23.4,23.3847,118254,23.13,23.1101,72084
2025-04-30,23.75,24.0109,116868,23.39,23.5652,75068
2025-05-01,23.77,23.5699,112111,23.42,23.261,77865
2025-05-02,22.6,22.4818,108565,22.5,22.4001,81498
2025-05-05,23.2,23.1838,102898,22.82,22.8084,85544
2025-05-06,24.4,24.1076,101654,23.72,23.5229,85440
2025-05-07,23.46,23.3234,99345,23.07,22.9534,87911
2025-05-08,22.36,22.2923,95203,22.35,22.229,89594
2025-05-09,21.95,22.0058,89797,22.05,22.092,94223
2025-05-12,18.55,18.571,83445,19.35,19.4058,101021
2025-05-13,18.6,18.4379,79661,19.43,19.2945,103125
2025-05-14,18.85,18.7805,71512,19.8,19.744,106675
2025-05-15,18.2,18.2334,63179,19.4,19.4628,115264
2025-05-16,18.4,17.9271,58277,19.71,19.4121,122402
2025-05-19,18.16,18.2044,52813,19.6,19.6515,130705
2025-05-20,17.97,18.0043,46267,19.43,19.4966,139213
2025-05-21,18.6,19.12,38219,20.95,20.7904,149975
2025-05-22,20.55,20.6395,149444,21.13,21.2388,52620
2025-05-23,22.08,22.0425,141399,22.29,22.2839,56311
2025-05-27,19.55,19.7008,136656,20.45,20.522,58971
2025-05-28,19.65,19.92,126029,20.52,20.7911,60582
2025-05-29,20.06,19.9594,122531,20.95,20.8552,63827
2025-05-30,20.07,20.0219,116444,21.06,21.0379,67625
2025-06-02,19.65,19.7059,115036,20.8,20.8963,73947
2025-06-03,19.2,19.204,113953,20.55,20.574,80078
2025-06-04,19.3,19.1474,112230,20.55,20.498,89081
2025-06-05,19.77,19.5782,110500,21.02,20.8932,95342
2025-06-06,18.65,18.5314,107536,20.15,20.1545,107756
2025-06-09,18.35,18.3048,103105,20.0,20.0001,114814
2025-06-10,18.15,18.1408,98167,20.0,19.971,123697
2025-06-11,18.4,18.3462,88738,20.06,20.0947,131132
2025-06-12,18.76,18.7455,80085,20.26,20.2997,139165
2025-06-13,21.07,21.2716,68709,21.66,21.8201,147288
2025-06-16,19.15,19.1942,52180,20.24,20.2816,160672
2025-06-17,21.05,20.9935,42779,21.45,21.4052,163124
2025-06-18,21.0,20.68,31586,20.83,20.8053,174120
2025-06-20,21.1,21.1254,170466,21.55,21.6516,55948
2025-06-23,20.65,20.7581,161982,21.35,21.499,60245
2025-06-24,19.3,19.2484,156904,20.4,20.446,65448
2025-06-25,19.05,19.0176,157509,20.23,20.2389,70883
2025-06-26,18.95,18.9112,156567,20.2,20.1218,77960
2025-06-27,18.85,18.8523,157037,20.17,20.1951,85570
2025-06-30,18.78,18.7125,151319,20.17,20.0976,95881
2025-07-01,18.7,18.6524,149744,20.16,20.1918,103836
2025-07-02,18.55,18.5591,145250,20.1,20.1827,115102
2025-07-03,18.4,18.3205,141741,20.12,20.0767,126117
2025-07-07,18.84,18.729,134777,20.35,20.2403,143330
2025-07-08,17.9,18.0173,122679,19.71,19.8183,148133
2025-07-09,17.16,17.0818,112640,19.33,19.2593,156128
2025-07-10,16.85,16.8712,91655,19.15,19.1121,171536
2025-07-11,17.3,17.1231,79509,19.25,19.1936,184716
2025-07-14,17.25,17.3381,64647,19.38,19.4824,198893
2025-07-15,17.31,16.9855,49909,19.54,19.3911,216178
2025-07-16,16.6,16.74,38256,19.46,19.5255,232530
2025-07-17,19.3,19.4451,231274,20.85,20.9494,65831
2025-07-18,19.08,19.141,227746,20.75,20.8192,70334
2025-07-21,19.0,19.0016,225101,20.69,20.6923,76091
2025-07-22,18.93,18.8975,218818,20.71,20.705,79035
2025-07-23,17.96,18.0956,214091,19.92,20.0524,83372
2025-07-24,18.06,18.0782,208549,19.85,19.8785,93051
2025-07-25,17.91,17.8844,204569,19.77,19.7887,106905
2025-07-28,17.3,17.3948,200691,19.25,19.3055,113167
2025-07-29,17.95,17.8434,198847,19.73,19.7103,122950
2025-07-30,17.5,17.9038,196617,19.45,19.7879,131160
2025-07-31,18.05,17.9566,186062,19.94,19.8708,136989
2025-08-01,19.9,19.8518,182198,21.05,21.1103,147590
2025-08-04,17.95,18.1045,162389,19.85,19.9853,146957
2025-08-05,18.4,18.3111,154653,20.17,20.1609,157972
2025-08-06,17.68,17.6048,147755,19.6,19.5688,165300
2025-08-07,17.7,17.7978,142125,19.56,19.7075,171893
2025-08-08,16.75,16.868,134734,19.05,19.1604,180344
2025-08-11,16.95,16.9014,128717,19.35,19.2976,191777
2025-08-12,15.9,15.8937,119500,18.5,18.5508,210113
2025-08-13,15.75,15.6455,113164,18.52,18.4996,226038
2025-08-14,15.81,15.7256,103082,18.55,18.5444,234839
2025-08-15,15.78,15.7742,90735,18.45,18.4744,248658
2025-08-18,15.33,15.3206,76818,17.95,18.009,258215
2025-08-19,15.5,15.5738,62405,18.35,18.3931,267074
2025-08-20,,15.41,48660,18.25,18.3008,276905
2025-08-21,18.65,18.6088,263156,20.35,20.3754,68656
2025-08-22,17.05,16.9975,255319,19.0,19.0513,79197
2025-08-25,17.04,17.0172,243586,19.11,19.1565,84528
2025-08-26,16.8,16.8867,236685,19.08,19.0898,95577
2025-08-27,16.94,16.9045,229788,19.18,19.1748,105411
2025-08-28,16.8,16.6525,225259,19.11,19.0363,116048
2025-08-29,17.08,17.149,219457,19.32,19.3442,125087
2025-09-02,17.5,17.7246,206335,19.66,19.8497,138053
2025-09-03,17.15,17.1889,190201,19.36,19.4266,145332
2025-09-04,16.53,16.5962,183082,18.81,18.8515,159760
2025-09-05,16.8,16.7106,168171,18.95,18.8991,172509
2025-09-08,16.35,16.3618,156944,18.52,18.5378,187443
2025-09-09,16.25,16.2916,142190,18.4,18.4396,203333
2025-09-10,16.19,16.1314,127726,18.41,18.3931,220482
2025-09-11,15.65,15.6473,114863,18.02,17.995,229818
2025-09-12,15.65,15.5928,97235,18.01,17.9471,242750
2025-09-15,15.8,15.7566,87145,18.16,18.1366,253513
2025-09-16,15.95,16.1034,64956,18.35,18.4512,266497
2025-09-17,16.15,15.86,44851,17.71,17.7786,286223
2025-09-18,17.65,17.677,268685,19.2,19.25,82035
2025-09-19,17.7,17.7179,259799,19.26,19.2825,85695
2025-09-22,18.02,18.0476,256033,19.5,19.534,90696
2025-09-23,18.25,18.34,250824,19.68,19.708,95756
2025-09-24,17.95,18.0413,241043,19.4,19.5247,100061
2025-09-25,18.33,18.3333,231186,19.72,19.7125,101708
2025-09-26,17.5,17.4931,227624,19.07,19.0568,109062
2025-09-29,17.75,17.7466,222010,19.35,19.2967,115782
2025-09-30,17.75,17.588,216507,19.35,19.2492,120874
2025-10-01,17.6,17.5014,211838,19.2,19.1491,130355
2025-10-02,17.8,17.842,207857,19.31,19.3483,139302
2025-10-03,17.8,17.7273,206019,19.25,19.2466,148423
2025-10-06,17.6,17.602,197708,19.1,19.1017,159063
2025-10-07,18.05,18.1013,188106,19.4,19.491,163760
2025-10-08,17.55,17.6497,177054,19.05,19.2059,173848
2025-10-09,17.7,17.7004,170713,19.23,19.2535,186972
2025-10-10,22.05,21.0095,164304,21.98,21.2344,190158
2025-10-13,19.1,19.0245,147297,19.7,19.6943,200737
2025-10-14,20.45,20.2857,121671,20.5,20.4843,216585
2025-10-15,20.85,20.7228,98704,20.69,20.6812,222962
2025-10-16,24.09,24.0259,88123,22.42,22.4142,225331
2025-10-17,20.8,20.9137,84821,20.63,20.7096,241125
2025-10-20,18.4,18.4487,72251,19.15,19.1805,242844
2025-10-21,18.05,18.018,60074,19.15,19.0436,248360
2025-10-22,18.0,18.7,49746,19.35,19.3039,254707
2025-10-23,18.85,18.9203,241328,19.55,19.6218,85277
2025-10-24,18.6,18.6373,237664,19.32,19.3431,91458
2025-10-27,18.0,18.0336,218262,18.9,18.9361,104941
2025-10-28,18.53,18.5732,218262,19.36,19.4043,104941
2025-10-29,18.85,18.9367,211957,19.65,19.6877,112681
2025-10-30,18.6,19.108,207148,19.55,19.9203,119379
2025-10-31,19.1,19.1308,202975,19.87,19.9632,127981
2025-11-03,18.85,18.938,195578,19.85,19.8978,131821
2025-11-04,19.75,19.7605,187255,20.42,20.5025,141910
2025-11-05,19.0,18.9114,177203,19.77,19.7592,152667
2025-11-06,19.85,20.053,166379,20.25,20.3851,159557
2025-11-07,19.8,19.8557,154239,20.13,20.2058,164768
2025-11-10,18.41,18.5012,132779,19.2,19.2457,166803
2025-11-11,18.35,18.3268,117347,19.3,19.2449,180009
2025-11-12,18.35,18.3384,109057,19.45,19.3997,191847
2025-11-13,20.35,20.4452,96027,20.5,20.5383,206049
2025-11-14,19.9,20.0738,79389,20.15,20.1248,214610
2025-11-17,22.0,22.0493,69195,21.15,21.1688,224609
2025-11-18,24.6,23.9669,54650,22.0,21.7706,241367
2025-11-19,23.85,23.9,44228,20.91,21.2323,260130
2025-11-20,22.85,22.867,241371,23.19,23.2206,69732
2025-11-21,21.5,21.5533,245665,22.35,22.4099,79296
2025-11-24,19.95,19.8948,223757,21.05,21.1013,84747
2025-11-25,19.35,19.3179,205930,20.62,20.5594,90982
2025-11-26,18.71,18.7431,191745,20.13,20.1608,103430
2025-11-28,18.2,18.2687,181730,19.81,19.867,109298
2025-12-01,18.35,18.3442,179513,19.8,19.8539,119662
2025-12-02,18.0,17.9472,171965,19.7,19.5901,129761
2025-12-03,17.78,17.7946,161980,19.55,19.5796,138561
2025-12-04,17.55,17.5422,149992,19.42,19.4156,142568
2025-12-05,17.3,17.2631,138922,19.23,19.2329,149800
2025-12-08,17.54,17.6046,131069,19.45,19.4845,158047
2025-12-09,17.71,17.609,123028,19.53,19.4999,164173
2025-12-10,16.71,16.6644,114363,18.87,18.8164,172311
2025-12-11,16.1,16.2564,106909,18.43,18.5716,181988
2025-12-12,16.7,16.5715,94367,18.62,18.5508,189545
2025-12-15,16.53,16.5036,77950,18.54,18.5302,197673
2025-12-16,16.75,16.3399,62790,18.65,18.5123,205120
2025-12-17,16.45,16.01,50065,18.74,18.8033,217312
2025-12-18,18.3,18.1867,210176,19.7,19.6653,60423
2025-12-19,17.4,17.4453,202838,19.02,19.1272,68879
2025-12-22,16.9,16.8537,203742,18.67,18.6258,74264
2025-12-23,16.95,16.9364,200246,18.69,18.7306,83062
2025-12-24,16.9,16.8532,194209,18.8,18.8012,88282
2025-12-26,16.81,16.8173,190880,18.85,18.8394,92164
2025-12-29,16.65,16.6251,184437,18.57,18.5604,96103
2025-12-30,16.36,16.3736,182104,18.4,18.3952,107350
2025-12-31,16.5,16.5325,178667,18.49,18.534,113897
2026-01-02,16.1,16.1271,176523,18.3,18.2916,118916
2026-01-05,16.4,16.4125,170480,18.4,18.406,125565
2026-01-06,16.25,16.2426,163432,18.17,18.1904,133554
2026-01-07,16.7,16.6914,153581,18.34,18.3472,139568
2026-01-08,16.51,16.5193,144437,18.07,18.1492,153522
2026-01-09,16.15,16.1552,124113,17.85,17.8657,161562
2026-01-12,16.1,16.1224,115977,17.9,17.9274,169904
2026-01-13,16.62,16.5992,105667,18.35,18.3897,176892
2026-01-14,17.41,17.287,95647,18.82,18.8191,183019
2026-01-15,16.45,16.5041,80882,18.26,18.2809,186583
2026-01-16,16.65,16.6389,70154,18.38,18.3596,193953
2026-01-20,19.9,20.2228,58018,20.25,20.3916,201328
2026-01-21,19.9,18.82,33407,18.4,18.4095,214034
2026-01-22,18.0,17.9803,198934,18.95,19.0033,71190
2026-01-23,18.43,18.346,194745,19.29,19.2365,74716
2026-01-26,18.3,18.2753,189434,19.28,19.2337,80232
2026-01-27,18.56,18.594,181133,19.47,19.5249,83502
2026-01-28,18.4,18.6005,177316,19.43,19.5362,90898
2026-01-29,18.75,18.7805,170017,19.64,19.6838,94613
2026-01-30,19.1,19.0448,164073,19.95,19.8981,103977
2026-02-02,17.95,17.9118,159257,19.06,19.0652,110498
2026-02-03,18.94,18.9085,146774,19.55,19.6359,116421
2026-02-04,19.03,19.2928,134201,19.7,19.8792,124545
2026-02-05,21.29,20.8475,120546,21.07,20.8342,129979
2026-02-06,19.14,19.1365,109772,19.7,19.7066,141111
2026-02-09,18.41,18.2983,102613,19.2,19.128,151405
2026-02-10,18.75,18.8064,93840,19.5,19.5156,155459
2026-02-11,18.7,18.6671,82016,19.48,19.4505,165355
2026-02-12,20.5,20.6575,73725,20.45,20.6289,173634
2026-02-13,21.2,21.029,63053,20.91,20.8254,174287
2026-02-17,20.15,20.0571,52702,20.18,20.2175,197275
2026-02-18,19.85,19.69,29082,20.15,20.1587,204499
2026-02-19,20.65,20.7531,199359,21.2,21.242,60830
2026-02-20,20.15,20.2231,196763,20.75,20.8381,66288
2026-02-23,21.01,21.0977,192642,21.3,21.4043,67621
2026-02-24,20.35,20.2524,187751,20.93,20.9235,74627
2026-02-25,19.3,19.4492,183345,20.2,20.3214,81089
2026-02-26,19.98,19.7561,180958,20.7,20.5453,79625
2026-02-27,20.55,20.6361,174670,21.15,21.1511,85249
2026-03-02,21.11,20.932,167052,21.35,21.2758,91593
2026-03-03,22.4,22.1056,158818,22.27,22.0885,102306
2026-03-04,21.34,21.2017,155159,21.41,21.3553,116325
2026-03-05,22.86,22.9737,149756,22.37,22.4869,120840
2026-03-06,26.4,26.9657,146400,24.57,25.0027,126441
2026-03-09,23.89,23.5673,146104,23.04,22.9911,142230
2026-03-10,24.75,25.0953,120958,23.71,23.9178,148962
2026-03-11,24.0,23.5823,109144,23.14,22.9478,156079
2026-03-12,25.59,25.8135,90513,24.16,24.3687,161702
2026-03-13,26.59,26.3706,81741,24.92,24.7996,171729
2026-03-16,23.7,23.3145,73168,23.1,22.99,191092
2026-03-17,22.45,22.3122,55487,22.8,22.7161,194774
2026-03-18,23.16,22.89,43078,24.9,24.6547,201949
2026-03-19,23.85,23.9468,205909,23.5,23.5295,55676
2026-03-20,25.2,25.7467,185428,24.35,24.7511,56751
2026-03-23,24.15,24.3024,178997,23.53,23.6039,63670
2026-03-24,24.32,24.9404,168461,23.62,24.1512,69531
2026-03-25,24.3,24.2885,157646,23.75,23.8017,75172
2026-03-26,25.83,26.2588,151260,24.75,25.0986,78983
2026-03-27,28.3,28.49,150515,26.35,26.4912,85887
2026-03-30,28.49,28.2082,151855,26.56,26.4497,97744
2026-03-31,24.97,25.0224,136856,24.37,24.412,104677
2026-04-01,24.35,24.4503,117673,23.87,23.9092,108519
2026-04-02,24.58,24.4806,108340,24.0,23.9468,113057
2026-04-06,23.76,23.843,101048,23.28,23.3132,118146
2026-04-07,24.56,24.9752,91471,23.77,23.9995,125135
2026-04-08,22.0,21.6653,81927,22.15,21.9085,132458
2026-04-09,20.26,20.2766,75991,21.22,21.2162,148133
2026-04-10,20.11,20.4077,70722,21.35,21.5654,149523
2026-04-13,19.15,19.304,65064,20.63,20.7147,163463
2026-04-14,18.55,18.5981,56312,20.4,20.4795,168159
2026-04-15,18.15,17.38,48955,20.51,20.5903,179662
2026-04-16,20.45,20.4999,183803,21.02,21.021,66252
2026-04-17,20.4,20.2916,185277,21.01,20.945,70551
2026-04-20,20.45,20.5949,188642,21.2,21.2929,73226
2026-04-21,20.79,20.9532,184733,21.36,21.5196,76823
2026-04-22,20.6,20.6508,174077,21.29,21.3167,80462
2026-04-23,20.8,20.6595,173626,21.35,21.3194,84997
2026-04-24,20.8,20.8574,169908,21.45,21.5145,85911
2026-04-27,20.05,20.0502,172497,21.1,21.0997,89054
2026-04-28,19.7,19.7201,168662,20.73,20.7805,94237
2026-04-29,20.35,20.2515,168970,21.27,21.1753,100454
2026-04-30,19.4,19.4774,160614,20.62,20.6453,112643
2026-05-01,19.76,19.6928,161738,20.89,20.7897,116403
2026-05-04,20.0,19.9531,153654,21.03,21.045,127819
2026-05-05,19.55,19.7775,145309,20.88,21.0615,134167
2026-05-06,19.25,19.3268,139328,20.65,20.6964,141237
2026-05-07,19.3,19.0668,128429,20.7,20.5952,143854
2026-05-08,19.1,19.2159,124874,20.63,20.6846,151215
2026-05-11,19.45,19.4709,114700,20.93,20.99,162971
2026-05-12,19.05,19.0069,102369,20.59,20.5673,175085
2026-05-13,18.9,19.0526,90522,20.89,20.9198,185091
2026-05-14,18.4,18.3627,81933,20.53,20.5377,192328
2026-05-15,19.23,19.106,72521,20.63,20.6563,205389
2026-05-18,17.7,17.6228,61871,20.3,20.281,223795
2026-05-19,17.6,17.81,49803,20.36,20.4174,241402
2026-05-20,20.0,19.9922,236783,21.49,21.491,61754
2026-05-21,19.4,19.3516,225859,21.16,21.129,65877
2026-05-22,19.65,19.5327,219886,21.25,21.2031,72373
2026-05-26,18.8,18.8709,212366,20.64,20.7092,75748
2026-05-27,18.33,18.3995,201548,20.41,20.4518,82714
2026-05-28,17.91,17.9751,193903,20.13,20.2218,90922
2026-05-29,17.6,17.5883,185403,19.91,19.9449,98196
2026-06-01,18.06,18.0701,179595,20.42,20.4065,104194
2026-06-02,17.7,17.6984,174351,20.22,20.2431,116722
2026-06-03,17.81,17.6055,169461,20.46,20.3183,124831
2026-06-04,17.11,16.997,164149,19.75,19.6678,136788
2026-06-05,19.65,19.1698,154967,20.75,20.4832,149532
2026-06-08,18.7,18.7394,147368,20.1,20.1442,161517
2026-06-09,18.95,19.0027,135132,20.41,20.5199,172018
2026-06-10,20.85,20.6899,109514,21.48,21.4626,176863
2026-06-11,19.2,19.2403,98416,20.5,20.4894,187714
2026-06-12,17.9,17.9717,82200,19.63,19.6632,195889
2026-06-15,16.2,16.1117,74306,18.45,18.36,198621
2026-06-16,16.35,16.1227,69064,18.45,18.4177,204810
2026-06-17,15.91,16.2,55224,19.1,19.255,210733
2026-06-18,18.48,18.4931,207242,19.87,19.9209,66498
2026-06-22,18.45,18.4508,197666,19.65,19.6583,67097
2026-06-23,19.4,19.5058,200554,20.17,20.2839,71301
2026-06-24,18.9,19.4291,194083,19.75,20.1412,71787
2026-06-25,19.0,19.1066,188762,19.74,19.8393,76075
2026-06-26,19.35,19.0598,180528,19.95,19.8178,78898
2026-06-29,18.45,18.415,175261,19.3,19.2634,80108
2026-06-30,18.05,17.9507,167790,19.02,18.949,82938
2026-07-01,18.21,18.1033,161681,19.17,19.0954,90100
2026-07-02,17.95,17.9017,161832,19.02,18.9641,96910
2026-07-06,17.2,17.2517,154546,18.58,18.6039,98392
2026-07-07,17.55,17.5525,151782,18.68,18.6997,105708
2026-07-08,18.25,17.927,150335,19.02,18.8545,111765
2026-07-09,17.4,17.4187,129970,18.65,18.6556,123568
2026-07-10,16.94,16.9545,124043,18.3,18.2982,129926
2026-07-13,17.9,17.7668,119551,18.8,18.7312,143934
2026-07-14,17.28,17.3067,106776,18.5,18.5165,151749
2026-07-15,16.56,16.5489,99668,18.15,18.0542,161202
2026-07-16,17.4,17.2746,93746,18.66,18.508,170021
2026-07-17,18.9,18.8036,83798,19.25,19.3004,177151
2026-07-20,18.54,18.4507,65654,19.05,18.9656,180861
2026-07-21,17.14,17.0397,55073,18.43,18.4089,191178
2026-07-22,17.45,17.22,47415,18.4,18.5033,201857
2026-07-23,19.38,19.5133,197194,20.11,20.2246,68981
2026-07-24,19.25,19.231,189562,19.95,19.9851,74066
2026-07-27,19.15,19.1398,185693,19.83,19.8291,76141
2026-07-28,19.05,18.9983,173484,19.71,19.7005,83894
2026-07-29,20.37,20.3094,168762,20.65,20.5776,85099
2026-07-30,18.75,18.7716,166083,19.67,19.6787,91737
2026-07-31,18.4,18.1046,162902,19.42,19.2499,94496
2026-08-03,17.85,17.9466,159237,19.08,19.1787,96018
2026-08-04,17.95,18.0473,157864,19.2,19.2542,103864
2026-08-05,17.6,17.4302,151170,18.78,18.7083,112046
2026-08-06,17.2,17.0952,144819,18.6,18.5409,120958
2026-08-07,17.01,16.9913,138116,18.67,18.6639,126912
2026-08-10,16.97,16.9577,128110,18.6,18.5975,134027
2026-08-11,16.75,16.7881,119081,18.41,18.4293,144811
2026-08-12,16.06,16.0226,107570,18.02,17.9686,152310
2026-08-13,15.93,16.001,94437,18.07,18.1145,163032
2026-08-14,15.6,15.5594,81738,17.9,17.9201,174382
2026-08-17,15.6,15.6125,72645,18.04,18.0529,190798
2026-08-18,16.0,15.8653,60340,18.2,18.1906,211674
2026-08-19,15.4,15.29,49633,17.55,17.6066,221384
2026-08-20,17.78,17.8009,218065,19.41,19.4505,66130
2026-08-21,17.5,17.5022,214155,19.11,19.1499,68168
2026-08-24,17.55,17.589,211143,19.12,19.1282,73138
2026-08-25,17.2,17.2042,206225,18.93,18.9246,77109
2026-08-26,17.05,17.1549,201227,18.78,18.8535,81132
2026-08-27,16.7,16.6614,194291,18.55,18.5279,86389
2026-08-28,16.9,16.9353,186341,18.73,18.7002,93439
2026-08-31,16.58,16.5603,183101,18.42,18.4425,103215
2026-09-01,17.18,17.2528,172712,18.81,18.8535,110883
2026-09-02,,16.5528,172964,,18.385,123472
2026-09-03,16.15,16.1381,158884,18.1,18.1013,133964
2026-09-04,16.25,16.2669,152255,18.07,18.1384,144340
2026-09-08,16.66,16.6283,142562,18.45,18.402,153579
2026-09-09,17.1,17.052,125228,18.62,18.6248,169390
