,VXc1,VXc1,VXc1,VXc2,VXc2,VXc2,VXc4,VXc4,VXc4
,TRDPRC_1,SETTLE,OPINT_1,TRDPRC_1,SETTLE,OPINT_1,TRDPRC_1,SETTLE,OPINT_1
Date,,,,,,,,,
2007-09-10,26.77,26.72,12120,24.51,24.67,11842,22.2,22.1,7607
2007-09-11,24.95,25.01,12398,23.51,23.62,11991,21.6,21.63,7555
2007-09-12,24.99,24.94,11685,23.88,23.88,12512,21.86,21.77,6437
2007-09-13,24.85,24.85,11519,23.71,23.76,12499,21.4,21.47,6665
2007-09-14,24.75,24.8,11587,23.76,23.78,12483,21.35,21.49,6861
2007-09-17,25.34,25.37,11751,24.32,24.34,12861,21.76,21.69,7234
2007-09-18,20.25,20.18,12088,21.4,21.39,13919,20.61,20.48,7605
2007-09-19,20.62,20.57,15156,20.3,20.23,29270,20.01,20.1,2646
2007-09-20,20.8,20.82,15755,20.69,20.75,29173,20.2,20.16,2555
2007-09-21,19.9,19.87,16346,20.03,19.98,29253,19.6,19.63,2578
2007-09-24,19.69,19.71,17140,19.96,19.91,29768,19.53,19.55,2308
2007-09-25,19.9,19.88,16891,20.07,20.11,29169,19.55,19.49,2275
2007-09-26,19.05,19.03,17361,19.6,19.56,29813,19.3,19.24,2312
2007-09-27,18.76,18.72,17870,19.32,19.39,29978,19.13,19.16,2294
2007-09-28,18.9,18.92,19092,19.77,19.79,31139,19.4,19.48,2300
2007-10-01,18.45,18.43,19109,19.3,19.34,31343,19.29,19.26,2620
2007-10-02,18.94,18.92,18985,19.7,19.69,31457,19.56,19.62,2530
2007-10-03,19.1,19.1,18623,19.99,19.99,31247,19.79,19.79,2552
2007-10-04,19.29,19.26,18672,20.14,20.15,31176,19.73,19.86,2714
2007-10-05,17.9,17.93,18700,19.29,19.27,31958,19.12,19.09,2740
2007-10-08,18.2,18.2,18356,19.44,19.51,31973,19.3,19.28,2734
2007-10-09,17.0,17.06,18915,18.63,18.64,32401,18.91,18.76,2851
2007-10-10,17.3,17.31,18409,18.6,18.62,32116,19.05,18.92,2841
2007-10-11,18.5,18.53,18784,19.69,19.8,32870,19.55,19.6,2801
2007-10-12,17.91,17.95,18961,19.43,19.45,33283,19.44,19.55,2792
2007-10-15,19.13,19.17,20032,20.42,20.41,33578,20.57,20.43,2920
2007-10-16,20.0,20.03,19289,21.3,21.33,34030,21.06,21.08,7172
2007-10-17,21.09,21.07,34652,20.9,20.95,12191,21.2,21.12,4335
2007-10-18,21.08,21.09,34982,20.9,20.92,13535,21.0,21.01,4385
2007-10-19,22.55,22.54,36785,22.25,22.3,13637,21.95,21.85,4427
2007-10-22,22.27,22.27,36322,21.79,21.74,14084,21.81,21.83,4510
2007-10-23,21.52,21.56,37144,21.24,21.23,14200,21.3,21.4,4532
2007-10-24,21.98,22.01,37756,21.6,21.57,13076,21.6,21.63,4546
2007-10-25,21.7,21.71,38455,21.68,21.68,12954,21.81,21.62,4566
2007-10-26,20.69,20.73,38692,21.02,21.04,12833,21.2,21.25,4587
2007-10-29,20.23,20.27,38130,20.95,20.91,12846,21.16,21.22,4607
2007-10-30,20.95,20.96,38230,21.68,21.64,13036,21.86,21.77,4607
2007-10-31,19.06,19.06,39519,20.27,20.3,13453,20.8,20.89,4612
2007-11-01,22.31,22.33,37860,22.53,22.46,13146,22.35,22.37,4702
2007-11-02,23.01,22.98,38308,23.0,23.07,12939,23.18,23.19,4932
2007-11-05,23.97,23.94,37932,23.99,23.91,13334,23.8,23.8,5142
2007-11-06,22.44,22.45,38360,22.95,22.92,14098,23.1,23.18,5263
2007-11-07,25.17,25.22,37160,25.19,25.23,14552,25.1,25.15,6213
2007-11-08,25.21,25.24,37068,25.01,25.05,15267,25.0,24.97,6706
2007-11-09,27.0,26.96,36952,26.2,26.36,15934,26.0,26.04,7311
2007-11-12,27.67,27.64,36420,26.65,26.64,17171,26.25,26.21,7103
2007-11-13,24.6,24.65,34336,24.85,24.82,15943,24.55,24.6,7605
2007-11-14,25.16,25.3,33370,25.1,25.15,16489,24.9,24.81,7689
2007-11-15,27.29,27.42,32353,26.7,26.7,18196,26.15,26.1,8050
2007-11-16,26.0,26.04,32405,26.4,26.45,17953,25.95,25.98,8195
2007-11-19,25.6,25.61,32301,27.0,26.92,16986,26.44,26.46,8473
2007-11-20,25.0,25.08,33002,26.11,26.18,18354,26.4,26.28,9788
2007-11-21,26.86,26.81,18836,26.83,26.74,11831,26.31,26.25,4138
2007-11-23,25.77,25.86,18548,26.0,25.98,11740,25.94,25.91,4124
2007-11-26,27.32,27.32,18757,26.96,26.97,11858,26.36,26.38,4162
2007-11-27,26.6,26.65,18586,26.51,26.53,11873,26.2,26.07,4138
2007-11-28,24.6,24.56,19638,24.62,24.66,11957,24.57,24.53,4151
2007-11-29,24.81,24.86,19554,24.7,24.77,11862,24.55,24.61,4099
2007-11-30,24.21,24.19,19867,24.35,24.37,12325,24.33,24.36,4368
2007-12-03,24.24,24.29,19275,24.55,24.56,12065,24.2,24.29,4132
2007-12-04,24.4,24.48,19252,24.8,24.83,12220,24.65,24.67,4152
2007-12-05,23.0,23.06,19502,23.92,23.95,12220,24.13,24.01,4152
2007-12-06,21.61,21.67,19773,22.92,22.94,12498,23.0,23.06,4417
2007-12-07,22.0,21.97,19656,23.3,23.27,12393,23.16,23.21,4418
2007-12-10,21.3,21.28,19298,22.92,22.92,12400,22.91,23.03,4395
2007-12-11,22.96,22.92,19298,24.02,23.91,12400,23.66,23.79,4395
2007-12-12,22.3,22.19,19298,23.8,23.76,12400,23.5,23.47,4395
2007-12-13,22.03,22.04,19298,23.99,23.95,12400,23.9,23.91,4395
2007-12-14,22.67,22.64,19298,24.65,24.66,12400,24.42,24.36,4395
2007-12-17,23.7,23.75,19298,25.4,25.45,12400,25.25,25.09,4395
2007-12-18,22.5,22.55,19298,24.6,24.57,12400,24.4,24.33,4395
2007-12-19,24.36,24.42,12400,24.36,24.38,9737,24.2,24.22,3847
2007-12-20,24.1,24.17,12400,24.01,24.1,9737,24.13,23.92,3847
2007-12-21,23.06,23.1,12400,23.31,23.29,9737,23.34,23.25,3847
2007-12-24,22.16,22.18,12400,22.99,22.95,9737,22.85,22.97,3847
2007-12-26,21.96,22.02,12400,22.79,22.79,9737,22.88,22.92,3847
2007-12-27,22.7,22.72,12400,23.52,23.52,9737,23.39,23.45,3847
2007-12-28,22.86,22.81,12400,23.69,23.72,9737,23.45,23.46,3847
2007-12-31,23.1,23.12,14290,24.18,24.19,13026,24.03,23.95,4179
2008-01-02,23.83,23.86,14964,24.42,24.49,13125,24.22,24.32,4158
2008-01-03,23.3,23.42,14592,24.6,24.52,13244,24.49,24.26,4153
2008-01-04,24.65,24.68,15078,25.37,25.3,13429,24.9,24.83,4185
2008-01-07,24.07,24.12,14734,24.79,24.81,13479,24.45,24.45,4290
2008-01-08,25.53,25.54,15322,26.1,25.9,13702,25.21,25.35,4242
2008-01-09,24.95,24.89,13855,25.65,25.78,14806,25.0,24.76,4258
2008-01-10,24.07,24.07,13772,24.77,24.95,14050,24.45,24.36,4245
2008-01-11,25.0,24.96,12826,26.1,26.15,15934,25.66,25.92,4709
2008-01-14,23.44,23.36,12570,25.13,25.1,16389,25.04,25.07,4256
2008-01-15,23.95,24.04,12570,25.32,25.24,16557,25.23,25.1,4157
2008-01-16,25.0,24.99,17371,25.0,25.03,7530,24.99,24.94,9465
2008-01-17,26.97,26.97,18146,26.7,26.62,8426,26.5,26.36,9639
2008-01-18,27.12,27.24,19002,26.7,26.71,8661,26.2,26.19,9707
2008-01-22,27.65,27.73,19697,26.4,26.38,8983,25.75,25.77,9446
2008-01-23,26.35,26.4,17767,25.5,25.3,8518,25.0,24.98,9467
2008-01-24,26.45,26.43,17271,25.35,25.34,9645,25.3,25.2,9808
2008-01-25,26.63,26.75,17191,25.81,25.8,9925,25.59,25.63,9232
2008-01-28,26.16,26.16,16647,25.15,25.37,9861,25.05,25.13,9058
2008-01-29,26.25,26.25,16799,25.25,25.25,9892,24.93,25.11,9043
2008-01-30,26.18,26.14,17000,25.55,25.56,10027,25.2,25.27,8999
2008-01-31,25.72,25.64,17842,25.43,25.31,10165,24.1,24.78,9113
2008-02-01,24.9,24.95,17124,24.66,24.66,10628,24.15,24.24,9158
2008-02-04,25.85,25.81,16827,25.5,25.56,11425,24.5,24.51,9393
2008-02-05,27.6,27.39,16877,27.05,26.92,10025,25.85,25.92,9488
2008-02-06,28.32,28.19,16837,27.5,27.6,10240,26.69,26.53,9495
2008-02-07,27.63,27.62,17912,27.2,27.25,10448,26.1,26.01,9835
2008-02-08,28.42,28.39,17110,27.7,27.63,10448,26.55,26.88,9642
2008-02-11,27.9,27.88,16875,26.9,26.97,10542,26.19,26.22,9725
2008-02-12,27.0,27.06,17145,26.73,26.72,11012,25.8,25.9,9835
2008-02-13,25.94,26.0,16469,25.75,25.81,11428,25.25,25.33,9808
2008-02-14,26.2,26.28,16274,26.2,26.18,11734,25.8,25.75,9883
2008-02-15,26.05,26.07,16469,25.83,25.93,12952,25.6,25.5,9947
2008-02-19,25.57,25.61,13194,25.78,25.7,7061,24.97,24.96,5677
2008-02-20,25.5,25.45,13571,25.57,25.41,7100,24.92,24.88,5775
2008-02-21,25.44,25.42,14684,25.42,25.45,6989,24.98,24.88,5733
2008-02-22,24.84,24.87,14240,24.8,24.83,7387,24.48,24.62,5777
2008-02-25,24.18,24.17,15453,24.33,24.34,7524,24.19,24.15,5801
2008-02-26,23.7,23.71,16118,24.2,24.18,8016,24.03,24.07,5846
2008-02-27,23.85,23.88,16778,24.42,24.45,8242,24.17,24.15,5977
2008-02-28,24.62,24.58,16533,24.8,25.1,8011,24.65,24.75,5844
2008-02-29,26.05,26.1,16843,26.27,26.36,8643,25.85,25.85,5960
2008-03-03,26.16,26.16,15693,26.3,26.25,8605,25.7,25.69,6117
2008-03-04,25.71,25.72,16023,25.79,25.79,8747,25.59,25.5,6143
2008-03-05,24.81,24.83,15885,25.39,25.38,11664,24.9,24.85,6267
2008-03-06,26.79,26.76,15445,26.9,26.99,11627,25.9,26.23,6260
2008-03-07,26.95,26.91,15186,26.94,26.87,12561,26.01,25.94,6362
2008-03-10,27.72,27.75,14056,27.7,27.6,10875,26.53,26.56,6350
2008-03-11,26.17,26.11,12815,26.05,26.09,12181,25.21,25.28,6864
2008-03-12,26.65,26.68,12019,26.9,26.92,12215,26.0,26.01,6803
2008-03-13,26.71,26.75,11613,26.99,27.02,12663,26.1,26.17,6839
2008-03-14,29.1,29.03,9166,28.45,28.52,12784,27.08,27.24,6767
2008-03-17,30.61,30.57,9166,28.5,28.54,12784,27.0,27.1,6767
2008-03-18,25.9,25.95,9166,26.2,26.2,14204,25.25,25.13,6895
2008-03-19,27.4,27.41,13610,26.41,26.53,11844,25.7,26.2,1208
2008-03-20,27.02,27.0,13911,26.16,26.08,11767,25.75,25.8,1208
2008-03-24,26.34,26.35,14759,25.71,25.71,11750,25.2,25.6,1210
2008-03-25,26.34,26.32,14469,25.8,25.87,12733,25.51,25.56,1219
2008-03-26,26.9,26.95,13331,26.33,26.32,12771,25.95,26.14,1267
2008-03-27,26.61,26.64,14117,26.5,26.46,12941,26.19,26.05,1271
2008-03-28,26.45,26.6,12889,26.53,26.59,12939,26.1,26.24,1281
2008-03-31,25.92,26.01,12706,26.25,26.3,12954,25.88,25.78,1316
2008-04-01,24.0,24.0,14230,24.8,24.85,13442,24.64,24.58,1411
2008-04-02,24.64,24.64,14133,24.96,25.03,14151,24.75,24.74,1427
2008-04-03,24.25,24.27,15298,25.0,24.94,14863,24.6,24.54,1451
2008-04-04,24.0,23.96,16198,25.0,24.95,14580,24.41,24.68,1483
2008-04-07,23.01,23.01,15481,24.23,24.26,15314,23.97,24.2,1498
2008-04-08,23.02,23.02,14379,24.13,24.07,15275,24.16,24.01,1535
2008-04-09,23.53,23.63,13996,24.62,24.66,17001,24.61,24.59,1580
2008-04-10,22.9,22.85,13089,24.3,24.33,17279,24.0,24.15,1604
2008-04-11,23.94,23.91,13089,24.91,24.98,17279,25.1,25.14,1604
2008-04-14,23.9,23.84,12425,24.9,24.88,17848,24.94,24.99,2033
2008-04-15,22.86,22.87,12425,24.46,24.41,20550,24.6,24.59,2147
2008-04-16,22.95,22.96,21193,23.25,23.23,10381,23.5,23.46,4528
2008-04-17,23.02,23.03,21769,23.5,23.55,10101,23.45,23.44,4852
2008-04-18,22.17,22.2,22427,22.75,22.84,10276,23.2,23.18,4885
2008-04-21,21.86,21.92,22694,22.4,22.43,10300,22.95,22.92,5224
2008-04-22,22.13,22.1,22645,22.65,22.62,10262,23.25,23.21,5326
2008-04-23,21.85,21.86,23461,22.41,22.41,10348,23.27,23.11,5310
2008-04-24,21.23,21.23,23845,22.1,22.05,10696,22.84,22.87,5693
2008-04-25,20.73,20.69,24270,21.51,21.52,11099,22.46,22.4,5947
2008-04-28,20.53,20.54,24925,21.38,21.33,11117,22.0,22.05,5472
2008-04-29,20.8,20.81,24609,21.57,21.59,11751,22.36,22.38,5586
2008-04-30,21.22,21.24,25975,22.1,22.14,12188,22.5,22.45,5916
2008-05-01,19.98,19.86,26427,20.9,20.95,11837,21.51,21.51,6162
2008-05-02,19.65,19.66,26607,20.6,20.63,12276,21.43,21.47,6222
2008-05-05,19.7,19.69,26586,20.97,20.99,12000,21.55,21.6,6561
2008-05-06,18.76,18.82,27166,20.2,20.26,11728,21.32,21.34,6594
2008-05-07,19.65,19.7,27901,21.15,21.21,12250,22.1,22.08,6822
2008-05-08,19.65,19.67,27448,21.22,21.25,12765,22.1,22.17,6809
2008-05-09,19.8,19.84,28094,21.42,21.45,12778,22.32,22.29,6704
2008-05-12,18.93,18.94,28662,20.78,20.82,13519,21.89,21.87,7112
2008-05-13,18.7,18.7,28394,20.8,20.78,13520,21.88,21.88,7146
2008-05-14,18.32,18.3,27200,20.33,20.32,14180,21.65,21.68,7617
2008-05-15,17.42,17.43,26860,19.88,19.88,15278,21.35,21.37,8164
2008-05-16,17.16,17.15,25651,20.16,20.14,18442,21.71,21.69,8311
2008-05-19,16.64,16.64,22224,19.76,19.76,21043,21.76,21.73,7848
2008-05-20,17.43,17.37,21349,20.83,20.82,24705,22.7,22.68,8200
2008-05-21,22.15,22.14,23712,23.58,23.58,8276,23.9,23.76,3056
2008-05-22,21.71,21.72,24948,23.59,23.56,8682,23.64,23.7,3368
2008-05-23,22.25,22.23,24630,24.02,24.04,8586,24.23,24.22,3446
2008-05-27,21.55,21.49,24070,23.71,23.7,8583,23.9,23.78,3647
2008-05-28,21.34,21.33,23190,23.27,23.25,8657,23.6,23.59,3788
2008-05-29,19.95,19.97,23333,22.08,22.07,8813,23.1,23.11,3815
2008-05-30,19.4,19.38,24396,21.74,21.77,9095,22.9,22.99,3838
2008-06-02,20.62,20.64,23842,22.76,22.8,9094,23.51,23.48,3846
2008-06-03,21.08,21.07,24502,23.15,23.18,9164,23.78,23.84,3944
2008-06-04,21.34,21.3,24438,23.06,23.09,9808,23.98,24.02,4015
2008-06-05,19.86,19.91,23828,22.05,22.13,10652,23.4,23.46,4062
2008-06-06,23.1,22.98,22741,23.9,23.94,12143,24.7,24.66,4102
2008-06-09,22.7,22.7,22609,23.41,23.43,12460,24.6,24.59,4238
2008-06-10,22.7,22.72,20413,23.5,23.47,12205,24.42,24.36,4447
2008-06-11,23.79,23.75,19820,24.0,24.05,12351,24.75,24.74,4469
2008-06-12,22.8,22.85,19124,23.95,23.88,12951,24.71,24.78,5382
2008-06-13,21.65,21.62,19124,23.03,23.0,12951,23.87,23.89,5382
2008-06-16,20.91,20.86,16514,22.51,22.74,14466,23.47,23.44,5632
2008-06-17,21.0,21.05,16514,22.69,22.68,15850,23.45,23.43,5785
2008-06-18,23.34,23.35,15487,23.35,23.37,8935,23.81,23.85,1958
2008-06-19,22.99,22.93,15550,23.2,23.17,8963,23.52,23.45,2038
2008-06-20,23.43,23.51,15999,23.49,23.43,9434,23.7,23.72,2061
2008-06-23,23.51,23.51,15577,23.5,23.49,9021,23.58,23.61,2081
2008-06-24,23.58,23.63,15733,23.7,23.7,9009,23.6,23.54,2147
2008-06-25,22.65,22.61,16505,22.73,22.75,9240,22.77,23.01,2184
2008-06-26,24.71,24.72,16395,24.29,24.25,9252,24.33,24.21,2170
2008-06-27,24.53,24.55,15725,24.2,24.18,9289,24.1,24.18,2236
2008-06-30,24.17,24.19,16420,23.92,23.93,9758,24.04,24.02,2244
2008-07-01,24.2,24.19,15777,23.8,23.8,10029,23.81,23.85,2641
2008-07-02,25.57,25.53,16559,24.97,24.95,10321,24.55,24.55,2834
2008-07-03,25.37,25.39,14634,24.63,24.69,10189,24.26,24.33,2861
2008-07-07,25.8,25.85,14811,24.75,24.78,10313,24.74,24.69,3003
2008-07-08,23.97,23.96,14248,23.5,23.54,10477,23.5,23.44,3089
2008-07-09,25.45,25.47,14248,24.68,24.69,10477,24.5,24.51,3089
2008-07-10,25.6,25.61,14427,24.9,24.86,10348,24.51,24.52,3123
2008-07-11,27.23,27.15,14427,25.27,25.25,10348,24.81,24.78,3123
2008-07-14,28.1,28.03,15632,25.87,25.89,11132,25.0,24.93,3210
2008-07-15,28.3,28.43,15694,26.2,26.12,12316,25.31,25.3,3250
2008-07-16,24.61,24.72,12375,24.51,24.48,7379,23.44,23.57,7292
2008-07-17,24.23,24.25,12856,23.97,23.99,7458,23.06,23.14,7533
2008-07-18,24.07,24.05,12849,23.79,23.8,7678,23.09,23.03,7593
2008-07-21,23.39,23.4,13034,23.45,23.44,7402,22.77,22.77,7605
2008-07-22,22.44,22.47,12927,22.75,22.74,7900,22.38,22.36,7662
2008-07-23,22.45,22.43,13299,22.8,22.78,8030,22.67,22.71,7450
2008-07-24,23.6,23.55,13677,23.75,23.72,7888,23.7,23.66,7301
2008-07-25,23.42,23.45,13588,23.6,23.63,7942,23.57,23.6,7458
2008-07-28,24.22,24.25,13696,24.3,24.24,7935,24.05,24.11,7382
2008-07-29,22.66,22.68,14123,23.0,22.99,8461,23.12,23.17,7630
2008-07-30,21.55,21.57,14858,22.1,22.1,8059,22.49,22.52,8042
2008-07-31,22.8,22.77,15131,23.0,22.94,7970,23.09,23.01,7942
2008-08-01,22.96,22.95,15329,23.05,23.04,8050,23.1,23.09,8016
2008-08-04,22.76,22.78,15802,22.95,23.01,8664,23.1,23.06,8099
2008-08-05,21.4,21.44,15886,22.14,22.12,9327,22.4,22.42,8212
2008-08-06,20.72,20.7,16074,21.58,21.58,10128,22.42,22.38,8504
2008-08-07,21.5,21.51,16000,22.54,22.52,9738,22.89,22.88,9146
2008-08-08,20.99,20.91,15804,21.89,21.87,10922,22.75,22.69,9020
2008-08-11,20.3,20.29,14443,21.7,21.68,9178,22.64,22.65,9381
2008-08-12,21.22,21.28,14081,22.5,22.46,9421,23.04,23.02,9272
2008-08-13,21.56,21.5,13718,22.95,22.93,10396,23.21,23.24,9293
2008-08-14,20.8,20.8,13498,22.16,22.15,11229,22.67,22.68,9387
2008-08-15,20.16,20.18,11675,21.9,21.92,11281,22.71,22.71,9741
2008-08-18,20.65,20.66,11675,22.28,22.21,11564,23.0,23.01,9735
2008-08-19,21.0,21.0,11675,22.95,22.93,12775,23.48,23.53,10479
2008-08-20,22.46,22.45,13387,23.18,23.16,5575,22.76,22.73,9893
2008-08-21,22.05,22.19,14066,23.25,23.25,6087,22.7,22.73,10486
2008-08-22,21.6,21.59,14624,22.9,22.92,6031,22.72,22.74,11947
2008-08-25,22.7,22.64,14906,23.41,23.45,5920,23.28,23.3,13309
2008-08-26,22.42,22.4,14968,23.23,23.24,5909,23.23,23.15,13311
2008-08-27,21.81,21.8,15204,22.92,22.94,5940,22.89,22.88,13337
2008-08-28,21.1,21.12,16154,22.68,22.68,6106,22.65,22.61,13403
2008-08-29,21.69,21.7,16748,23.0,22.99,5221,22.98,22.95,13387
2008-09-02,22.05,22.08,16251,23.18,23.19,5249,23.16,23.16,13343
2008-09-03,21.64,21.64,16222,23.15,23.1,5534,23.17,23.2,13346
2008-09-04,23.73,23.78,16895,24.34,24.31,5574,24.05,24.03,13557
2008-09-05,23.07,23.08,16899,23.96,23.98,5690,23.52,23.56,13606
2008-09-08,22.0,21.99,14493,23.43,23.39,5908,23.11,23.18,13610
2008-09-09,24.29,24.22,14104,24.74,24.71,6143,24.08,24.09,13648
2008-09-10,23.55,23.59,14744,24.32,24.31,6867,23.74,23.79,13852
2008-09-11,23.84,23.83,14963,24.5,24.49,6867,23.7,23.68,13852
2008-09-12,24.7,24.68,15305,24.6,24.57,7392,23.96,23.97,14185
2008-09-15,28.76,28.84,15095,25.74,25.73,9999,24.78,24.73,13904
2008-09-16,29.57,29.68,15095,25.23,25.17,9686,24.48,24.49,13740
2008-09-17,26.6,26.61,10210,25.91,25.93,15658,25.61,25.58,2670
2008-09-18,25.35,25.31,10210,24.9,25.01,16211,25.64,24.78,2670
2008-09-19,24.78,24.74,9443,24.35,24.38,15163,24.39,24.37,2679
2008-09-22,26.72,26.56,10542,25.4,25.41,15103,25.48,25.39,2289
2008-09-23,29.0,29.02,12097,26.82,26.85,15188,26.12,26.1,2285
2008-09-24,28.83,28.65,12569,26.69,26.68,15357,25.8,25.68,2460
2008-09-25,27.83,27.74,12846,26.03,25.99,15280,25.27,25.32,2477
2008-09-26,28.61,28.64,12909,26.23,26.25,15433,25.4,25.43,2474
2008-09-29,32.46,32.69,13338,29.93,29.84,22144,27.72,27.87,3339
2008-09-30,30.8,30.66,13494,28.21,28.22,13055,26.66,26.77,2100
2008-10-01,31.94,31.87,14567,28.85,28.85,13231,27.08,27.0,2069
2008-10-02,34.05,34.1,14895,30.66,30.64,13210,27.77,27.8,2058
2008-10-03,35.79,35.67,15100,31.27,31.2,13140,28.01,28.05,2088
2008-10-06,37.4,37.37,16000,32.0,31.94,13338,28.74,28.66,2039
2008-10-07,41.75,41.83,16835,34.38,34.32,13293,29.83,29.73,2033
2008-10-08,45.39,45.56,17860,35.38,35.39,13359,29.9,30.2,2030
2008-10-09,52.5,52.3,18709,37.8,37.68,14705,31.99,31.6,2110
2008-10-10,57.5,56.71,18862,39.0,38.31,15347,32.26,32.42,2140
2008-10-13,50.78,50.64,18284,36.01,36.07,15527,30.76,30.52,2056
2008-10-14,49.09,49.05,18008,37.95,37.94,15253,31.38,31.38,2044
2008-10-15,58.36,58.18,17441,43.01,42.7,15276,33.98,34.49,2175
2008-10-16,64.0,63.88,18059,42.9,42.78,15958,34.54,34.71,2218
2008-10-17,63.77,63.25,17341,46.85,47.04,16517,35.71,36.08,2308
2008-10-20,52.35,52.31,17341,45.44,45.05,17734,34.03,34.22,2409
2008-10-21,52.99,52.8,17341,44.0,43.8,18989,34.75,34.95,2395
2008-10-22,48.2,48.33,19701,39.7,39.71,14353,36.3,36.03,2744
2008-10-23,50.01,50.02,20183,40.06,40.14,14467,36.64,36.48,2885
2008-10-24,55.91,55.82,20230,43.45,43.56,14176,39.39,39.23,3038
2008-10-27,59.3,59.29,20860,45.0,44.88,14542,39.7,39.98,3209
2008-10-28,53.64,53.7,20575,42.65,42.77,15012,37.26,37.16,3149
2008-10-29,56.14,56.41,19874,44.39,44.16,15290,38.14,38.47,3164
2008-10-30,55.33,55.37,18782,44.25,44.2,15483,38.7,38.84,3242
2008-10-31,54.49,54.57,18152,45.56,44.93,15483,39.38,39.34,3242
2008-11-03,51.92,51.96,18580,44.7,44.71,15817,39.12,39.0,3342
2008-11-04,46.54,46.43,18395,42.0,41.86,16300,37.84,37.84,3409
2008-11-05,50.3,50.2,18093,43.8,43.85,15872,40.1,40.11,3479
2008-11-06,57.6,57.58,18788,47.8,47.8,17415,43.24,42.51,3561
2008-11-07,54.74,54.65,18420,47.5,47.48,17657,42.14,42.02,3571
2008-11-10,56.17,56.19,18129,48.12,48.2,16961,43.4,42.73,3583
2008-11-11,58.3,58.38,18055,49.27,49.38,17081,43.5,43.54,3623
2008-11-12,63.45,63.71,18230,52.2,52.92,17309,45.55,45.13,3610
2008-11-13,56.75,56.87,18855,50.0,50.03,17612,44.2,44.28,3725
2008-11-14,63.0,62.9,17768,53.6,53.51,17939,46.3,46.09,4073
2008-11-17,67.9,67.95,18251,56.22,56.25,19083,47.78,47.43,4089
2008-11-18,67.1,67.04,18762,57.32,57.29,20633,48.65,48.59,4104
2008-11-19,63.11,62.9,21025,57.05,56.87,3646,47.4,47.34,1396
2008-11-20,66.4,66.23,21148,59.52,59.77,3782,50.43,50.58,1559
2008-11-21,62.58,62.78,21159,57.26,56.9,4002,49.21,49.06,1357
2008-11-24,58.35,58.64,20870,53.91,54.15,4049,46.14,46.78,1366
2008-11-25,57.25,57.18,19490,52.4,52.61,3707,45.31,45.43,1260
2008-11-26,52.92,53.18,19717,50.61,50.85,3594,43.36,43.61,1347
2008-11-28,53.39,53.21,19416,50.6,50.6,3458,43.76,43.52,1339
2008-12-01,60.52,60.45,18652,56.24,56.29,3190,47.88,48.13,1201
2008-12-02,57.9,57.93,18662,55.3,55.3,2970,47.6,47.57,1223
2008-12-03,57.71,57.73,18317,55.19,55.21,2955,47.13,47.12,1252
2008-12-04,60.65,60.49,18428,57.81,57.62,3076,49.37,49.35,1299
2008-12-05,58.35,58.32,18353,56.75,56.75,3440,48.9,48.7,1306
2008-12-08,55.27,55.26,18075,54.61,54.67,3734,48.03,48.23,1309
2008-12-09,56.55,56.4,17510,55.41,55.38,3632,48.71,48.82,1309
2008-12-10,55.21,55.26,17082,54.51,54.44,3715,48.2,48.48,1415
2008-12-11,55.2,55.06,17032,55.15,55.32,3940,49.05,49.09,1367
2008-12-12,54.5,54.58,16558,54.36,54.46,3888,48.46,48.58,1421
2008-12-15,55.8,55.7,16125,54.9,54.84,4212,48.55,48.63,1362
2008-12-16,52.78,52.44,16125,52.3,52.25,4483,46.65,46.75,1368
2008-12-17,52.2,52.07,5201,50.01,49.94,3523,44.22,43.91,558
2008-12-18,50.28,50.31,5636,48.9,48.93,3070,43.0,43.22,547
2008-12-19,47.52,47.35,5736,46.49,46.53,3132,42.12,41.76,591
2008-12-22,45.45,45.51,5702,45.6,45.63,3122,41.97,41.43,539
2008-12-23,46.15,46.15,5769,46.4,46.54,3109,42.01,42.14,477
2008-12-24,45.55,45.73,5565,45.9,45.96,2973,41.75,41.75,474
2008-12-26,45.06,45.15,5542,45.87,45.65,2960,41.42,41.61,424
2008-12-29,46.5,46.34,5555,46.8,46.76,2930,42.4,42.51,421
2008-12-30,44.11,44.18,5563,45.23,45.08,2925,41.0,40.97,425
2008-12-31,41.97,41.94,5620,42.88,42.93,3009,38.4,38.55,427
2009-01-02,38.74,38.7,5624,39.9,39.91,3203,36.39,36.22,445
2009-01-05,39.83,39.96,5807,40.29,40.16,3376,36.58,36.47,451
2009-01-06,39.3,39.53,5801,39.45,39.55,3424,36.8,36.74,444
2009-01-07,43.5,43.52,5577,42.39,42.5,3317,38.84,38.63,460
2009-01-08,43.0,42.97,5561,42.8,42.72,3548,39.02,38.4,559
2009-01-09,44.57,44.55,5490,44.19,44.15,3252,38.66,38.66,584
2009-01-12,48.14,48.04,5360,47.7,47.74,3527,40.95,40.84,473
2009-01-13,46.66,46.67,5565,46.82,46.81,3792,40.8,40.93,579
2009-01-14,51.87,51.79,5096,50.72,50.56,3696,43.1,42.88,599
2009-01-15,53.35,53.26,5611,49.85,49.93,4128,43.37,43.25,615
2009-01-16,49.8,49.65,5967,48.65,48.53,4535,43.39,43.44,636
2009-01-20,57.95,57.9,5967,54.68,54.66,4427,47.5,47.54,574
2009-01-21,51.24,51.13,5715,47.35,47.36,1357,41.53,41.62,685
2009-01-22,50.65,50.54,5761,47.4,47.37,1470,42.09,42.25,738
2009-01-23,50.2,50.16,5748,47.3,47.2,1253,42.17,42.31,758
2009-01-26,47.57,47.55,5854,45.57,45.63,1197,41.64,41.59,677
2009-01-27,45.09,45.16,5996,43.5,43.51,1201,40.08,40.1,762
2009-01-28,42.35,42.31,6107,40.74,40.75,1347,38.35,38.36,780
2009-01-29,43.33,43.38,5897,40.87,40.88,1556,37.81,37.89,1094
2009-01-30,44.96,44.99,5992,42.21,42.18,1591,38.95,38.99,1389
2009-02-02,45.4,45.35,5701,42.35,42.3,1905,39.5,39.55,1390
2009-02-03,43.05,43.15,5494,41.0,40.95,1905,38.65,38.65,1408
2009-02-04,43.75,43.75,5575,41.1,41.1,2052,38.3,38.3,1452
2009-02-05,43.2,43.25,5420,40.45,40.5,1979,38.0,38.05,840
2009-02-06,42.6,42.6,5127,40.15,40.1,2201,37.85,37.9,865
2009-02-09,42.5,42.5,4948,40.45,40.5,2601,38.0,38.05,879
2009-02-10,45.65,45.6,4852,42.9,42.9,2738,39.1,39.15,875
2009-02-11,44.6,44.6,4228,42.2,42.2,2842,38.7,38.7,882
2009-02-12,42.55,42.55,4474,41.6,41.6,3404,38.65,38.65,896
2009-02-13,43.65,43.6,3768,42.4,42.35,3411,39.2,39.25,882
2009-02-17,48.05,48.0,3768,44.05,44.05,3988,40.2,40.25,915
2009-02-18,44.9,44.85,4116,42.65,42.65,897,39.5,39.5,1482
2009-02-19,44.35,44.55,4210,43.2,43.2,917,39.85,39.95,1474
2009-02-20,46.65,46.7,4462,44.75,44.75,1124,40.9,40.95,1558
2009-02-23,48.95,49.05,4479,46.9,46.9,1268,41.9,41.9,1473
2009-02-24,44.45,44.5,4240,43.9,43.9,1394,40.2,40.15,1493
2009-02-25,43.4,43.45,3975,43.35,43.25,1006,40.1,40.1,1533
2009-02-26,43.9,44.0,3854,43.65,43.75,847,40.6,40.65,1536
2009-02-27,44.3,44.45,3836,43.95,43.9,866,40.75,40.95,1558
2009-03-02,47.8,47.85,3960,46.05,46.05,858,42.2,42.15,1591
2009-03-03,48.5,48.45,3976,46.3,46.35,921,42.15,42.05,1820
2009-03-04,44.75,44.75,3957,42.85,42.9,1029,39.7,39.8,1847
2009-03-05,47.35,47.35,4187,44.5,44.45,1144,40.15,40.2,1853
2009-03-06,46.75,46.65,4091,44.2,44.15,1085,40.2,40.1,1646
2009-03-09,47.05,47.05,3995,45.0,44.9,1203,40.4,40.35,1641
2009-03-10,43.1,43.15,3996,41.6,41.6,1319,37.89,37.9,1663
2009-03-11,42.6,42.65,3732,41.6,41.6,1460,37.8,37.85,1655
2009-03-12,41.1,41.1,3671,41.15,41.1,1522,37.25,37.45,1640
2009-03-13,42.1,42.1,3448,41.65,41.6,1795,37.95,38.2,1644
2009-03-16,43.05,43.0,3151,43.05,43.1,2912,38.8,38.7,1649
2009-03-17,40.05,40.05,3151,41.35,41.3,3234,38.0,38.2,1659
2009-03-18,41.0,40.95,3326,39.15,39.15,1527,38.0,37.9,816
2009-03-19,43.75,43.7,3294,41.4,41.55,1607,39.5,39.5,856
2009-03-20,47.05,47.05,3076,44.45,44.45,1716,41.4,41.55,837
2009-03-23,43.4,43.35,3112,41.8,41.75,1702,39.5,39.55,813
2009-03-24,43.95,44.0,2922,42.15,42.25,1728,40.15,40.05,1332
2009-03-25,42.8,42.75,2991,41.4,41.45,1694,39.9,39.9,1337
2009-03-26,41.55,41.45,2919,40.45,40.45,1675,39.25,39.25,1346
2009-03-27,42.85,42.95,2900,41.6,41.6,1670,40.2,40.2,1348
2009-03-30,46.35,46.35,3028,44.1,44.05,1739,41.8,41.8,1349
2009-03-31,45.05,45.05,3186,43.85,43.95,2128,41.75,41.75,1572
2009-04-01,43.7,43.65,3120,43.2,43.25,2072,41.21,41.2,1657
2009-04-02,43.0,42.95,2752,42.5,42.5,2236,41.2,41.25,1768
2009-04-03,41.7,41.7,2725,41.8,41.8,2687,40.9,40.85,1772
2009-04-06,41.95,41.95,3082,42.1,42.15,3118,41.25,41.3,1913
2009-04-07,41.55,41.65,3161,42.45,42.45,3232,41.5,41.55,1782
2009-04-08,40.6,40.6,3089,41.5,41.55,3886,40.9,40.95,1716
2009-04-09,38.3,38.3,3173,39.8,39.9,4096,39.6,39.75,1628
2009-04-13,37.0,37.05,3973,39.6,39.7,4860,39.65,39.65,1633
2009-04-14,38.0,37.85,3973,39.55,39.6,5225,39.65,39.6,1680
2009-04-15,38.8,38.8,5495,38.8,38.8,2031,38.6,38.55,806
2009-04-16,37.3,37.35,5414,37.44,37.5,1855,37.5,37.5,816
2009-04-17,36.65,36.6,5373,36.7,36.65,1609,36.72,36.7,793
2009-04-20,39.5,39.5,5255,39.0,38.95,1875,38.1,38.15,943
2009-04-21,37.8,37.9,4796,37.63,37.65,1623,37.3,37.3,942
2009-04-22,38.4,38.45,4165,38.05,38.05,1663,37.75,37.8,938
2009-04-23,37.75,37.8,4157,37.4,37.4,1657,37.13,37.15,934
2009-04-24,37.65,37.8,4306,37.65,37.65,1710,37.35,37.4,954
2009-04-27,38.7,38.75,4374,38.5,38.45,1738,38.1,38.1,958
2009-04-28,38.2,38.2,4453,38.1,38.15,1934,37.75,37.65,992
2009-04-29,36.35,36.45,4517,36.7,36.7,2040,36.5,36.55,990
2009-04-30,37.0,36.95,4614,36.9,37.0,2069,36.7,36.65,972
2009-05-01,36.45,36.35,4446,36.55,36.55,2168,36.1,36.15,993
2009-05-04,34.8,34.8,4511,34.7,34.75,2138,34.55,34.6,994
2009-05-05,34.6,34.6,4892,34.75,34.8,2247,34.8,34.75,1006
2009-05-06,33.05,33.05,4685,33.8,33.8,2744,33.75,33.75,1121
2009-05-07,33.65,33.7,4484,34.1,34.15,3151,34.0,34.0,1086
2009-05-08,32.15,32.2,4134,32.85,32.8,3709,32.9,32.95,1138
2009-05-11,32.45,32.45,4336,33.0,33.0,3753,33.2,33.15,1163
2009-05-12,32.0,31.95,3808,32.75,32.85,3961,33.05,33.05,1282
2009-05-13,33.4,33.4,3956,33.75,33.85,4306,33.9,33.9,1338
2009-05-14,31.55,31.6,4056,32.55,32.5,5073,32.65,32.65,1336
2009-05-15,33.2,33.15,3833,33.2,33.2,5471,33.1,33.2,1370
2009-05-18,29.9,29.85,3833,30.75,30.85,5641,30.95,30.85,1446
2009-05-19,28.45,28.5,3833,30.4,30.4,5840,30.95,30.9,1512
2009-05-20,30.5,30.5,6504,31.45,31.4,3988,31.5,31.55,2359
2009-05-21,32.1,32.2,8011,32.75,32.85,4370,32.33,32.3,2432
2009-05-22,32.75,32.75,7688,33.1,33.05,4173,32.45,32.4,2476
2009-05-26,31.1,31.15,7444,31.9,32.0,4443,31.5,31.55,2515
2009-05-27,32.1,32.1,7530,32.9,32.9,5077,32.05,32.05,2563
2009-05-28,31.6,31.55,7494,32.4,32.4,4515,31.95,31.9,2695
2009-05-29,30.4,30.35,7358,31.6,31.5,4593,31.55,31.55,2802
2009-06-01,29.65,29.6,7482,30.75,30.75,4631,30.85,30.75,2836
2009-06-02,29.65,29.6,7712,31.05,31.0,4735,30.95,30.95,2856
2009-06-03,31.2,31.15,7744,32.65,32.65,5647,32.05,32.1,3119
2009-06-04,30.8,30.8,7263,32.15,32.25,5688,31.8,31.85,3109
2009-06-05,30.5,30.55,7156,32.2,32.2,5901,31.85,31.85,2957
2009-06-08,30.3,30.25,7050,32.0,32.0,5404,31.75,31.75,2752
2009-06-09,29.05,29.1,7013,30.9,30.95,5578,31.15,31.15,2748
2009-06-10,29.2,29.1,6515,31.2,31.2,6097,31.35,31.45,2742
2009-06-11,28.1,28.1,7142,30.55,30.6,7155,30.85,30.9,2810
2009-06-12,28.3,28.35,6256,29.95,29.95,6661,30.45,30.45,2980
2009-06-15,30.15,30.2,5552,31.35,31.35,6786,31.25,31.25,2956
2009-06-16,31.9,31.85,5552,32.4,32.4,7106,32.05,32.05,3129
2009-06-17,32.65,32.65,7443,32.0,32.1,3723,31.8,31.95,2325
2009-06-18,32.35,32.4,8007,31.85,31.85,4087,31.9,31.85,2420
2009-06-19,31.5,31.35,8405,31.55,31.55,4407,31.75,31.75,2458
2009-06-22,32.75,32.75,9000,32.55,32.55,4694,32.5,32.55,2526
2009-06-23,32.0,32.05,8598,32.15,32.15,4736,32.3,32.3,2544
2009-06-24,30.6,30.6,8653,31.3,31.35,4797,31.45,31.5,2574
2009-06-25,29.15,29.1,9360,30.25,30.25,5150,30.8,30.8,2811
2009-06-26,28.5,28.55,9671,29.85,29.85,5669,30.45,30.55,2860
2009-06-29,27.45,27.45,9792,28.95,28.95,5898,29.9,29.95,2894
2009-06-30,28.1,28.05,10417,29.25,29.25,6345,30.05,30.05,2923
2009-07-01,27.65,27.65,10225,29.25,29.2,6416,29.85,29.9,3007
2009-07-02,29.35,29.3,10442,30.6,30.65,6682,30.95,31.0,3012
2009-07-06,28.95,29.0,10746,30.35,30.4,7488,30.9,30.95,3023
2009-07-07,30.25,30.25,10083,31.4,31.45,7964,31.65,31.8,3030
2009-07-08,30.75,30.8,9363,31.8,31.8,8323,31.95,32.0,3065
2009-07-09,29.7,29.75,9363,31.7,31.75,8323,31.95,32.0,3065
2009-07-10,29.85,29.8,8948,31.8,31.95,8514,32.3,32.35,3135
2009-07-13,27.55,27.55,8368,30.8,30.8,9411,31.7,31.75,3218
2009-07-14,26.95,27.0,9414,30.2,30.25,10399,31.3,31.35,3309
2009-07-15,26.4,26.45,8002,29.25,29.25,12229,30.65,30.65,3341
2009-07-16,25.85,25.9,8027,28.95,28.95,14188,30.35,30.35,3377
2009-07-17,25.6,25.6,7884,29.0,29.0,15258,30.4,30.4,3395
2009-07-20,24.55,24.55,7884,28.4,28.4,15258,29.6,29.6,3395
2009-07-21,24.0,24.05,7884,27.85,27.85,17716,29.45,29.45,3428
2009-07-22,27.2,27.2,18482,29.15,29.2,6848,28.85,28.9,2065
2009-07-23,26.25,26.25,18515,28.45,28.45,7341,28.72,28.75,2207
2009-07-24,25.95,26.0,18179,28.55,28.55,7776,28.6,28.65,2311
2009-07-27,26.35,26.35,18318,28.95,28.95,8696,29.05,29.0,2330
2009-07-28,27.35,27.3,17924,29.85,29.85,9356,29.6,29.7,2400
2009-07-29,27.65,27.65,17181,30.0,30.05,10055,29.85,29.8,2398
2009-07-30,27.05,27.05,18032,29.25,29.3,10982,29.35,29.4,2444
2009-07-31,27.25,27.25,16499,29.7,29.7,11047,29.65,29.7,2464
2009-08-03,26.4,26.45,16782,29.1,29.1,11715,29.3,29.3,2480
2009-08-04,26.3,26.3,16187,28.8,28.85,12152,29.15,29.15,2565
2009-08-05,26.05,26.05,15984,28.8,28.85,12852,29.0,29.05,2580
2009-08-06,26.55,26.6,15133,28.95,28.95,13315,29.4,29.35,2617
2009-08-07,25.65,25.65,14459,28.05,28.05,14090,28.75,28.75,2613
2009-08-10,25.55,25.6,13379,28.05,28.1,15634,28.75,28.8,2634
2009-08-11,26.2,26.2,12886,28.55,28.6,17430,29.22,29.2,2604
2009-08-12,25.55,25.55,11936,28.3,28.35,17430,29.02,29.05,2630
2009-08-13,25.0,25.05,11636,27.75,27.8,21205,28.75,28.8,2698
2009-08-14,25.25,25.2,10245,28.25,28.3,22739,28.7,28.7,2741
2009-08-17,27.55,27.6,9233,29.9,29.9,22132,30.3,30.4,2829
2009-08-18,26.3,26.35,9233,29.2,29.25,22768,30.0,30.1,2834
2009-08-19,28.3,28.35,22614,30.51,30.55,6353,29.35,29.35,2603
2009-08-20,27.8,27.8,22131,30.05,30.1,7189,29.15,29.2,2677
2009-08-21,27.35,27.35,21068,29.95,30.0,7309,29.05,29.05,2857
2009-08-24,27.4,27.4,20953,29.85,29.9,7369,28.85,28.9,2896
2009-08-25,27.7,27.75,21238,30.05,30.05,8659,29.1,29.1,3050
2009-08-26,28.3,28.3,21224,30.4,30.4,9206,29.3,29.3,3266
2009-08-27,27.75,27.8,21771,30.25,30.25,10052,29.1,29.2,3409
2009-08-28,28.05,28.1,21634,30.5,30.5,10556,29.3,29.3,3374
2009-08-31,28.5,28.5,20674,30.9,30.95,11097,29.5,29.55,3483
2009-09-01,30.0,30.05,19853,32.2,32.25,12116,30.15,30.3,3541
2009-09-02,30.45,30.5,19213,32.6,32.65,14147,30.62,30.7,3599
2009-09-03,28.9,28.95,19767,31.2,31.25,15335,29.65,29.75,3616
2009-09-04,27.6,27.6,17695,30.4,30.45,16584,29.1,29.15,3621
2009-09-08,26.7,26.7,17504,29.4,29.45,18619,28.7,28.75,3694
2009-09-09,25.9,25.95,17023,28.55,28.6,20761,28.2,28.35,3912
2009-09-10,24.45,24.45,16134,27.3,27.35,22246,27.75,27.75,4045
2009-09-11,24.75,24.75,15490,27.7,27.7,27121,27.9,27.95,4209
2009-09-14,23.85,23.85,11223,27.05,27.05,26545,27.75,27.8,4424
2009-09-15,23.45,23.5,11223,27.1,27.15,27961,27.75,27.8,4520
2009-09-16,26.05,25.95,29098,27.6,27.65,8510,28.05,28.05,1003
2009-09-17,26.1,26.1,29055,27.7,27.75,9904,28.25,28.3,1068
2009-09-18,26.75,26.75,29023,28.3,28.35,10233,28.6,28.55,1194
2009-09-21,26.7,26.7,28188,28.35,28.4,10871,28.7,28.65,1207
2009-09-22,26.05,26.1,26400,28.0,28.05,11289,28.5,28.55,1455
2009-09-23,26.35,26.35,26115,28.15,28.15,11659,28.25,28.3,1588
2009-09-24,26.95,26.9,24803,28.5,28.5,12543,28.8,28.8,1668
2009-09-25,27.05,27.0,24519,28.5,28.55,11573,28.8,28.85,1488
2009-09-28,25.85,25.85,23575,27.9,27.95,12052,28.4,28.45,1503
2009-09-29,25.9,25.9,20825,27.8,27.85,12586,28.45,28.5,1505
2009-09-30,26.3,26.3,21060,27.95,27.95,13668,28.65,28.65,1554
2009-10-01,27.85,27.8,21103,28.7,28.75,14983,29.34,29.35,1565
2009-10-02,27.85,27.85,19685,28.8,28.8,15517,29.35,29.35,1750
2009-10-05,26.8,26.8,19223,27.9,27.95,17836,28.85,28.8,1738
2009-10-06,25.95,26.0,19117,27.4,27.45,17617,28.2,28.25,1744
2009-10-07,25.4,25.4,18743,27.3,27.35,18712,28.05,28.05,1734
2009-10-08,25.05,25.05,18391,27.05,27.05,21745,27.85,27.8,1759
2009-10-09,24.55,24.55,16714,26.5,26.5,23415,27.5,27.55,1745
2009-10-12,24.05,24.05,16636,25.65,25.75,24798,27.25,27.15,1723
2009-10-13,23.55,23.55,18600,25.55,25.6,26793,27.05,27.1,1731
2009-10-14,23.25,23.25,16315,25.35,25.4,27915,27.05,27.1,1800
2009-10-15,22.35,22.35,11860,24.85,24.9,28662,26.5,26.55,1765
2009-10-16,22.35,22.35,11393,25.25,25.3,29778,26.85,26.8,1606
2009-10-19,21.4,21.4,10736,24.55,24.65,30314,26.35,26.4,1757
2009-10-20,21.1,21.1,10736,24.5,24.55,31511,26.4,26.4,1786
2009-10-21,24.55,24.55,31076,25.6,25.65,11399,27.0,27.05,2324
2009-10-22,23.6,23.65,28917,25.05,25.1,11519,26.7,26.6,2849
2009-10-23,24.05,24.05,28372,25.4,25.45,12574,26.85,26.9,3147
2009-10-26,24.5,24.55,27806,25.95,25.95,13545,27.3,27.3,3301
2009-10-27,24.65,24.65,27188,25.8,25.85,14477,27.25,27.2,3709
2009-10-28,26.65,26.65,27677,26.9,26.9,15560,27.95,27.95,4004
2009-10-29,25.05,25.05,26664,25.75,25.8,17116,27.2,27.15,4117
2009-10-30,27.85,27.85,26664,27.65,27.7,17116,28.15,28.25,4117
2009-11-02,28.0,28.0,25878,28.0,28.1,21975,28.55,28.4,4509
2009-11-03,28.1,28.1,23554,28.25,28.3,21978,28.7,28.65,4522
2009-11-04,27.55,27.6,22916,28.05,28.05,22647,28.25,28.25,4601
2009-11-05,25.9,25.9,22081,27.2,27.25,23231,27.95,27.95,4791
2009-11-06,25.05,25.1,21480,26.35,26.4,24510,27.7,27.65,4923
2009-11-09,23.5,23.5,21404,24.9,24.9,25529,26.95,26.95,5213
2009-11-10,23.6,23.5,20671,25.0,25.1,25549,27.15,27.2,5257
2009-11-11,23.65,23.65,18959,25.05,25.15,25906,27.5,27.5,5554
2009-11-12,24.8,24.8,18372,26.15,26.25,27688,28.0,28.0,5421
2009-11-13,24.25,24.25,15506,25.8,25.85,28314,27.8,27.8,5484
2009-11-16,23.4,23.4,15331,25.4,25.45,30525,27.6,27.6,5513
2009-11-17,22.55,22.55,15331,25.3,25.35,32760,27.7,27.7,5619
2009-11-18,24.4,24.4,32841,26.8,26.85,7737,27.7,27.7,3532
2009-11-19,24.75,24.7,33553,27.15,27.25,8472,28.05,28.05,4001
2009-11-20,24.2,24.2,35116,27.0,27.0,9656,27.9,27.95,3996
2009-11-23,22.85,22.85,34698,26.35,26.4,10418,27.45,27.5,4018
2009-11-24,22.65,22.7,33948,26.0,26.05,11248,27.4,27.45,4003
2009-11-25,22.35,22.35,33061,25.75,25.8,12399,27.25,27.35,4034
2009-11-27,24.05,24.05,33791,27.1,27.15,13416,28.35,28.35,4052
2009-11-30,24.1,24.1,33155,27.1,27.15,14534,28.3,28.35,4090
2009-12-01,23.05,23.05,32822,26.25,26.3,15785,27.75,27.75,4147
2009-12-02,22.65,22.65,26131,26.15,26.2,18788,27.8,27.85,4167
2009-12-03,23.25,23.25,24750,26.6,26.65,19756,27.85,27.85,4150
2009-12-04,22.6,22.6,25328,26.1,26.15,21965,27.8,27.8,4164
2009-12-07,22.5,22.5,25563,25.95,26.05,24615,27.81,27.8,4149
2009-12-08,23.48,23.5,22580,26.5,26.55,25452,28.35,28.35,4196
2009-12-09,23.05,23.05,22962,26.4,26.45,27032,28.3,28.3,4291
2009-12-10,22.5,22.5,20710,26.05,26.1,28322,28.25,28.25,4888
2009-12-11,22.1,22.1,19181,25.95,26.0,29416,28.1,28.05,5174
2009-12-14,21.1,21.1,14642,25.5,25.55,31638,28.0,28.0,5275
2009-12-15,21.4,21.35,14642,25.25,25.25,33293,27.65,27.65,5413
2009-12-16,24.1,24.1,33770,26.45,26.5,8295,27.45,27.5,1686
2009-12-17,24.45,24.45,33858,26.65,26.75,8607,27.8,27.8,1802
2009-12-18,24.1,24.1,33178,26.35,26.4,8739,27.4,27.4,1882
2009-12-21,23.25,23.25,33778,25.65,25.65,9147,26.65,26.6,1874
2009-12-22,22.65,22.65,33719,25.05,25.1,9471,26.05,26.1,1981
2009-12-23,22.45,22.45,33476,24.85,24.9,9417,25.95,26.0,2091
2009-12-24,22.1,22.1,32926,24.7,24.75,9507,25.8,25.8,2108
2009-12-28,21.85,21.85,33665,24.6,24.65,9956,25.6,25.65,2145
2009-12-29,22.0,22.0,32169,24.7,24.75,9966,25.6,25.6,2170
2009-12-30,22.4,22.4,33659,25.05,25.05,10897,25.9,25.9,2217
2009-12-31,22.95,22.95,34174,25.75,25.8,11862,26.3,26.3,2218
2010-01-04,22.1,22.1,34654,24.8,24.85,13116,25.75,25.75,2276
2010-01-05,21.55,21.55,34654,24.4,24.45,13116,25.45,25.45,2276
2010-01-06,20.8,20.8,36337,23.5,23.55,14408,24.95,24.95,2895
2010-01-07,20.4,20.45,28887,23.1,23.15,14672,24.75,24.75,3077
2010-01-08,19.9,19.9,28887,22.5,22.55,14672,24.45,24.4,3077
2010-01-11,19.5,19.5,26892,22.2,22.25,17130,24.1,24.15,3107
2010-01-12,20.25,20.25,27125,22.7,22.8,20500,24.3,24.25,3215
2010-01-13,19.4,19.4,25964,22.4,22.5,21349,24.15,24.15,3257
2010-01-14,18.95,18.95,15079,21.95,22.0,23131,23.65,23.65,3318
2010-01-15,19.65,19.65,15463,22.5,22.55,27613,24.05,24.05,3737
2010-01-19,17.85,17.85,15463,21.5,21.55,31662,23.5,23.55,3896
2010-01-20,21.4,21.4,31502,22.8,22.85,9873,23.75,23.8,2720
2010-01-21,22.65,22.65,31914,24.05,24.1,10784,24.4,24.5,2995
2010-01-22,24.75,24.75,32861,25.1,25.15,11114,25.35,25.4,3221
2010-01-25,24.35,24.35,32502,24.9,24.95,11132,25.03,25.05,3159
2010-01-26,24.5,24.55,25836,25.25,25.3,11749,25.4,25.4,3005
2010-01-27,23.7,23.75,23153,24.65,24.7,12173,25.08,25.1,3034
2010-01-28,23.95,24.0,23037,24.85,24.9,13186,25.1,25.15,3142
2010-01-29,24.6,24.65,25283,25.25,25.35,13415,25.5,25.5,3150
2010-02-01,23.05,23.05,23512,24.2,24.25,13691,25.05,25.05,3208
2010-02-02,22.1,22.1,21842,23.35,23.45,14662,24.7,24.65,3217
2010-02-03,22.15,22.15,21282,23.5,23.55,15173,24.8,24.8,3106
2010-02-04,25.6,25.6,20906,25.6,25.65,15219,26.0,26.05,3357
2010-02-05,26.1,26.1,22617,25.8,25.85,17185,26.25,26.2,3340
2010-02-08,26.4,26.4,20482,26.15,26.2,16768,26.15,26.2,3305
2010-02-09,25.5,25.55,18411,25.65,25.65,17142,26.1,26.05,3322
2010-02-10,25.5,25.5,17106,25.5,25.55,17126,26.1,26.15,3400
2010-02-11,24.45,24.45,14345,24.9,24.95,17562,25.8,25.8,3592
2010-02-12,24.45,24.45,13475,24.9,24.9,19059,25.95,26.0,3793
2010-02-16,22.55,22.6,13475,23.55,23.6,20395,25.17,25.15,3795
2010-02-17,22.75,22.75,21678,24.65,24.7,7804,25.0,24.95,2227
2010-02-18,21.8,21.8,19914,24.05,24.1,9111,24.7,24.7,2311
2010-02-19,21.35,21.35,18865,23.65,23.7,9336,24.4,24.35,2358
2010-02-22,20.95,20.95,20682,23.2,23.25,10404,24.1,24.0,2286
2010-02-23,21.65,21.65,21552,23.85,23.9,12424,24.35,24.3,2434
2010-02-24,21.1,21.1,20886,23.6,23.65,12365,23.99,24.05,2422
2010-02-25,20.95,20.95,20920,23.7,23.75,13523,24.05,24.1,2474
2010-02-26,20.35,20.4,20130,23.45,23.5,15233,23.95,23.95,2503
2010-03-01,20.0,20.0,16234,23.0,23.05,15354,23.85,23.85,2505
2010-03-02,19.8,19.8,18842,22.75,22.8,17871,23.75,23.75,2551
2010-03-03,19.6,19.6,19261,22.55,22.6,16988,23.45,23.45,2642
2010-03-04,19.6,19.6,19651,22.48,22.5,19090,23.55,23.6,2737
2010-03-05,18.55,18.55,22362,21.6,21.6,21839,23.0,23.05,2951
2010-03-08,18.35,18.35,23530,21.2,21.25,23419,22.95,22.95,3024
2010-03-09,18.5,18.5,24244,21.25,21.25,24814,22.95,23.0,3038
2010-03-10,18.6,18.6,25331,21.4,21.4,28844,23.25,23.3,3313
2010-03-11,18.6,18.6,25065,21.55,21.6,31112,23.4,23.4,3733
2010-03-12,18.35,18.35,24647,21.45,21.45,32970,23.2,23.25,3726
2010-03-15,18.1,18.1,23345,21.55,21.5,34699,23.35,23.35,3802
2010-03-16,17.4,17.45,23345,20.85,20.9,37414,23.0,23.0,3985
2010-03-17,20.1,20.1,38817,21.75,21.75,6232,23.05,23.05,2435
2010-03-18,19.8,19.8,39549,21.45,21.45,7457,22.9,23.0,2605
2010-03-19,20.15,20.2,38647,21.7,21.7,7897,23.25,23.25,2648
2010-03-22,19.85,19.9,37139,21.6,21.65,9614,23.15,23.15,2691
2010-03-23,19.45,19.45,36741,21.3,21.35,9780,23.0,23.0,2700
2010-03-24,19.9,19.9,36330,21.6,21.65,10643,23.24,23.25,3015
2010-03-25,20.1,20.1,36665,21.9,21.95,10909,23.4,23.4,3006
2010-03-26,19.9,19.9,36040,21.65,21.7,12201,23.3,23.35,3079
2010-03-29,19.5,19.5,34399,21.2,21.25,12819,23.1,23.1,3128
2010-03-30,19.15,19.1,34641,20.95,21.0,14236,23.05,23.05,3277
2010-03-31,18.95,18.95,34223,20.95,21.0,14623,23.0,23.0,3347
2010-04-01,18.8,18.8,33721,21.0,21.05,16074,23.05,23.05,3481
2010-04-05,17.95,18.0,32506,20.3,20.35,16072,22.5,22.5,3547
2010-04-06,17.4,17.45,33099,19.8,19.85,18744,22.2,22.2,4052
2010-04-07,17.9,17.9,25659,20.05,20.1,21770,22.4,22.4,4457
2010-04-08,17.45,17.45,26140,19.8,19.85,23278,22.32,22.3,4632
2010-04-09,17.2,17.2,23869,19.6,19.65,25274,22.2,22.2,5165
2010-04-12,17.1,17.1,22636,19.65,19.65,25787,22.15,22.2,5337
2010-04-13,17.15,17.15,22109,19.7,19.75,26626,22.22,22.25,5495
2010-04-14,16.7,16.7,22615,19.25,19.3,28758,22.02,22.05,5889
2010-04-15,16.7,16.7,21966,19.25,19.3,29549,22.05,22.0,6069
2010-04-16,18.2,18.2,22303,19.9,19.95,29552,22.55,22.55,6185
2010-04-19,17.4,17.4,20224,19.45,19.5,32602,22.4,22.4,6688
2010-04-20,16.0,16.0,,18.6,18.6,33578,21.85,21.9,8578
2010-04-21,18.7,18.7,32427,20.7,20.75,7384,22.95,22.95,4585
2010-04-22,18.7,18.65,30955,20.7,20.75,9064,23.1,23.1,4592
2010-04-23,18.5,18.5,28859,20.7,20.75,10078,23.0,23.05,4705
2010-04-26,18.75,18.75,27917,20.9,20.95,10956,23.2,23.25,4766
2010-04-27,21.05,21.05,32044,22.35,22.4,14776,24.35,24.35,4703
2010-04-28,20.8,20.8,28947,22.15,22.2,15427,24.13,24.2,4576
2010-04-29,19.65,19.65,27016,21.6,21.65,15714,23.84,23.85,4933
2010-04-30,21.6,21.6,27362,22.95,23.0,17293,24.75,24.8,5294
2010-05-03,20.55,20.55,24773,22.55,22.6,18092,24.6,24.6,5145
2010-05-04,23.0,23.0,27628,24.4,24.45,21045,26.1,26.1,5274
2010-05-05,24.15,24.15,25447,25.5,25.45,21022,26.85,26.85,5337
2010-05-06,29.25,29.2,31043,29.05,29.1,25008,29.35,29.3,5888
2010-05-07,32.9,32.95,36269,31.0,30.95,23978,30.7,30.75,5829
2010-05-10,27.45,27.45,35205,27.05,27.05,24378,27.9,27.9,5897
2010-05-11,27.1,27.1,33621,27.1,27.05,21448,27.75,27.8,5924
2010-05-12,25.05,25.05,32829,25.75,25.8,22021,26.7,26.7,6256
2010-05-13,25.85,25.85,32474,26.4,26.4,22512,26.8,26.8,6409
2010-05-14,30.05,30.1,33139,28.7,28.75,23686,28.4,28.4,6880
2010-05-17,30.3,30.3,30700,29.0,29.0,25830,28.9,28.9,6941
2010-05-18,32.7,32.7,,31.0,30.95,27570,30.5,30.45,7160
2010-05-19,31.7,31.65,26217,32.0,32.05,17296,31.7,31.75,8163
2010-05-20,35.95,35.95,28636,35.65,35.7,18994,34.28,34.3,8136
2010-05-21,35.75,35.75,29221,35.65,35.7,18875,34.38,34.35,8326
2010-05-24,35.1,35.1,28658,35.05,35.1,19566,34.05,34.05,8298
2010-05-25,33.75,33.75,27289,34.1,34.1,21126,33.4,33.35,8703
2010-05-26,32.8,32.8,26147,33.3,33.3,21890,33.0,33.05,9139
2010-05-27,29.65,29.65,26537,30.95,30.95,23125,31.38,31.35,9193
2010-05-28,30.4,30.4,26905,31.25,31.3,24017,31.5,31.6,9231
2010-06-01,32.55,32.55,26336,32.6,32.65,24640,32.51,32.5,9249
2010-06-02,29.85,29.85,26098,31.0,31.0,25235,31.5,31.5,9379
2010-06-03,29.6,29.6,26620,30.7,30.7,25689,31.25,31.3,9669
2010-06-04,33.55,33.55,25786,32.75,32.8,26082,32.85,32.85,9729
2010-06-07,35.45,35.45,25704,34.1,34.1,26018,33.3,33.45,9884
2010-06-08,33.45,33.45,25572,32.9,32.95,26695,32.8,32.8,10074
2010-06-09,33.4,33.4,25271,33.3,33.35,26684,33.0,33.0,10316
2010-06-10,30.65,30.65,24095,31.5,31.55,27055,32.1,32.0,10625
2010-06-11,29.3,29.3,23625,30.85,30.9,27905,31.7,31.7,10964
2010-06-14,28.55,28.55,23138,30.25,30.3,28455,31.4,31.4,11192
2010-06-15,25.85,25.85,23577,28.5,28.55,28455,30.2,30.25,11192
2010-06-16,27.8,27.8,26833,28.9,28.95,12662,30.2,30.2,6306
2010-06-17,27.25,27.3,27031,28.55,28.6,13000,29.95,29.95,6487
2010-06-18,26.85,26.85,27048,27.95,28.0,14138,29.5,29.55,7083
2010-06-21,27.1,27.1,27425,28.1,28.15,14501,29.65,29.65,7628
2010-06-22,28.4,28.4,27495,28.95,29.0,14393,30.35,30.4,7692
2010-06-23,28.8,28.75,27721,29.5,29.55,14411,30.8,30.85,7543
2010-06-24,30.65,30.65,28606,30.75,30.8,14689,31.85,31.9,7584
2010-06-25,29.75,29.75,28203,30.3,30.35,15010,31.95,31.95,7759
2010-06-28,30.15,30.15,27477,31.05,31.05,15076,32.5,32.5,7998
2010-06-29,33.5,33.5,28096,33.4,33.45,16101,34.75,34.75,8326
2010-06-30,33.9,33.9,25563,34.1,34.15,15882,35.2,35.3,8577
2010-07-01,33.35,33.35,24314,34.15,34.15,16027,35.35,35.35,9144
2010-07-02,32.05,32.05,23355,33.35,33.4,16289,35.1,35.15,9356
2010-07-06,29.8,29.8,23319,31.9,31.9,17296,34.5,34.55,9993
2010-07-07,27.65,27.6,22825,30.05,30.05,18125,33.05,33.1,10247
2010-07-08,27.05,27.05,23563,29.45,29.5,18129,32.55,32.6,10559
2010-07-09,26.55,26.55,23564,29.05,29.05,19533,32.15,32.15,10823
2010-07-12,25.85,25.85,19751,28.3,28.35,23149,31.95,31.95,11213
2010-07-13,25.85,25.8,19337,28.1,28.15,24298,31.45,31.45,11738
2010-07-14,26.75,26.75,19553,29.05,28.95,24172,32.1,32.1,11953
2010-07-15,26.5,26.5,18973,29.25,29.3,25554,32.45,32.4,12157
2010-07-16,28.1,28.1,18697,30.55,30.6,26998,33.65,33.75,12686
2010-07-19,26.8,26.8,17582,30.25,30.3,28341,33.45,33.5,12742
2010-07-20,24.4,24.4,17605,28.45,28.5,30829,32.3,32.4,12928
2010-07-21,28.85,28.85,29378,31.4,31.45,23081,32.5,32.55,5983
2010-07-22,27.3,27.3,29536,30.15,30.2,25002,31.45,31.45,6325
2010-07-23,26.6,26.6,29568,29.55,29.6,25828,31.2,31.2,6494
2010-07-26,25.55,25.55,29078,28.75,28.75,26926,30.25,30.3,6443
2010-07-27,25.45,25.45,28765,28.4,28.45,28101,30.15,30.2,6600
2010-07-28,25.7,25.75,28560,28.8,28.8,29788,29.95,29.9,6824
2010-07-29,25.8,25.75,27512,28.75,28.75,31616,30.05,30.05,7068
2010-07-30,25.45,25.45,26731,28.55,28.6,32667,29.8,29.8,7164
2010-08-02,23.85,23.85,26210,27.1,27.15,34551,28.8,28.8,7301
2010-08-03,24.1,24.1,25746,27.45,27.5,35340,29.0,29.0,7267
2010-08-04,23.75,23.75,24413,27.3,27.35,36737,28.91,28.95,7530
2010-08-05,23.8,23.8,23031,27.6,27.65,38876,29.2,29.2,7744
2010-08-06,23.7,23.7,21668,27.7,27.75,39915,29.35,29.35,7855
2010-08-09,23.1,23.1,21918,27.35,27.4,43292,29.05,29.1,8089
2010-08-10,23.2,23.25,20000,27.5,27.55,44332,29.42,29.45,7847
2010-08-11,25.7,25.7,20759,29.55,29.6,45544,30.8,30.85,8444
2010-08-12,26.15,26.15,19869,30.0,30.05,46607,31.15,31.15,8725
2010-08-13,26.75,26.75,18502,30.65,30.7,47930,31.7,31.8,9191
2010-08-16,26.0,26.0,18502,30.3,30.35,47930,31.55,31.55,9191
2010-08-17,24.35,24.35,16266,29.4,29.45,49181,30.9,31.1,9551
2010-08-18,29.0,29.0,49939,31.05,31.1,20246,31.05,31.1,6039
2010-08-19,29.9,29.9,49705,32.1,32.15,21355,31.6,31.7,6120
2010-08-20,29.6,29.6,47967,32.2,32.25,23519,31.7,31.75,6012
2010-08-23,29.0,29.0,44484,32.1,32.15,24849,31.9,31.95,5955
2010-08-24,29.8,29.8,44592,32.8,32.85,27129,32.55,32.6,5977
2010-08-25,29.15,29.15,40222,32.25,32.3,29374,32.0,32.05,6019
2010-08-26,29.6,29.55,37212,32.45,32.5,31673,32.35,32.4,6413
2010-08-27,27.55,27.55,35485,30.85,30.9,33680,31.0,31.05,6344
2010-08-30,28.45,28.45,34232,31.7,31.75,35418,31.8,31.75,6422
2010-08-31,27.95,27.9,34785,31.2,31.25,37315,31.6,31.7,6438
2010-09-01,25.8,25.8,32944,29.75,29.75,39883,30.6,30.65,6995
2010-09-02,25.0,25.0,31728,29.05,29.15,43066,30.2,30.25,7169
2010-09-03,23.55,23.6,30097,27.8,27.85,46778,29.4,29.4,8327
2010-09-07,24.45,24.45,27242,28.6,28.6,48127,29.85,29.9,8356
2010-09-08,23.85,23.85,24531,27.8,27.85,49494,29.4,29.45,8884
2010-09-09,23.7,23.75,22223,27.55,27.55,52501,29.1,29.1,12972
2010-09-10,23.05,23.05,21031,26.95,27.0,55458,28.85,28.9,13524
2010-09-13,21.7,21.7,17619,25.65,25.7,58436,28.2,28.25,13139
2010-09-14,21.7,21.7,,25.65,25.7,63373,28.35,28.4,14973
2010-09-15,25.2,25.2,62479,27.45,27.45,18514,30.2,30.2,10472
2010-09-16,25.05,25.1,59933,27.6,27.6,19216,30.25,30.3,11181
2010-09-17,25.05,25.05,56260,27.75,27.8,20189,30.4,30.45,11643
2010-09-20,24.3,24.35,56200,27.3,27.35,20490,30.05,30.1,12921
2010-09-21,24.45,24.45,55511,27.35,27.4,21708,30.0,30.05,13297
2010-09-22,25.0,24.95,54761,27.6,27.65,23672,30.3,30.35,13635
2010-09-23,25.8,25.8,55329,28.2,28.25,24710,30.9,31.0,13757
2010-09-24,24.25,24.2,54347,27.15,27.2,25245,30.2,30.25,13966
2010-09-27,24.35,24.35,51785,27.2,27.25,26262,30.1,30.15,14130
2010-09-28,24.3,24.3,47006,27.2,27.25,27710,30.05,30.1,14586
2010-09-29,24.7,24.7,46076,27.6,27.65,29359,30.35,30.4,15398
2010-09-30,25.45,25.45,42051,28.15,28.2,30532,30.8,30.85,15675
2010-10-01,24.75,24.75,40093,27.8,27.85,31405,30.45,30.5,15777
2010-10-04,25.15,25.15,40209,28.15,28.2,32116,30.75,30.8,16149
2010-10-05,23.65,23.65,36737,27.0,27.05,34659,30.0,30.05,16479
2010-10-06,23.25,23.25,35487,26.75,26.8,37150,30.05,30.1,16831
2010-10-07,22.95,22.95,35328,26.65,26.7,39218,30.0,30.05,17022
2010-10-08,22.0,21.95,33835,25.65,25.7,41088,29.5,29.55,17579
2010-10-11,21.3,21.3,34061,25.05,25.1,42401,29.05,29.1,19267
2010-10-12,20.65,20.65,33682,24.2,24.25,43874,28.6,28.65,19459
2010-10-13,20.65,20.65,30790,23.5,23.55,48211,27.9,27.9,19794
2010-10-14,21.55,21.55,31045,24.2,24.2,47750,28.3,28.35,20122
2010-10-15,20.95,20.95,29636,24.0,24.05,50393,28.05,28.15,20663
2010-10-18,19.85,19.85,26434,23.25,23.3,51202,27.7,27.8,20842
2010-10-19,20.95,20.95,,23.8,23.85,53397,28.2,28.25,22152
2010-10-20,22.6,22.6,51502,25.0,25.05,20943,28.35,28.4,8377
2010-10-21,22.0,22.0,49966,24.6,24.65,21950,27.9,27.95,8555
2010-10-22,21.1,21.1,46423,23.9,23.95,25204,27.3,27.35,8619
2010-10-25,20.95,20.95,50055,23.65,23.7,25608,26.95,27.0,8651
2010-10-26,21.4,21.4,48252,23.85,23.9,30103,27.0,27.05,9242
2010-10-27,21.85,21.85,42285,24.15,24.2,32423,27.05,27.15,9237
2010-10-28,21.75,21.75,41538,24.25,24.3,33564,27.05,27.1,9619
2010-10-29,21.75,21.75,41451,24.2,24.25,34275,26.85,26.9,9971
2010-11-01,21.55,21.55,42935,24.15,24.2,36737,26.95,26.9,10204
2010-11-02,21.0,21.0,44438,23.7,23.75,38216,26.6,26.65,10806
2010-11-03,19.8,19.8,44174,22.35,22.35,38517,25.7,25.75,10955
2010-11-04,18.5,18.5,44098,20.95,21.0,39238,24.5,24.55,10650
2010-11-05,18.55,18.55,44098,20.9,20.95,39238,24.6,24.65,10650
2010-11-08,18.7,18.7,33175,21.0,21.05,43455,24.75,24.8,11460
2010-11-09,18.9,18.9,33175,21.15,21.1,43455,24.9,25.0,11460
2010-11-10,18.65,18.65,27898,20.9,20.9,51097,24.9,24.95,12457
2010-11-11,18.95,18.95,28708,21.0,21.05,55128,25.35,25.4,13140
2010-11-12,20.35,20.35,28578,22.2,22.25,60276,26.25,26.3,13706
2010-11-15,19.75,19.75,28132,21.9,21.95,67147,25.9,26.0,14247
2010-11-16,22.25,22.25,,22.75,22.8,64325,26.65,26.7,14771
2010-11-17,22.3,22.3,62488,25.35,25.4,41591,27.05,27.1,16077
2010-11-18,20.7,20.75,55662,24.15,24.2,44417,26.35,26.35,16301
2010-11-19,20.5,20.5,53451,23.85,23.9,46491,26.15,26.2,16770
2010-11-22,19.8,19.8,52567,23.2,23.25,48656,25.85,25.9,17827
2010-11-23,20.7,20.75,52279,24.05,24.1,50720,26.45,26.5,18096
2010-11-24,19.8,19.8,44507,23.25,23.3,50055,26.0,26.05,18201
2010-11-26,21.25,21.25,43713,24.2,24.25,51088,26.8,26.85,18342
2010-11-29,21.45,21.45,45362,24.45,24.5,53150,26.85,26.95,18677
2010-11-30,23.2,23.2,42859,25.75,25.8,52345,27.7,27.8,18866
2010-12-01,21.85,21.9,40308,24.7,24.75,50878,27.15,27.2,19116
2010-12-02,19.85,19.85,38619,22.9,23.0,52758,25.85,25.95,19218
2010-12-03,19.05,19.05,37558,22.1,22.15,52694,25.2,25.25,19567
2010-12-06,18.6,18.6,38334,21.6,21.6,51845,24.95,25.0,19959
2010-12-07,18.6,18.6,35623,21.4,21.45,52654,24.85,24.9,20232
2010-12-08,18.2,18.2,34172,20.65,20.7,53955,24.2,24.3,20208
2010-12-09,18.0,18.0,34798,20.2,20.2,54404,23.8,23.9,20773
2010-12-10,18.1,18.05,31751,20.0,20.05,54720,23.45,23.4,20759
2010-12-13,18.25,18.3,31648,20.25,20.3,54235,23.45,23.5,21044
2010-12-14,18.75,18.7,31473,20.4,20.45,54304,23.5,23.55,21579
2010-12-15,19.0,19.05,32903,20.75,20.8,56798,23.7,23.75,22453
2010-12-16,18.35,18.4,26609,20.45,20.5,55061,23.45,23.5,22760
2010-12-17,17.6,17.6,23860,20.2,20.25,54974,23.45,23.45,22744
2010-12-20,16.7,16.75,22213,19.65,19.65,57486,23.1,23.15,23271
2010-12-21,16.7,16.75,,19.2,19.25,59778,22.9,22.95,24608
2010-12-22,19.2,19.25,61338,21.25,21.3,30350,23.8,23.8,10004
2010-12-23,19.8,19.85,62374,21.55,21.55,30588,24.05,24.1,10188
2010-12-27,20.4,20.45,65176,21.8,21.75,29262,24.55,24.55,10157
2010-12-28,20.55,20.55,63226,21.9,21.9,28445,24.75,24.75,10068
2010-12-29,20.2,20.25,62091,21.8,21.85,28268,24.6,24.6,10242
2010-12-30,20.1,20.1,60274,21.7,21.7,28154,24.65,24.7,10539
2010-12-31,19.75,19.7,58640,21.55,21.6,28158,24.75,24.8,10601
2011-01-03,19.3,19.3,58437,21.3,21.35,29731,24.3,24.3,10686
2011-01-04,19.1,19.1,56828,21.25,21.3,30382,24.1,24.15,11340
2011-01-05,18.7,18.7,55768,20.9,20.95,31578,23.7,23.75,11562
2011-01-06,18.65,18.65,51785,20.85,20.9,29700,23.65,23.75,11459
2011-01-07,18.7,18.7,50569,20.95,21.0,31134,23.7,23.8,11529
2011-01-10,18.65,18.65,48440,20.95,21.0,33464,23.6,23.7,11527
2011-01-11,17.95,17.95,41523,20.35,20.4,35354,23.35,23.4,11724
2011-01-12,17.0,17.0,41433,19.45,19.45,41322,22.65,22.7,12477
2011-01-13,16.95,16.95,41433,19.25,19.3,41322,22.67,22.65,12477
2011-01-14,16.25,16.25,33344,18.35,18.4,47024,22.0,22.0,15625
2011-01-18,15.9,15.9,29642,17.85,17.85,59354,21.5,21.55,15865
2011-01-19,18.7,18.75,61137,20.85,20.9,41951,23.0,23.05,9545
2011-01-20,18.65,18.65,60192,20.8,20.85,44893,22.85,22.95,9636
2011-01-21,18.85,18.85,52037,20.95,21.0,45510,22.95,23.0,10414
2011-01-24,18.4,18.4,51148,20.5,20.55,45512,22.5,22.65,10640
2011-01-25,18.2,18.2,49766,20.3,20.35,45909,22.4,22.45,11279
2011-01-26,17.55,17.55,48887,19.7,19.75,48323,21.8,21.85,11422
2011-01-27,17.2,17.25,49124,19.35,19.4,48917,21.6,21.55,11712
2011-01-28,19.35,19.4,50375,20.6,20.65,50615,22.5,22.6,12260
2011-01-31,19.1,19.1,47912,20.4,20.45,51794,22.1,22.2,12188
2011-02-01,17.95,17.95,47428,19.6,19.6,51986,21.35,21.35,12302
2011-02-02,18.05,18.05,47465,19.5,19.55,52888,21.25,21.3,12870
2011-02-03,17.7,17.7,47319,19.35,19.35,54375,21.05,21.2,12933
2011-02-04,17.25,17.25,47240,18.8,18.85,57392,20.75,20.8,13660
2011-02-07,16.95,16.95,48378,18.4,18.45,61118,20.3,20.4,14225
2011-02-08,16.8,16.85,40607,18.15,18.2,61515,20.0,20.05,14386
2011-02-09,16.85,16.85,40081,18.25,18.25,62259,20.0,20.05,14760
2011-02-10,16.9,16.9,37263,18.25,18.3,65554,19.94,19.95,15165
2011-02-11,16.55,16.6,33966,17.95,18.05,68486,19.81,19.85,15390
2011-02-14,16.45,16.45,33966,17.8,17.85,68486,19.75,19.75,15390
2011-02-15,16.7,16.7,21430,18.05,18.05,70675,19.9,19.9,16007
2011-02-16,18.3,18.3,75241,19.3,19.35,29671,20.75,20.7,11471
2011-02-17,18.45,18.45,68698,19.6,19.65,30985,21.05,21.1,11855
2011-02-18,18.6,18.6,66164,19.75,19.8,26970,21.45,21.45,12026
2011-02-22,21.15,21.15,65741,21.55,21.6,27359,22.75,22.75,12180
2011-02-23,22.25,22.25,63707,22.5,22.55,29461,23.4,23.4,12322
2011-02-24,21.85,21.85,60790,22.3,22.35,29201,23.32,23.3,12111
2011-02-25,20.15,20.15,59602,21.15,21.15,28526,22.51,22.55,12066
2011-02-28,19.15,19.2,55901,20.25,20.3,29204,22.04,22.0,12260
2011-03-01,21.2,21.2,54246,21.65,21.7,29350,22.95,22.9,12005
2011-03-02,21.1,21.1,53605,21.55,21.6,29355,22.85,22.85,12027
2011-03-03,19.7,19.7,57848,20.65,20.7,28324,22.15,22.1,12754
2011-03-04,20.05,20.05,57486,21.1,21.15,34591,22.5,22.5,13486
2011-03-07,21.05,21.05,56012,21.76,21.8,37036,23.0,23.0,13866
2011-03-08,20.4,20.45,54722,21.35,21.4,37705,22.8,22.85,14746
2011-03-09,21.05,21.05,54195,21.76,21.8,41067,23.1,23.1,15083
2011-03-10,22.22,22.25,51493,22.68,22.7,44055,23.77,23.8,15568
2011-03-11,21.25,21.3,38208,22.0,22.05,58435,23.3,23.3,16332
2011-03-14,21.7,21.7,34879,22.25,22.3,60242,23.55,23.55,17639
2011-03-15,24.6,24.6,29487,23.4,23.45,63721,24.15,24.15,17428
2011-03-16,24.9,24.9,79662,25.1,25.15,28652,25.75,25.8,25899
2011-03-17,24.15,24.15,74731,24.35,24.4,28287,24.99,25.0,25766
2011-03-18,23.35,23.35,70178,23.63,23.65,28202,24.18,24.2,26080
2011-03-21,21.6,21.6,68303,22.25,22.3,28329,23.05,23.05,26425
2011-03-22,21.5,21.5,65206,22.25,22.25,27845,23.1,23.1,25653
2011-03-23,20.5,20.5,67884,21.6,21.6,29332,22.8,22.8,25701
2011-03-24,19.9,19.95,68981,21.05,21.05,32014,22.45,22.45,25673
2011-03-25,19.8,19.75,70429,21.05,21.05,31797,22.45,22.55,25424
2011-03-28,20.3,20.3,70069,21.5,21.55,32149,22.7,22.75,24845
2011-03-29,19.55,19.6,69665,20.9,20.95,33397,22.25,22.25,24422
2011-03-30,19.25,19.25,70244,20.7,20.7,33469,21.95,21.95,23867
2011-03-31,19.3,19.3,69164,20.8,20.8,33885,22.0,22.0,23802
2011-04-01,19.0,19.05,70356,20.5,20.55,35938,21.95,21.95,23563
2011-04-04,18.7,18.7,69486,20.2,20.25,36449,21.65,21.7,23136
2011-04-05,18.5,18.55,58970,20.15,20.15,38623,21.75,21.75,22757
2011-04-06,18.3,18.35,58646,20.15,20.15,39461,21.7,21.75,22738
2011-04-07,18.35,18.4,57935,20.35,20.35,42470,21.95,21.95,22654
2011-04-08,18.65,18.65,50725,20.6,20.65,43760,22.3,22.3,23353
2011-04-11,18.3,18.4,50062,20.4,20.45,44320,22.35,22.3,23450
2011-04-12,18.7,18.7,48017,20.65,20.7,47423,22.5,22.5,23774
2011-04-13,18.3,18.3,45058,20.3,20.35,51255,22.3,22.3,23353
2011-04-14,17.9,17.9,43299,20.15,20.15,53837,22.25,22.25,23256
2011-04-15,16.75,16.75,32754,19.65,19.65,69156,22.05,22.05,23042
2011-04-18,17.3,17.3,30121,20.15,20.2,79221,22.47,22.45,23188
2011-04-19,16.05,16.0,27335,19.05,19.1,84022,21.95,21.9,22990
2011-04-20,18.2,18.15,84360,20.25,20.35,34022,22.25,22.25,25431
2011-04-21,17.9,17.9,82867,19.95,20.0,34377,22.0,22.0,25756
2011-04-25,17.45,17.45,81319,19.55,19.6,32918,21.65,21.65,26220
2011-04-26,17.25,17.3,79520,19.2,19.2,33009,21.3,21.35,26471
2011-04-27,17.0,17.0,78927,18.7,18.75,33705,20.95,20.95,26670
2011-04-28,16.75,16.75,75735,18.4,18.4,33712,20.65,20.65,26189
2011-04-29,16.7,16.7,74604,18.35,18.35,34276,20.4,20.4,26570
2011-05-02,17.2,17.25,71575,18.8,18.8,34308,20.85,20.85,26751
2011-05-03,17.7,17.7,68456,19.3,19.35,35594,21.25,21.25,27310
2011-05-04,17.95,17.95,66520,19.55,19.55,36547,21.35,21.35,27838
2011-05-05,18.3,18.3,63646,19.75,19.8,37679,21.5,21.5,27794
2011-05-06,18.15,18.15,61760,19.5,19.55,39377,21.35,21.35,30066
2011-05-09,17.45,17.45,61038,18.85,18.85,42068,20.9,20.95,30203
2011-05-10,16.65,16.65,51514,18.15,18.2,55162,20.53,20.55,28822
2011-05-11,17.2,17.2,45937,18.6,18.65,59820,20.9,20.9,28758
2011-05-12,16.65,16.65,43381,18.35,18.35,64175,20.7,20.7,29576
2011-05-13,17.35,17.35,38058,18.65,18.65,68668,20.93,20.95,30372
2011-05-16,18.0,18.0,40750,19.0,19.05,74878,21.17,21.2,30943
2011-05-17,17.7,17.75,23083,18.7,18.7,87905,20.9,20.9,31433
2011-05-18,18.0,18.05,90137,19.8,19.75,36243,21.85,21.85,15740
2011-05-19,17.65,17.65,88694,19.55,19.6,36351,21.85,21.85,16978
2011-05-20,18.05,18.05,92488,19.95,20.0,36387,22.45,22.45,17829
2011-05-23,18.55,18.55,92265,20.25,20.3,37728,22.6,22.6,18034
2011-05-24,18.3,18.3,82435,20.1,20.15,38548,22.4,22.4,18039
2011-05-25,17.95,17.95,80035,19.85,19.9,39331,22.15,22.15,17814
2011-05-26,17.45,17.45,77289,19.3,19.35,40518,21.62,21.65,17351
2011-05-27,17.1,17.1,71485,19.0,19.05,42276,21.2,21.2,17374
2011-05-31,16.5,16.55,73189,18.5,18.55,44965,20.75,20.75,17250
2011-06-01,17.95,17.95,70817,19.55,19.55,48052,21.4,21.4,17006
2011-06-02,17.8,17.8,69523,19.3,19.35,47175,21.3,21.3,16875
2011-06-03,17.95,17.95,68457,19.4,19.45,49580,21.45,21.45,16399
2011-06-06,18.2,18.2,66673,19.6,19.65,52452,21.65,21.65,15985
2011-06-07,18.1,18.1,62540,19.3,19.35,53748,21.45,21.45,15549
2011-06-08,18.5,18.5,55650,19.5,19.55,58118,21.65,21.65,15455
2011-06-09,17.75,17.75,53397,18.95,19.0,60335,21.25,21.25,16014
2011-06-10,18.85,18.9,46084,19.6,19.6,64863,21.76,21.75,17004
2011-06-13,19.55,19.55,32290,19.95,20.0,78055,21.75,21.75,16912
2011-06-14,18.25,18.2,22886,19.2,19.2,82168,21.05,21.05,17025
2011-06-15,20.9,20.95,83758,21.25,21.25,41534,23.03,23.05,27176
2011-06-16,21.95,21.95,77697,22.25,22.3,43543,24.0,24.0,27953
2011-06-17,21.4,21.45,76125,21.95,22.0,39622,23.75,23.75,25170
2011-06-20,20.45,20.45,64626,21.2,21.15,38677,23.2,23.2,24599
2011-06-21,19.9,19.95,66305,20.75,20.8,38144,22.95,23.0,24576
2011-06-22,20.25,20.3,63882,21.1,21.1,36795,23.33,23.35,25003
2011-06-23,19.85,19.85,64598,20.8,20.8,37094,23.25,23.25,24909
2011-06-24,21.05,21.05,62149,21.54,21.55,36661,23.73,23.75,24902
2011-06-27,20.55,20.6,60624,21.0,21.0,35138,23.4,23.4,24766
2011-06-28,19.5,19.5,59823,20.15,20.2,34522,23.05,23.1,24959
2011-06-29,18.45,18.5,60190,19.35,19.35,35786,22.55,22.6,26109
2011-06-30,17.7,17.7,61380,18.75,18.75,34837,22.0,22.0,25214
2011-07-01,16.95,16.95,60214,18.0,17.95,37199,21.0,21.0,26100
2011-07-05,16.95,16.95,57533,18.09,18.1,35686,21.0,21.0,25650
2011-07-06,17.25,17.25,56583,18.3,18.35,37268,20.9,20.95,25180
2011-07-07,16.75,16.75,55784,17.88,17.85,39677,20.4,20.4,25602
2011-07-08,17.05,17.1,54130,18.25,18.25,41887,20.65,20.65,27831
2011-07-11,18.85,18.85,50097,19.55,19.6,48488,21.45,21.5,27848
2011-07-12,19.55,19.6,45315,19.95,20.0,49096,22.05,22.1,28623
2011-07-13,19.85,19.9,42111,20.0,20.05,50291,22.1,22.1,28697
2011-07-14,20.6,20.65,36045,20.6,20.65,57145,22.59,22.6,30011
2011-07-15,20.15,20.15,33329,20.2,20.2,55874,22.25,22.25,28842
2011-07-18,21.15,21.15,28833,20.95,21.0,59328,22.75,22.75,29207
2011-07-19,19.25,19.25,,19.75,19.75,58388,21.9,21.95,26499
2011-07-20,19.35,19.35,65912,20.95,21.0,33369,22.0,22.05,19646
2011-07-21,18.3,18.35,69438,20.0,20.05,34550,21.45,21.5,19782
2011-07-22,18.25,18.25,64936,19.9,19.9,35216,21.4,21.4,19799
2011-07-25,19.3,19.35,65079,20.3,20.3,35443,21.8,21.8,19686
2011-07-26,19.6,19.65,64558,20.7,20.7,37568,22.0,22.0,20049
2011-07-27,21.3,21.3,63712,21.7,21.75,35868,22.6,22.6,20882
2011-07-28,21.35,21.35,59629,21.7,21.7,35877,22.55,22.55,20977
2011-07-29,21.1,21.1,58219,21.1,21.1,36933,21.95,21.95,22148
2011-08-01,20.7,20.7,58255,20.6,20.6,37116,21.5,21.5,22737
2011-08-02,22.25,22.3,55011,21.95,22.0,36456,22.35,22.35,22457
2011-08-03,22.0,22.0,50960,21.85,21.85,35465,22.15,22.15,22086
2011-08-04,27.45,27.45,50014,25.9,25.9,33908,24.6,24.55,23414
2011-08-05,29.1,29.15,50014,26.15,26.2,33908,25.15,25.15,23414
2011-08-08,36.6,36.55,50014,30.15,30.2,33908,27.67,27.65,23414
2011-08-09,30.45,30.5,47150,25.35,25.4,41836,24.8,24.8,23653
2011-08-10,35.95,36.0,48413,28.7,28.75,45436,27.35,27.4,23476
2011-08-11,35.3,35.15,47286,27.65,27.65,43649,26.6,26.6,24531
2011-08-12,35.0,35.0,42472,27.8,27.85,48629,26.4,26.4,25085
2011-08-15,32.05,32.1,38084,26.65,26.7,49578,25.45,25.45,25422
2011-08-16,33.6,33.65,33552,26.85,26.9,52899,25.65,25.65,25912
2011-08-17,27.9,27.95,52939,26.8,26.8,20812,24.9,24.9,42240
2011-08-18,33.4,33.4,48209,30.2,30.2,20602,27.8,27.8,40145
2011-08-19,35.35,35.35,45680,31.62,31.6,20115,28.7,28.7,37901
2011-08-22,36.4,36.45,44664,32.65,32.65,20678,29.1,29.1,36634
2011-08-23,34.25,34.3,55869,31.7,31.75,26605,28.9,28.9,35098
2011-08-24,33.5,33.55,59081,31.45,31.45,28309,29.2,29.25,34375
2011-08-25,34.75,34.75,54342,31.7,31.75,25627,29.79,29.8,34067
2011-08-26,34.0,34.0,55981,31.0,31.0,25294,29.35,29.4,34138
2011-08-29,31.6,31.65,57427,29.7,29.7,26026,28.4,28.4,33575
2011-08-30,32.5,32.5,54375,30.55,30.55,25902,29.17,29.15,33404
2011-08-31,31.6,31.65,55729,30.15,30.2,26537,28.4,28.4,34617
2011-09-01,32.1,32.15,52871,30.65,30.7,30054,28.66,28.65,36281
2011-09-02,34.45,34.5,53440,32.0,32.05,30116,29.2,29.25,34473
2011-09-06,35.7,35.75,52772,32.8,32.85,30832,29.85,29.85,33743
2011-09-07,33.55,33.55,52772,31.4,31.4,30832,29.1,29.1,33743
2011-09-08,34.55,34.6,52772,32.1,32.15,30832,29.4,29.4,33743
2011-09-09,38.55,38.55,52772,34.55,34.55,30832,30.75,30.8,33743
2011-09-12,38.3,38.3,45435,35.1,35.05,34502,31.15,31.15,34830
2011-09-13,37.8,37.85,43637,35.1,35.15,33766,31.2,31.25,35584
2011-09-14,35.75,35.75,42934,34.2,34.1,37815,30.7,30.7,35708
2011-09-15,33.15,33.2,41463,32.55,32.55,39502,29.91,29.9,35194
2011-09-16,32.0,32.05,36575,31.8,31.85,50031,29.7,29.7,38121
2011-09-19,33.65,33.7,34065,33.1,33.1,49920,30.4,30.4,38944
2011-09-20,33.45,33.5,,32.9,32.95,52759,30.15,30.2,39136
2011-09-21,35.7,35.75,52633,33.75,33.75,18390,32.35,32.3,21171
2011-09-22,38.5,38.55,52885,35.75,35.75,17933,33.8,33.8,21916
2011-09-23,39.05,39.1,51075,35.9,35.9,17690,33.92,33.95,22013
2011-09-26,37.5,37.5,51041,34.7,34.7,18354,33.3,33.3,22191
2011-09-27,36.75,36.75,51573,34.3,34.3,17800,33.05,33.05,22405
2011-09-28,39.4,39.45,50845,36.0,36.05,18503,34.3,34.3,22416
2011-09-29,38.55,38.6,50831,35.25,35.3,18892,33.8,33.8,22171
2011-09-30,42.1,42.15,47681,37.75,37.75,19664,35.5,35.5,22368
2011-10-03,45.0,45.05,48012,40.55,40.55,21444,37.05,37.05,22246
2011-10-04,40.8,40.8,46352,38.1,38.1,21784,35.85,35.85,21267
2011-10-05,38.4,38.45,46730,36.25,36.3,23258,35.1,35.1,21168
2011-10-06,37.8,37.85,48492,35.85,35.9,22558,34.75,34.75,21237
2011-10-07,37.9,37.95,48581,35.95,35.95,23308,34.9,34.9,21254
2011-10-10,34.7,34.7,48922,33.65,33.65,25259,33.05,33.05,21243
2011-10-11,34.45,34.5,45962,33.4,33.5,31099,33.0,33.0,21133
2011-10-12,32.2,32.25,42066,31.4,31.45,33265,31.65,31.65,21321
2011-10-13,32.1,32.1,42484,31.15,31.2,32366,31.5,31.5,21669
2011-10-14,29.7,29.75,40795,29.35,29.35,35619,30.3,30.35,21072
2011-10-17,34.2,34.2,36850,32.9,32.95,34154,32.15,32.2,21221
2011-10-18,32.1,32.15,,30.95,31.0,35738,31.2,31.2,20981
2011-10-19,33.8,33.85,45395,31.5,31.55,34307,31.9,31.9,8928
2011-10-20,34.05,34.1,45222,31.55,31.55,32643,31.9,31.9,9122
2011-10-21,31.55,31.6,45382,30.05,30.0,32716,30.65,30.65,9205
2011-10-24,29.7,29.75,47074,28.8,28.85,33257,29.85,29.85,9629
2011-10-25,32.35,32.4,47244,30.25,30.25,33805,30.85,30.85,9760
2011-10-26,30.45,30.5,48419,29.2,29.2,33984,29.9,29.9,9656
2011-10-27,26.15,26.2,53237,25.75,25.8,36440,27.1,27.1,9745
2011-10-28,26.25,26.25,51908,25.5,25.55,35742,26.95,26.95,9954
2011-10-31,29.9,29.95,50892,28.15,28.2,36068,29.0,29.0,10347
2011-11-01,33.95,33.95,51375,31.2,31.25,39462,31.25,31.3,10331
2011-11-02,32.7,32.7,45696,30.35,30.4,37419,30.7,30.75,9889
2011-11-03,30.95,30.95,44303,29.25,29.25,36271,30.0,29.95,10246
2011-11-04,31.4,31.4,44303,29.85,29.85,36271,30.25,30.25,10246
2011-11-07,31.1,31.1,43410,29.7,29.75,36241,30.2,30.2,10762
2011-11-08,28.9,28.9,40222,28.35,28.35,40609,29.5,29.5,11306
2011-11-09,36.45,36.45,39866,33.45,33.45,40944,32.95,32.95,12462
2011-11-10,33.45,33.45,34502,31.5,31.5,46069,32.05,32.05,12599
2011-11-11,31.35,31.4,32750,30.2,30.2,46712,31.25,31.25,12751
2011-11-14,32.1,32.1,29949,30.75,30.75,50804,31.55,31.6,14355
2011-11-15,32.05,32.05,22004,30.7,30.7,65111,31.7,31.7,14410
2011-11-16,32.65,32.65,65282,33.55,33.6,20294,32.25,32.25,9422
2011-11-17,33.75,33.75,65164,34.6,34.65,20112,33.25,33.3,9145
2011-11-18,32.35,32.35,64600,33.75,33.75,20943,33.1,33.1,9526
2011-11-21,32.95,32.95,64612,34.34,34.35,21873,33.5,33.5,9733
2011-11-22,32.3,32.3,64337,33.85,33.85,22627,33.15,33.15,10089
2011-11-23,33.6,33.6,65396,35.0,35.05,23088,34.0,34.0,10886
2011-11-25,34.5,34.5,64095,35.6,35.6,23105,34.55,34.55,11067
2011-11-28,32.0,32.0,62695,33.68,33.7,23852,32.92,32.95,11199
2011-11-29,31.35,31.35,62380,33.2,33.2,24283,32.7,32.7,11589
2011-11-30,28.3,28.35,64927,30.9,30.9,26290,31.2,31.2,11495
2011-12-01,27.9,27.9,64896,30.15,30.15,28097,30.7,30.7,11975
2011-12-02,27.79,27.8,65782,29.9,29.9,29480,30.6,30.6,11994
2011-12-05,27.75,27.8,64151,29.7,29.7,29619,30.1,30.15,12317
2011-12-06,28.1,28.1,63834,29.95,29.95,28926,30.15,30.2,12498
2011-12-07,28.6,28.6,64355,30.6,30.6,31044,30.5,30.55,12470
2011-12-08,30.15,30.15,63272,32.05,32.1,28396,31.5,31.5,12744
2011-12-09,27.2,27.2,61174,29.55,29.55,26699,30.35,30.4,13014
2011-12-12,27.6,27.6,60417,30.1,30.1,28287,30.9,30.9,13438
2011-12-13,27.05,27.1,46152,29.9,29.9,38651,31.1,31.1,13350
2011-12-14,27.1,27.1,46996,30.1,30.1,40207,31.25,31.25,14714
2011-12-15,26.35,26.35,45656,28.9,28.9,44047,30.55,30.55,14612
2011-12-16,26.1,26.1,42241,28.85,28.85,44902,30.35,30.35,14652
2011-12-19,25.6,25.6,37661,28.3,28.35,48434,30.05,30.05,15027
2011-12-20,23.85,23.85,,26.55,26.55,55180,28.6,28.65,14733
2011-12-21,24.5,24.5,59713,25.85,25.85,20911,27.9,27.9,15535
2011-12-22,25.1,25.1,58734,26.0,26.0,21950,28.1,28.1,15530
2011-12-23,25.7,25.7,54610,26.4,26.4,21843,28.15,28.15,15363
2011-12-27,25.45,25.45,52909,26.2,26.2,21883,27.9,27.9,15347
2011-12-28,26.7,26.7,50177,27.1,27.1,21466,28.4,28.4,15260
2011-12-29,25.9,25.95,50313,26.55,26.55,21906,28.05,28.05,15077
2011-12-30,26.7,26.7,50018,27.15,27.15,22234,28.4,28.4,15102
2012-01-03,24.8,24.8,51308,25.8,25.8,22629,27.45,27.5,14987
2012-01-04,24.2,24.2,50169,25.3,25.3,21866,27.05,27.05,14745
2012-01-05,23.75,23.75,50104,24.9,24.9,22458,26.8,26.8,14826
2012-01-06,23.05,23.05,50003,24.4,24.4,23827,26.45,26.45,14706
2012-01-09,22.85,22.85,49195,24.15,24.15,25543,26.3,26.3,14864
2012-01-10,22.35,22.35,53252,23.65,23.65,32674,26.0,26.05,14892
2012-01-11,22.95,22.95,42792,24.15,24.15,33950,26.35,26.3,14780
2012-01-12,22.2,22.2,42496,23.75,23.75,37007,26.15,26.2,15316
2012-01-13,22.55,22.55,38728,24.1,24.1,43513,26.6,26.6,16384
2012-01-17,22.45,22.45,,23.95,23.95,59696,26.7,26.7,17556
2012-01-18,23.2,23.2,63659,24.95,24.95,16923,26.9,26.85,16927
2012-01-19,22.55,22.55,67317,24.4,24.4,17170,26.55,26.55,17228
2012-01-20,21.85,21.85,68522,23.9,23.9,19175,26.1,26.15,16991
2012-01-23,21.3,21.3,71106,23.5,23.5,20798,25.65,25.65,17057
2012-01-24,21.2,21.2,71478,23.25,23.25,21694,25.35,25.4,16868
2012-01-25,20.6,20.6,63986,22.5,22.5,24098,24.96,24.95,17200
2012-01-26,20.55,20.55,66805,22.55,22.55,28175,25.25,25.3,17981
2012-01-27,20.15,20.15,68030,22.2,22.2,31241,24.8,24.85,18325
2012-01-30,20.7,20.7,67258,22.55,22.55,32173,25.15,25.15,18052
2012-01-31,20.9,20.9,62956,22.75,22.75,33614,25.35,25.35,18255
2012-02-01,19.85,19.85,63406,22.05,22.05,36036,24.75,24.8,18767
2012-02-02,19.15,19.15,63788,21.35,21.35,38791,24.45,24.5,18974
2012-02-03,17.95,17.95,64118,20.55,20.55,45783,23.8,23.85,20083
2012-02-06,18.1,18.1,62534,20.2,20.2,47561,23.43,23.45,20015
2012-02-07,18.4,18.4,58285,20.4,20.4,52037,23.3,23.3,19344
2012-02-08,19.2,19.2,56648,21.0,21.0,57336,23.6,23.65,19537
2012-02-09,20.0,20.0,54733,21.95,21.95,61703,24.35,24.4,19926
2012-02-10,21.75,21.75,49479,23.55,23.55,67177,25.1,25.1,20174
2012-02-13,19.25,19.25,41797,21.9,21.9,73829,24.7,24.65,19413
2012-02-14,19.8,19.8,,22.45,22.45,83703,25.05,25.1,19074
2012-02-15,24.25,24.25,91576,25.6,25.6,26648,27.25,27.25,20312
2012-02-16,22.8,22.8,90932,24.65,24.65,28312,26.6,26.65,20316
2012-02-17,22.6,22.6,94468,24.8,24.8,30095,26.8,26.85,20070
2012-02-21,22.55,22.55,97085,25.15,25.15,34018,27.15,27.15,19793
2012-02-22,21.8,21.8,96025,24.55,24.55,36252,26.6,26.6,19458
2012-02-23,20.25,20.25,96393,23.35,23.35,38931,26.1,26.1,19921
2012-02-24,21.2,21.2,94706,24.28,24.3,43337,26.75,26.75,19976
2012-02-27,21.55,21.55,94056,24.55,24.55,47683,27.15,27.15,20383
2012-02-28,20.85,20.85,95121,24.05,24.05,51492,26.7,26.7,20479
2012-02-29,21.0,21.0,94756,23.99,24.0,62893,26.5,26.5,20327
2012-03-01,20.05,20.05,94245,23.3,23.3,67633,25.9,25.9,20182
2012-03-02,20.4,20.4,92808,23.69,23.7,73156,26.55,26.55,20144
2012-03-05,20.15,20.15,92278,23.64,23.65,78270,26.65,26.65,21436
2012-03-06,22.5,22.5,84501,25.26,25.3,82606,27.4,27.4,19867
2012-03-07,20.65,20.65,80495,23.92,23.95,84287,26.55,26.55,18941
2012-03-08,19.71,19.7,79527,23.25,23.25,89753,26.0,26.0,19383
2012-03-09,19.05,19.05,77577,22.74,22.75,91727,25.45,25.55,19358
2012-03-12,17.75,17.75,76579,21.74,21.75,105476,25.0,25.0,19085
2012-03-13,17.01,17.0,73795,20.99,21.0,115855,24.3,24.35,19145
2012-03-14,17.77,17.8,68151,22.08,22.1,133233,25.0,25.05,18808
2012-03-15,17.04,17.05,62839,21.75,21.75,144383,24.9,24.85,18801
2012-03-16,16.15,16.15,59149,21.6,21.6,155924,24.75,24.75,18879
2012-03-19,15.55,15.55,52438,19.98,20.0,172152,23.95,23.95,18957
2012-03-20,15.65,15.65,,19.1,19.1,186384,23.55,23.6,19328
2012-03-21,18.1,18.1,175558,21.19,21.2,44913,24.12,24.15,24407
2012-03-22,18.35,18.35,168095,21.58,21.6,50539,24.65,24.65,24606
2012-03-23,17.01,17.0,152095,20.18,20.2,54390,23.8,23.75,25233
2012-03-26,15.63,15.6,138069,18.29,18.3,57915,22.25,22.2,23630
2012-03-27,17.6,17.6,130833,19.53,19.55,62853,22.85,22.85,23002
2012-03-28,17.65,17.65,123153,19.69,19.7,62250,22.6,22.7,22897
2012-03-29,17.09,17.1,115762,19.54,19.55,62887,22.6,22.6,22427
2012-03-30,16.82,16.8,111677,18.99,19.0,67941,22.0,22.05,21209
2012-04-02,17.0,17.0,106636,18.83,18.85,75209,22.05,22.05,21253
2012-04-03,17.24,17.25,99964,19.29,19.3,80624,22.15,22.2,20877
2012-04-04,17.94,17.95,94053,19.89,19.9,86838,22.45,22.45,21005
2012-04-05,18.45,18.45,88632,20.44,20.45,92879,22.9,22.9,21888
2012-04-09,19.59,19.6,83150,21.44,21.45,99056,23.65,23.65,21642
2012-04-10,21.15,21.15,78456,22.69,22.7,104297,24.8,24.8,22136
2012-04-11,20.69,20.7,78456,22.35,22.35,104297,24.7,24.7,22136
2012-04-12,18.2,18.2,65522,19.98,20.0,114313,23.14,23.15,20566
2012-04-13,19.94,19.95,59100,21.68,21.7,126347,24.35,24.35,21133
2012-04-16,19.85,19.85,52154,21.33,21.35,133066,24.09,24.1,21529
2012-04-17,18.18,18.2,41299,19.95,19.95,142715,23.25,23.25,21394
2012-04-18,20.54,20.55,135533,22.45,22.45,44521,24.75,24.8,29946
2012-04-19,20.4,20.4,133849,22.43,22.45,46551,24.75,24.75,29282
2012-04-20,19.69,19.7,133689,21.9,21.9,50529,24.25,24.25,28659
2012-04-23,20.6,20.6,128572,22.55,22.55,52967,24.85,24.85,28827
2012-04-24,19.74,19.75,120311,21.79,21.8,55627,24.5,24.5,28885
2012-04-25,18.55,18.55,120431,20.8,20.8,59756,23.45,23.45,28813
2012-04-26,18.0,18.0,117390,20.29,20.3,62227,23.1,23.1,28727
2012-04-27,18.04,18.05,115020,20.15,20.15,68215,22.9,22.9,28479
2012-04-30,18.44,18.45,108973,20.49,20.5,74818,22.99,23.0,28255
2012-05-01,18.0,18.0,104849,20.05,20.05,81973,22.8,22.8,27825
2012-05-02,18.05,18.05,98980,19.94,19.95,90532,22.59,22.6,28448
2012-05-03,18.8,18.8,93012,20.54,20.55,95366,22.9,22.9,27460
2012-05-04,20.0,20.0,89980,21.43,21.45,103685,23.5,23.5,26956
2012-05-07,19.34,19.35,79487,20.84,20.85,106483,23.1,23.1,26196
2012-05-08,19.55,19.55,72265,20.98,21.0,114392,23.33,23.35,25389
2012-05-09,20.5,20.5,63442,21.85,21.85,117511,23.9,23.9,25231
2012-05-10,19.34,19.35,55295,20.82,20.85,124186,23.23,23.25,25139
2012-05-11,20.1,20.1,48059,21.6,21.6,133814,23.75,23.75,25818
2012-05-14,21.95,21.95,37378,22.98,23.0,143373,24.84,24.85,26062
2012-05-15,21.85,21.85,27063,23.89,23.9,145519,25.53,25.55,26190
2012-05-16,24.4,24.4,140308,25.42,25.45,45540,27.2,27.2,24846
2012-05-17,26.2,26.2,137718,26.67,26.7,50078,27.75,27.75,24380
2012-05-18,28.21,28.2,133189,28.12,28.15,53988,28.84,28.85,24764
2012-05-21,24.24,24.25,121865,25.85,25.85,54585,27.5,27.5,23141
2012-05-22,24.94,24.95,121598,26.48,26.5,54383,27.9,27.9,22085
2012-05-23,24.81,24.8,118343,26.33,26.35,56071,27.53,27.55,22369
2012-05-24,24.25,24.25,111352,25.97,26.0,54949,27.39,27.4,22318
2012-05-25,24.55,24.55,108065,26.07,26.1,55516,27.09,27.1,21895
2012-05-29,23.0,23.0,106273,24.8,24.8,55339,26.37,26.4,21948
2012-05-30,25.69,25.7,102797,26.9,26.9,60059,27.65,27.65,21645
2012-05-31,25.99,26.0,99316,27.32,27.35,63792,28.03,28.05,21036
2012-06-01,27.75,27.75,94689,29.11,29.15,68225,29.5,29.5,21071
2012-06-04,26.95,26.95,85537,28.43,28.45,70293,29.6,29.6,22326
2012-06-05,25.58,25.6,82058,27.33,27.35,73176,28.82,28.85,22615
2012-06-06,23.4,23.4,79408,25.5,25.5,79052,27.66,27.65,23448
2012-06-07,23.05,23.05,75979,25.27,25.3,82658,27.56,27.55,24493
2012-06-08,21.71,21.7,75323,23.83,23.85,88872,26.18,26.2,24286
2012-06-11,24.55,24.55,69457,26.39,26.4,96077,28.42,28.4,25243
2012-06-12,23.45,23.45,64360,25.52,25.55,101072,27.93,27.95,25240
2012-06-13,24.97,24.95,57975,26.72,26.75,107384,29.0,29.0,26288
2012-06-14,22.95,22.95,52272,25.08,25.1,112766,27.85,27.85,26576
2012-06-15,21.48,21.5,48500,23.65,23.65,116122,26.39,26.4,26976
2012-06-18,19.0,19.0,41236,21.77,21.8,136599,25.42,25.45,27600
2012-06-19,18.45,18.45,,21.9,21.9,147957,25.36,25.35,28412
2012-06-20,20.43,20.45,151649,22.7,22.7,40799,25.58,25.6,29649
2012-06-21,23.35,23.35,147662,24.75,24.75,43628,26.89,26.9,29076
2012-06-22,21.88,21.85,145390,23.86,23.9,45689,26.22,26.25,29671
2012-06-25,22.46,22.45,137328,24.23,24.25,48516,26.53,26.55,28633
2012-06-26,21.75,21.75,125339,23.68,23.7,53790,26.05,26.05,27915
2012-06-27,21.71,21.7,118745,23.62,23.65,59152,25.86,25.9,26823
2012-06-28,21.34,21.35,111960,23.27,23.3,65692,25.53,25.55,26068
2012-06-29,19.52,19.55,111960,21.95,21.95,65692,24.58,24.6,26068
2012-07-02,18.15,18.15,107115,20.6,20.65,84895,23.8,23.85,23669
2012-07-03,17.7,17.7,104170,20.17,20.2,94433,23.17,23.2,22324
2012-07-05,18.8,18.8,95549,20.87,20.9,100335,23.68,23.7,21250
2012-07-06,18.25,18.25,90859,20.58,20.6,107668,23.37,23.4,20840
2012-07-09,18.4,18.4,84845,20.48,20.5,112979,23.23,23.25,20172
2012-07-10,19.25,19.25,78763,21.17,21.2,119609,23.63,23.65,19512
2012-07-11,18.3,18.3,72432,20.42,20.45,125472,23.24,23.25,18617
2012-07-12,18.5,18.5,62787,20.57,20.6,131475,23.48,23.5,18254
2012-07-13,17.45,17.45,55087,19.32,19.35,143473,22.74,22.75,18467
2012-07-16,17.3,17.3,44499,19.27,19.3,150750,22.73,22.75,19008
2012-07-17,16.65,16.65,34408,18.52,18.55,160046,22.09,22.1,22545
2012-07-18,18.65,18.65,161748,20.59,20.6,49694,23.22,23.25,34624
2012-07-19,18.19,18.2,161117,20.11,20.15,53386,22.98,23.0,34237
2012-07-20,19.12,19.15,157956,20.91,20.95,57715,23.51,23.55,33911
2012-07-23,20.78,20.8,153062,22.26,22.3,59422,24.59,24.6,32786
2012-07-24,21.85,21.85,145951,23.16,23.2,60699,25.17,25.15,31733
2012-07-25,21.1,21.1,137750,22.42,22.45,60891,24.7,24.7,31562
2012-07-26,19.14,19.15,133941,20.9,20.9,63196,23.55,23.55,29133
2012-07-27,18.58,18.6,130530,20.65,20.65,64596,23.47,23.5,28427
2012-07-30,19.5,19.5,126202,21.22,21.25,69746,23.79,23.8,28911
2012-07-31,19.9,19.9,119191,21.62,21.65,72239,24.0,24.0,28454
2012-08-01,19.7,19.7,115530,21.32,21.35,78194,24.05,24.05,28202
2012-08-02,18.67,18.7,112640,20.68,20.7,82711,23.8,23.8,28024
2012-08-03,17.2,17.2,109419,19.36,19.4,88271,22.85,22.85,27399
2012-08-06,16.84,16.85,106837,18.97,19.0,95558,22.69,22.7,28036
2012-08-07,17.65,17.65,102683,19.7,19.7,100482,22.96,23.0,29454
2012-08-08,16.8,16.8,98507,18.87,18.9,106616,22.49,22.5,30601
2012-08-09,16.55,16.55,97112,18.63,18.65,113845,22.32,22.35,31145
2012-08-10,16.35,16.35,91824,18.53,18.55,119389,22.13,22.15,31091
2012-08-13,15.8,15.8,89464,18.22,18.25,128532,21.98,22.0,32052
2012-08-14,16.4,16.4,82019,18.98,19.0,136038,22.47,22.5,32833
2012-08-15,16.2,16.2,76969,18.97,19.0,141789,22.48,22.5,34377
2012-08-16,15.89,15.9,68693,18.75,18.75,150127,22.22,22.25,35399
2012-08-17,15.09,15.1,62633,18.17,18.2,164170,21.92,21.95,35640
2012-08-20,14.64,14.65,55014,18.22,18.25,172757,22.16,22.2,35526
2012-08-21,14.9,14.9,45773,18.73,18.75,184949,22.58,22.6,36857
2012-08-22,18.96,19.0,180003,21.22,21.25,53900,23.77,23.8,35443
2012-08-23,19.29,19.3,175535,21.57,21.6,58184,24.31,24.3,35400
2012-08-24,18.55,18.55,171495,21.17,21.2,63692,23.98,24.0,34756
2012-08-27,18.8,18.8,162722,21.28,21.3,68566,23.83,23.85,34747
2012-08-28,19.0,19.0,154816,21.45,21.45,73402,24.03,24.05,34565
2012-08-29,19.25,19.25,148307,21.66,21.7,80754,24.15,24.15,35171
2012-08-30,19.7,19.7,140775,21.96,22.0,89862,24.32,24.35,34875
2012-08-31,18.95,18.95,133149,21.16,21.2,96347,23.78,23.8,34902
2012-09-04,18.65,18.65,122531,20.71,20.75,105189,23.62,23.65,35562
2012-09-05,18.14,18.15,116431,20.32,20.35,114740,23.12,23.15,36162
2012-09-06,16.1,16.1,115633,18.51,18.55,123732,21.92,21.95,35882
2012-09-07,15.1,15.1,110135,17.51,17.55,132159,21.02,21.05,34830
2012-09-10,16.53,16.5,102305,18.51,18.55,138626,21.52,21.55,34612
2012-09-11,16.61,16.6,91813,18.35,18.35,144574,21.25,21.25,35261
2012-09-12,15.81,15.8,82331,17.57,17.6,150878,20.37,20.4,35565
2012-09-13,14.91,14.9,76629,16.41,16.45,162908,19.19,19.2,35479
2012-09-14,15.75,15.75,64160,17.33,17.35,170277,19.33,19.35,35371
2012-09-17,15.0,15.0,76629,16.85,16.85,162908,19.1,19.15,35479
2012-09-18,14.3,14.3,64160,16.3,16.25,170277,19.05,19.05,35371
2012-09-19,16.0,16.05,177089,17.7,17.7,58444,20.78,20.8,38561
2012-09-20,16.35,16.4,185912,18.0,18.05,62595,20.85,20.9,38993
2012-09-21,16.05,16.05,173781,17.9,17.9,66842,21.0,20.95,38981
2012-09-24,15.89,15.9,168659,17.57,17.6,70990,20.72,20.7,38569
2012-09-25,17.15,17.15,159815,18.31,18.35,75679,21.08,21.1,37089
2012-09-26,17.75,17.75,146974,18.88,18.9,80810,21.43,21.45,36100
2012-09-27,16.1,16.1,141641,17.72,17.75,86703,20.72,20.75,35586
2012-09-28,16.39,16.4,132875,18.01,18.05,87750,20.91,20.9,35105
2012-10-01,16.96,16.95,123979,18.26,18.3,94880,20.82,20.85,35982
2012-10-02,16.6,16.6,117755,17.91,17.95,99529,20.66,20.7,36128
2012-10-03,16.5,16.5,111339,17.67,17.7,102861,20.49,20.5,37483
2012-10-04,15.8,15.8,105889,17.36,17.4,109881,19.99,20.0,37358
2012-10-05,15.75,15.75,102346,17.23,17.25,116554,19.81,19.85,38521
2012-10-08,15.89,15.9,95519,17.37,17.4,121759,19.81,19.85,39360
2012-10-09,16.7,16.7,85503,18.01,18.05,124769,20.13,20.15,39018
2012-10-10,16.75,16.75,77070,18.1,18.15,140229,20.38,20.4,39291
2012-10-11,16.2,16.2,67099,17.52,17.55,146241,19.92,19.95,39190
2012-10-12,16.65,16.65,59726,17.98,18.0,153471,20.02,20.05,38546
2012-10-15,15.7,15.7,47913,17.12,17.15,162513,19.68,19.7,38597
2012-10-16,15.5,15.5,39656,16.71,16.75,174808,19.2,19.2,38875
2012-10-17,16.45,16.45,177417,17.46,17.5,65285,20.01,20.05,35821
2012-10-18,16.7,16.7,173317,17.58,17.6,63629,20.17,20.2,36109
2012-10-19,17.6,17.6,171205,18.38,18.45,63133,20.81,20.85,36062
2012-10-22,17.36,17.35,160245,18.02,18.05,64758,20.55,20.55,35472
2012-10-23,19.21,19.2,155252,19.37,19.4,65404,21.31,21.35,34639
2012-10-24,18.75,18.75,144046,19.08,19.1,65616,21.02,21.05,33987
2012-10-25,18.28,18.3,141985,18.87,18.9,69039,20.86,20.9,33611
2012-10-26,18.27,18.25,141985,18.87,18.9,69039,20.82,20.85,33611
2012-10-31,18.96,18.95,128153,19.46,19.5,89674,21.16,21.2,33707
2012-11-01,16.9,16.9,119625,17.87,17.9,95720,19.99,20.0,33299
2012-11-02,17.8,17.8,113836,18.57,18.6,100691,20.68,20.7,33279
2012-11-05,18.05,18.1,106075,18.86,18.9,102746,20.95,20.95,33318
2012-11-06,17.05,17.05,105543,18.06,18.1,110638,20.14,20.15,32304
2012-11-07,18.86,18.85,104764,19.46,19.5,115122,21.14,21.15,31512
2012-11-08,18.5,18.5,87958,19.26,19.3,117608,21.13,21.15,30868
2012-11-09,18.59,18.6,82035,19.57,19.6,118998,21.51,21.55,31035
2012-11-12,17.08,17.1,79685,18.31,18.35,124771,20.69,20.7,30792
2012-11-13,16.95,16.95,72322,18.16,18.2,129058,20.69,20.7,30502
2012-11-14,17.84,17.85,65936,18.96,19.0,135689,21.23,21.25,29130
2012-11-15,18.05,18.05,54027,19.11,19.15,138483,21.32,21.35,29189
2012-11-16,16.75,16.75,46179,18.16,18.2,143011,20.67,20.7,30675
2012-11-19,15.25,15.25,44360,16.58,16.6,157693,19.62,19.65,34098
2012-11-20,15.15,15.15,,16.38,16.4,166900,19.17,19.2,34082
2012-11-21,16.44,16.45,165358,18.32,18.35,76952,20.12,20.15,39952
2012-11-23,16.1,16.1,163278,17.87,17.9,78620,19.92,19.95,39566
2012-11-26,15.6,15.6,156648,17.41,17.45,79276,19.57,19.6,38706
2012-11-27,16.15,16.15,150514,17.77,17.8,79440,19.83,19.85,38337
2012-11-28,15.48,15.5,145411,17.27,17.3,79747,19.53,19.55,39184
2012-11-29,15.24,15.25,142756,16.97,17.0,83137,19.17,19.2,38535
2012-11-30,15.54,15.55,141653,17.11,17.15,91130,19.28,19.3,38102
2012-12-03,16.4,16.4,137783,17.66,17.7,96130,19.68,19.7,38877
2012-12-04,16.49,16.5,135160,17.86,17.9,102349,19.85,19.85,38499
2012-12-05,16.1,16.1,126678,17.32,17.35,102827,19.24,19.25,38710
2012-12-06,16.39,16.4,122410,17.61,17.65,105283,19.3,19.35,38134
2012-12-07,16.01,16.0,115969,17.22,17.25,111689,19.1,19.1,38405
2012-12-10,16.0,16.0,109107,17.01,17.05,117196,18.87,18.9,38015
2012-12-11,15.56,15.55,104408,16.46,16.5,128203,18.54,18.55,37647
2012-12-12,16.11,16.1,93744,17.11,17.15,132893,18.89,18.9,36656
2012-12-13,16.61,16.6,83858,17.31,17.35,141664,19.19,19.2,36619
2012-12-14,16.86,16.85,71678,17.17,17.2,150037,19.31,19.3,36203
2012-12-17,16.19,16.2,55112,16.46,16.5,155787,18.59,18.6,36094
2012-12-18,15.55,15.55,36676,16.13,16.15,166514,18.13,18.15,37436
2012-12-19,17.1,17.1,161825,17.86,17.9,57702,19.58,19.6,36092
2012-12-20,17.51,17.5,151502,18.11,18.15,59114,19.78,19.8,35465
2012-12-21,18.24,18.25,143263,18.51,18.55,56203,20.39,20.4,34460
2012-12-24,18.64,18.65,135485,18.91,18.95,54004,20.38,20.4,33948
2012-12-26,19.49,19.5,129935,19.52,19.55,55338,20.77,20.8,32830
2012-12-27,19.09,19.1,120962,19.36,19.4,54084,20.48,20.5,33069
2012-12-28,22.35,22.35,116709,21.92,21.95,57735,21.99,22.0,33748
2012-12-31,17.68,17.7,115156,18.47,18.5,61543,20.36,20.4,33013
2013-01-02,15.6,15.6,120663,16.72,16.75,69517,18.84,18.85,33526
2013-01-03,15.9,15.9,118689,16.92,16.95,80088,18.92,18.95,35105
2013-01-04,15.3,15.3,118634,16.67,16.7,87659,18.73,18.75,35153
2013-01-07,14.75,14.75,116181,16.42,16.45,97299,18.79,18.8,35839
2013-01-08,14.65,14.65,113215,16.43,16.45,115920,18.67,18.7,35905
2013-01-09,14.7,14.7,106641,16.37,16.4,130523,18.58,18.6,36411
2013-01-10,14.2,14.2,98057,16.08,16.1,144218,18.38,18.4,36166
2013-01-11,14.14,14.15,84438,15.98,16.0,159755,18.33,18.35,39400
2013-01-14,14.09,14.1,74165,15.94,15.95,175547,18.19,18.2,40139
2013-01-15,14.2,14.2,,15.76,15.8,188450,18.15,18.15,41891
2013-01-16,15.5,15.5,196184,17.07,17.1,78428,18.64,18.65,41705
2013-01-17,15.69,15.7,190685,16.98,17.0,80088,18.53,18.55,41264
2013-01-18,14.65,14.65,191809,16.28,16.3,84653,17.82,17.85,41075
2013-01-22,14.05,14.05,186849,15.37,15.4,84566,17.1,17.1,41227
2013-01-23,13.69,13.7,182858,15.03,15.05,85661,16.97,16.95,38293
2013-01-24,13.94,13.95,170558,15.08,15.1,90363,16.89,16.9,38642
2013-01-25,14.09,14.1,161989,15.13,15.15,95814,16.79,16.8,38744
2013-01-28,14.59,14.6,153599,15.32,15.35,102995,16.87,16.9,39232
2013-01-29,14.04,14.05,150108,14.92,14.95,109990,16.68,16.7,39336
2013-01-30,15.15,15.15,137623,15.76,15.8,112735,17.12,17.15,40221
2013-01-31,14.9,14.9,130047,15.71,15.75,115973,17.31,17.3,39943
2013-02-01,14.29,14.3,126159,15.38,15.4,130799,17.02,17.05,39441
2013-02-04,15.29,15.3,116486,15.86,15.9,137918,17.28,17.3,40053
2013-02-05,14.39,14.4,109877,15.57,15.6,139343,17.18,17.2,40472
2013-02-06,14.15,14.15,103400,15.33,15.35,144638,17.04,17.05,41131
2013-02-07,14.09,14.1,92841,15.31,15.35,152093,16.99,17.0,41285
2013-02-08,13.8,13.8,81753,15.01,15.05,168187,16.67,16.7,42696
2013-02-11,13.5,13.5,65052,14.93,14.95,180804,16.47,16.5,42970
2013-02-12,13.0,13.0,,14.78,14.8,203499,16.44,16.45,42053
2013-02-13,14.75,14.75,203230,15.82,15.85,68510,17.02,17.05,37146
2013-02-14,14.55,14.55,206290,15.72,15.75,70436,17.04,17.05,36623
2013-02-15,14.5,14.5,208352,15.62,15.65,71900,17.09,17.1,36825
2013-02-19,13.89,13.9,209152,14.92,14.95,75702,16.54,16.55,35933
2013-02-20,15.39,15.4,200474,15.97,16.0,78142,17.14,17.15,34939
2013-02-21,15.5,15.5,192522,16.11,16.15,79152,17.27,17.3,35905
2013-02-22,14.84,14.85,186987,15.66,15.7,77958,17.0,17.0,36125
2013-02-25,17.65,17.65,189144,17.47,17.5,84803,17.96,17.95,38393
2013-02-26,17.06,17.05,172005,17.32,17.35,79924,17.9,17.9,36838
2013-02-27,15.43,15.4,164266,16.08,16.1,85414,17.11,17.1,35339
2013-02-28,16.14,16.15,157816,16.67,16.7,88292,17.49,17.5,35455
2013-03-01,16.39,16.4,152535,16.91,16.95,92397,17.59,17.6,34182
2013-03-04,14.99,15.0,148902,15.82,15.85,95958,17.13,17.1,33411
2013-03-05,14.54,14.55,150730,15.52,15.55,105633,16.89,16.9,33038
2013-03-06,14.7,14.7,143479,15.52,15.55,114067,16.83,16.85,33831
2013-03-07,14.19,14.2,138498,15.21,15.25,126066,16.68,16.7,32077
2013-03-08,13.8,13.8,132947,15.07,15.1,132452,16.63,16.65,31853
2013-03-11,13.0,13.0,130345,14.43,14.45,152119,16.4,16.4,33180
2013-03-12,13.24,13.25,119649,14.77,14.8,149056,16.53,16.55,31494
2013-03-13,12.94,12.95,122430,14.68,14.7,165150,16.58,16.6,33656
2013-03-14,12.54,12.55,117464,14.58,14.6,178930,16.52,16.55,35211
2013-03-15,12.54,12.55,99536,14.67,14.7,189514,16.65,16.65,35502
2013-03-18,13.68,13.7,78067,15.38,15.4,199010,16.93,16.95,35437
2013-03-19,14.79,14.8,,15.37,15.4,206960,16.98,17.0,37434
2013-03-20,14.48,14.5,215537,15.93,15.95,76892,17.47,17.5,33952
2013-03-21,14.94,14.95,205391,16.12,16.15,82492,17.63,17.65,32624
2013-03-22,14.8,14.8,200869,15.96,16.0,84142,17.6,17.65,32877
2013-03-25,14.55,14.55,192077,15.77,15.8,86096,17.34,17.35,32131
2013-03-26,14.19,14.2,189583,15.57,15.6,89807,17.24,17.25,31695
2013-03-27,14.4,14.4,178422,15.67,15.7,94246,17.28,17.3,32009
2013-03-28,14.19,14.2,172452,15.56,15.6,96898,17.33,17.35,31829
2013-04-01,14.4,14.4,163051,15.71,15.75,106010,17.47,17.5,32750
2013-04-02,13.8,13.8,158529,15.22,15.25,119188,17.12,17.15,33407
2013-04-03,14.64,14.65,144520,15.72,15.75,127095,17.29,17.3,33647
2013-04-04,14.25,14.25,136723,15.51,15.55,134217,17.21,17.25,34309
2013-04-05,14.34,14.35,127712,15.47,15.5,146247,17.22,17.25,35055
2013-04-08,13.65,13.65,119709,15.06,15.1,156669,16.76,16.8,35096
2013-04-09,13.6,13.6,107429,15.02,15.05,170140,16.67,16.7,34768
2013-04-10,13.11,13.1,97207,14.48,14.5,186079,16.31,16.35,34154
2013-04-11,13.15,13.15,89313,14.47,14.5,191877,16.29,16.3,33982
2013-04-12,12.75,12.75,89780,14.11,14.15,197444,15.96,16.0,34423
2013-04-15,16.7,16.7,66346,16.64,16.65,211044,17.55,17.55,35438
2013-04-16,13.95,13.95,,14.75,14.75,216628,16.33,16.35,36121
2013-04-17,16.44,16.45,207535,16.71,16.75,65952,17.48,17.5,36720
2013-04-18,17.19,17.2,195757,17.46,17.5,66115,18.24,18.25,37091
2013-04-19,15.94,15.95,184271,16.77,16.8,66041,18.06,18.1,37739
2013-04-22,15.3,15.3,178888,16.07,16.1,70112,17.48,17.5,36615
2013-04-23,14.55,14.55,176287,15.37,15.4,72690,16.77,16.8,36939
2013-04-24,14.65,14.65,176113,15.37,15.4,75261,16.73,16.75,35820
2013-04-25,14.8,14.8,176113,15.47,15.5,75261,16.78,16.8,35820
2013-04-26,14.75,14.8,168701,15.6,15.6,79709,16.95,16.95,35689
2013-04-29,14.75,14.75,163159,15.53,15.55,83265,16.72,16.75,36223
2013-04-30,14.42,14.45,160318,15.37,15.4,87411,16.73,16.75,35960
2013-05-01,15.12,15.15,154144,15.92,15.95,89615,17.18,17.2,36313
2013-05-02,14.53,14.55,151898,15.48,15.5,90021,16.88,16.9,36815
2013-05-03,14.25,14.25,151682,15.22,15.25,98298,16.67,16.7,37813
2013-05-06,13.88,13.9,146787,14.93,14.95,106247,16.49,16.5,37924
2013-05-07,13.84,13.85,144056,14.87,14.9,111673,16.28,16.3,37528
2013-05-08,13.98,14.0,136086,15.08,15.1,117065,16.44,16.45,38400
2013-05-09,14.19,14.2,131185,15.32,15.35,122080,16.74,16.75,38776
2013-05-10,13.84,13.85,122447,15.08,15.1,132681,16.77,16.8,40308
2013-05-13,13.63,13.65,117467,15.08,15.1,142919,16.82,16.85,40055
2013-05-14,13.54,13.55,106512,15.03,15.05,152292,16.77,16.8,39094
2013-05-15,13.68,13.7,96441,15.13,15.15,162746,16.81,16.85,38182
2013-05-16,13.93,13.95,88175,15.33,15.35,172563,16.91,16.95,38445
2013-05-17,13.16,13.2,80771,15.07,15.1,186308,16.76,16.8,41747
2013-05-20,13.28,13.3,54780,15.08,15.1,197724,16.92,16.95,42087
2013-05-21,13.52,13.55,,15.37,15.4,210517,17.13,17.15,42707
2013-05-22,15.27,15.3,210131,16.39,16.4,69325,17.72,17.75,31343
2013-05-23,15.47,15.5,205832,16.53,16.55,68897,17.97,18.0,29423
2013-05-24,15.48,15.5,195777,16.47,16.5,70912,17.93,17.95,29482
2013-05-28,15.18,15.2,189512,16.32,16.35,71151,17.81,17.85,29056
2013-05-29,15.37,15.4,180523,16.39,16.4,74997,17.76,17.8,29606
2013-05-30,15.39,15.4,170117,16.52,16.55,78421,17.83,17.85,29352
2013-05-31,16.03,16.05,165419,17.11,17.15,85427,18.33,18.35,29920
2013-06-03,15.98,16.0,152363,16.98,17.0,87024,18.32,18.35,29864
2013-06-04,16.09,16.1,143741,17.07,17.1,89264,18.37,18.4,29978
2013-06-05,17.05,17.05,137348,17.66,17.7,93783,18.72,18.75,31041
2013-06-06,16.53,16.55,127068,17.23,17.25,94894,18.53,18.55,31557
2013-06-07,15.78,15.8,114217,16.88,16.9,101319,18.32,18.35,30747
2013-06-10,15.59,15.6,104647,16.68,16.7,107283,18.07,18.1,31797
2013-06-11,16.89,16.9,112020,17.56,17.6,118369,18.73,18.75,33085
2013-06-12,18.23,18.25,90738,18.53,18.55,116255,19.33,19.35,33524
2013-06-13,16.78,16.8,73825,17.69,17.7,116368,18.93,18.95,33046
2013-06-14,17.52,17.55,57744,18.28,18.3,123321,19.38,19.4,33476
2013-06-17,16.92,16.95,45844,17.78,17.8,137977,19.08,19.1,35357
2013-06-18,16.76,16.8,39087,17.63,17.65,150805,18.97,19.0,35887
2013-06-19,17.54,17.55,147976,18.33,18.35,64771,19.53,19.55,25238
2013-06-20,19.59,19.65,142930,19.43,19.45,66418,20.39,20.4,25670
2013-06-21,18.98,19.0,131106,19.38,19.4,64196,20.21,20.25,27420
2013-06-24,20.12,20.15,116020,20.28,20.3,61606,20.98,21.0,26916
2013-06-25,19.42,19.45,108214,19.93,19.95,62450,20.82,20.85,25330
2013-06-26,18.83,18.85,108492,19.58,19.6,62406,20.76,20.8,26614
2013-06-27,18.16,18.2,109558,19.03,19.05,64005,20.37,20.4,26646
2013-06-28,18.03,18.05,106455,18.89,18.9,64995,20.33,20.35,26136
2013-07-01,17.65,17.65,104254,18.45,18.45,71748,19.98,20.0,26608
2013-07-02,17.58,17.6,99253,18.43,18.45,73402,20.07,20.1,26392
2013-07-03,17.21,17.25,95470,18.33,18.35,77815,19.91,19.95,26154
2013-07-05,15.9,15.95,94781,17.42,17.45,88256,19.45,19.45,26506
2013-07-08,15.34,15.35,91998,16.73,16.75,98186,18.68,18.7,28214
2013-07-09,15.08,15.1,89195,16.64,16.65,113369,18.51,18.55,27617
2013-07-10,14.81,14.85,73263,16.32,16.35,121355,18.17,18.2,27643
2013-07-11,14.46,14.5,63046,16.04,16.05,136526,17.85,17.9,27883
2013-07-12,14.63,14.65,52690,16.17,16.2,145742,18.01,18.05,27887
2013-07-15,14.02,14.05,44501,15.73,15.75,161326,17.71,17.75,29167
2013-07-16,14.21,14.25,32264,16.15,16.2,168824,18.33,18.35,28123
2013-07-17,15.55,15.6,176323,16.93,16.95,58281,18.41,18.45,29587
2013-07-18,15.42,15.45,176847,16.88,16.9,59022,18.4,18.4,29593
2013-07-19,14.86,14.9,179213,16.48,16.5,61704,18.22,18.25,31895
2013-07-22,14.67,14.7,179156,16.18,16.2,65310,17.97,18.0,32232
2013-07-23,14.62,14.65,180210,16.12,16.15,66869,17.87,17.9,31970
2013-07-24,14.76,14.8,175631,16.17,16.2,69635,17.94,17.95,30783
2013-07-25,14.47,14.5,172622,15.87,15.9,72873,17.6,17.65,30625
2013-07-26,14.42,14.45,166234,15.83,15.85,75657,17.56,17.6,31478
2013-07-29,14.63,14.65,160935,15.93,15.95,78749,17.57,17.6,31491
2013-07-30,14.27,14.3,156208,15.68,15.7,82495,17.42,17.45,32066
2013-07-31,13.87,13.9,153364,15.38,15.4,87458,17.01,17.05,33310
2013-08-01,13.57,13.6,151985,15.02,15.05,98034,16.78,16.8,34650
2013-08-02,13.13,13.15,154196,14.62,14.65,105404,16.48,16.5,33924
2013-08-05,13.03,13.05,145508,14.43,14.45,117194,16.27,16.3,34281
2013-08-06,13.37,13.4,136686,14.82,14.85,126721,16.62,16.65,34277
2013-08-07,13.53,13.55,129361,15.03,15.05,129421,16.73,16.75,35006
2013-08-08,13.22,13.25,125653,14.81,14.85,137213,16.57,16.6,35933
2013-08-09,13.52,13.55,120505,15.17,15.2,145652,16.83,16.85,36179
2013-08-12,13.32,13.35,119230,14.96,15.0,154368,16.82,16.85,37106
2013-08-13,13.09,13.1,117676,14.88,14.9,163834,16.95,17.0,37628
2013-08-14,13.33,13.35,110171,15.13,15.15,165090,17.16,17.2,36960
2013-08-15,14.23,14.25,100932,15.71,15.75,172264,17.57,17.6,38051
2013-08-16,14.44,14.45,82366,15.57,15.6,187354,17.4,17.45,38054
2013-08-19,15.03,15.05,66535,15.93,15.95,196043,17.66,17.7,37996
2013-08-20,14.98,15.0,57969,15.64,15.65,207263,17.41,17.45,38740
2013-08-21,16.08,16.1,201057,16.93,16.95,66078,17.97,18.0,40624
2013-08-22,15.43,15.45,191423,16.38,16.4,68171,17.42,17.45,40094
2013-08-23,15.18,15.2,188742,16.21,16.25,68677,17.32,17.35,40819
2013-08-26,15.84,15.85,180904,16.67,16.7,70661,17.69,17.7,39478
2013-08-27,17.2,17.2,175671,17.85,17.9,79237,18.7,18.7,40559
2013-08-28,17.34,17.35,161756,17.93,17.95,77493,18.69,18.7,40969
2013-08-29,17.32,17.35,156274,17.92,17.95,75731,18.78,18.8,41139
2013-08-30,17.47,17.5,156274,18.12,18.15,75787,18.93,18.95,40844
2013-09-03,16.82,16.85,156274,17.62,17.65,76630,18.46,18.5,42050
2013-09-04,16.69,16.7,156274,17.53,17.55,82813,18.32,18.35,42251
2013-09-05,16.37,16.4,156274,17.37,17.4,90386,18.32,18.35,42255
2013-09-06,16.49,16.5,156274,17.48,17.5,96026,18.4,18.45,42510
2013-09-09,15.78,15.8,156274,16.77,16.8,105871,17.88,17.9,43336
2013-09-10,15.13,15.15,156274,16.32,16.35,120754,17.36,17.4,43178
2013-09-11,14.53,14.55,156274,15.72,15.75,134394,17.02,17.05,44519
2013-09-12,14.78,14.8,156274,15.77,15.8,143669,17.13,17.15,45820
2013-09-13,14.77,14.8,156274,15.76,15.8,157785,17.06,17.1,46240
2013-09-16,14.68,14.7,156274,15.53,15.55,166862,16.87,16.9,48058
2013-09-17,14.61,14.65,156274,15.43,15.45,180340,16.77,16.8,50522
2013-09-18,14.69,14.7,181844,15.91,15.9,69890,17.12,17.15,28511
2013-09-19,14.73,14.75,179223,15.87,15.9,74034,17.25,17.25,28750
2013-09-20,14.95,15.0,171703,16.1,16.15,75780,17.6,17.65,29003
2013-09-23,15.32,15.35,165006,16.38,16.4,76893,17.78,17.8,28358
2013-09-24,15.03,15.05,163984,16.23,16.25,76766,17.61,17.65,28929
2013-09-25,15.02,15.05,158479,16.18,16.2,79791,17.66,17.7,29272
2013-09-26,14.78,14.8,153345,15.92,15.95,83351,17.42,17.45,29516
2013-09-27,15.48,15.5,141192,16.33,16.35,85171,17.67,17.7,29180
2013-09-30,16.18,16.2,129252,16.88,16.9,85647,18.01,18.05,29812
2013-10-01,15.42,15.45,125895,16.21,16.25,89434,17.62,17.65,30242
2013-10-02,16.36,16.35,119350,16.88,16.9,96831,17.98,18.0,30945
2013-10-03,17.23,17.25,118299,17.43,17.45,103400,18.31,18.35,31116
2013-10-04,16.77,16.8,105837,16.99,17.0,108675,18.1,18.1,30814
2013-10-07,18.48,18.5,101788,18.34,18.35,118163,18.83,18.85,30698
2013-10-08,19.38,19.4,93448,19.08,19.1,130713,19.54,19.55,30563
2013-10-09,18.84,18.85,79230,18.7,18.7,141838,19.36,19.4,27901
2013-10-10,16.38,16.4,65410,16.85,16.85,140939,18.17,18.2,29440
2013-10-11,15.68,15.7,48620,16.38,16.4,141428,17.68,17.7,29223
2013-10-14,15.87,15.9,38217,16.62,16.65,150688,17.88,17.9,28374
2013-10-15,18.17,18.2,32339,17.27,17.3,164094,18.29,18.3,30004
2013-10-16,15.55,15.55,166165,16.53,16.55,73032,18.01,18.05,27334
2013-10-17,14.52,14.55,172803,15.57,15.6,75932,17.51,17.5,28810
2013-10-18,14.33,14.35,164228,15.24,15.25,78683,17.29,17.3,29967
2013-10-21,14.58,14.6,159630,15.48,15.5,77234,17.27,17.3,29501
2013-10-22,14.59,14.6,161293,15.52,15.55,81867,17.42,17.45,29092
2013-10-23,14.67,14.7,157349,15.53,15.55,83318,17.58,17.6,30305
2013-10-24,14.45,14.45,157337,15.43,15.45,83362,17.44,17.45,30305
2013-10-25,14.47,14.5,157997,15.48,15.5,85347,17.52,17.55,30625
2013-10-28,14.55,14.55,157288,15.55,15.5,86528,17.65,17.65,30691
2013-10-29,14.43,14.45,154543,15.49,15.5,88138,17.65,17.7,31983
2013-10-30,14.54,14.55,157288,15.54,15.55,86528,17.66,17.7,30691
2013-10-31,14.5,14.5,150694,15.5,15.5,92130,17.75,17.7,33946
2013-11-01,14.44,14.45,150694,15.58,15.6,92130,17.76,17.8,33946
2013-11-04,13.91,13.95,142330,15.1,15.1,93944,17.4,17.45,35526
2013-11-05,14.0,14.0,141463,15.15,15.2,101477,17.55,17.55,35796
2013-11-06,13.65,13.7,145812,14.9,14.95,105810,17.35,17.35,35097
2013-11-07,14.25,14.25,136707,15.35,15.4,112128,17.6,17.65,35680
2013-11-08,13.58,13.6,131754,14.82,14.85,117015,17.27,17.3,36097
2013-11-11,13.25,13.3,131754,14.7,14.75,117015,17.45,17.4,36097
2013-11-12,13.35,13.35,122688,14.77,14.8,129387,17.43,17.45,36620
2013-11-13,13.15,13.25,116967,14.6,14.65,135988,17.44,17.5,36671
2013-11-14,13.05,13.05,110200,14.6,14.6,147244,17.5,17.55,37295
2013-11-15,12.93,12.95,99274,14.32,14.35,158618,17.43,17.45,36738
2013-11-18,13.3,13.3,81297,14.25,14.3,174736,17.35,17.4,39290
2013-11-19,13.55,13.6,58253,14.45,14.5,187601,17.5,17.55,39523
2013-11-20,14.15,14.15,196252,16.0,16.0,63150,17.85,17.9,30117
2013-11-21,13.69,13.7,204301,15.47,15.5,74814,17.4,17.45,32511
2013-11-22,13.58,13.6,196252,15.18,15.2,63150,17.21,17.25,30117
2013-11-25,13.63,13.65,198556,15.03,15.05,78587,17.1,17.1,32464
2013-11-26,13.7,13.75,198108,15.0,15.0,82432,17.05,17.1,33921
2013-11-27,13.85,13.85,191613,15.1,15.1,83315,17.1,17.1,34372
2013-11-29,13.93,13.95,181407,15.13,15.15,86037,17.11,17.15,32694
2013-12-02,14.25,14.3,174795,15.19,15.2,86988,17.05,17.1,32641
2013-12-03,14.63,14.65,166742,15.5,15.5,91828,17.2,17.2,34233
2013-12-04,14.25,14.25,146675,15.4,15.4,89868,17.1,17.15,34184
2013-12-05,14.55,14.55,145965,15.45,15.5,88849,17.1,17.15,34341
2013-12-06,13.95,13.95,138592,15.0,15.0,96558,16.75,16.75,35403
2013-12-09,13.75,13.75,126935,14.8,14.8,100464,16.5,16.5,35733
2013-12-10,13.9,13.95,120085,14.9,14.9,107982,16.6,16.6,36679
2013-12-11,14.9,14.9,114502,15.45,15.45,111863,17.05,17.1,37146
2013-12-12,15.4,15.4,97486,15.5,15.5,124765,17.1,17.1,38069
2013-12-13,15.45,15.5,73029,15.5,15.5,136021,17.2,17.2,40111
2013-12-16,15.9,15.9,59757,15.75,15.75,136859,17.3,17.3,39575
2013-12-17,16.25,16.25,59757,15.55,15.55,136859,17.05,17.05,39575
2013-12-18,14.55,14.5,154111,15.6,15.55,78395,16.85,16.9,33854
2013-12-19,14.45,14.45,154111,15.6,15.6,78395,17.1,17.1,33854
2013-12-20,14.4,14.45,155301,15.4,15.45,83017,16.95,16.95,34531
2013-12-23,13.85,13.9,147617,15.0,15.0,80086,16.6,16.65,35290
2013-12-24,13.39,13.4,148997,14.58,14.6,79029,16.28,16.3,35609
2013-12-26,13.35,13.4,152543,14.45,14.5,79338,16.2,16.2,36290
2013-12-27,13.7,13.7,152039,14.65,14.65,83167,16.3,16.3,36525
2013-12-30,13.9,13.9,152039,14.8,14.85,83167,16.4,16.45,36525
2013-12-31,13.91,13.95,138777,14.73,14.75,84669,16.22,16.25,36185
2014-01-02,14.2,14.2,135108,15.0,15.05,87842,16.45,16.5,36210
2014-01-03,14.0,14.05,131846,14.9,14.9,90877,16.4,16.4,36401
2014-01-06,13.85,13.9,128313,14.7,14.75,91597,16.17,16.2,36965
2014-01-07,13.65,13.65,128313,14.45,14.45,91597,15.9,15.9,36965
2014-01-08,13.69,13.7,115941,14.43,14.45,103942,15.82,15.85,37653
2014-01-09,13.63,13.65,109415,14.53,14.55,108102,15.91,15.95,39455
2014-01-10,13.25,13.25,104073,14.25,14.3,117053,15.75,15.8,38392
2014-01-13,13.75,13.8,100608,14.5,14.55,125105,16.0,16.0,39294
2014-01-14,13.05,13.1,97563,14.1,14.1,136274,15.85,15.85,41628
2014-01-15,13.12,13.15,91193,14.1,14.15,147976,15.85,15.9,42508
2014-01-16,13.45,13.45,83601,14.3,14.3,155325,15.9,15.95,43877
2014-01-17,13.4,13.45,91193,14.2,14.25,147976,16.05,16.05,42508
2014-01-21,13.25,13.25,,14.1,14.1,164759,15.9,15.95,43223
2014-01-22,13.8,13.85,190512,14.75,14.8,71411,16.25,16.25,27765
2014-01-23,14.15,14.2,188331,14.95,14.95,75770,16.3,16.35,27774
2014-01-24,16.15,16.2,181395,16.15,16.2,82942,17.25,17.25,29090
2014-01-27,16.1,16.1,185547,16.25,16.25,82374,17.1,17.1,29438
2014-01-28,15.15,15.2,174179,15.54,15.55,78223,16.55,16.6,30164
2014-01-29,16.4,16.4,163811,16.4,16.45,80379,17.1,17.15,31933
2014-01-30,16.65,16.65,166260,16.6,16.6,81028,17.35,17.35,32313
2014-01-31,17.6,17.6,159303,17.35,17.35,87962,17.6,17.65,32749
2014-02-03,19.2,19.2,153563,18.6,18.6,95401,18.54,18.55,31592
2014-02-04,18.65,18.65,147058,18.35,18.35,102188,18.58,18.6,32199
2014-02-05,19.15,19.15,147058,18.7,18.75,102188,18.95,19.0,32199
2014-02-06,16.95,17.0,125893,16.95,17.0,114451,17.75,17.8,31241
2014-02-07,15.45,15.5,125893,15.9,15.9,114451,16.93,16.95,31241
2014-02-10,15.61,15.65,112750,15.84,15.85,123633,16.9,16.95,30561
2014-02-11,15.0,15.05,105476,15.3,15.3,127398,16.45,16.5,31419
2014-02-12,14.5,14.55,91202,15.0,15.0,134014,16.4,16.4,32386
2014-02-13,14.55,14.6,84370,14.9,14.95,139170,16.35,16.35,33141
2014-02-14,14.2,14.2,84370,14.65,14.7,139170,16.2,16.2,33141
2014-02-18,14.22,14.25,84370,14.44,14.45,165489,15.9,15.9,36214
2014-02-19,,14.25,84370,15.35,15.4,186411,16.4,16.45,38548
2014-02-20,14.9,14.95,177340,15.4,15.4,60755,16.6,16.65,28781
2014-02-21,15.15,15.15,175724,15.4,15.45,62576,16.6,16.6,30548
2014-02-24,14.95,15.0,169306,15.4,15.4,64526,16.58,16.6,30081
2014-02-25,14.85,14.9,168519,15.25,15.3,66575,16.45,16.5,30894
2014-02-26,15.3,15.3,165857,15.65,15.65,67638,16.8,16.85,30814
2014-02-27,15.1,15.1,163844,15.5,15.55,71488,16.8,16.85,30955
2014-02-28,15.2,15.25,156190,15.67,15.7,76265,16.95,17.0,29108
2014-03-03,16.55,16.6,156190,16.65,16.65,76265,17.5,17.5,29108
2014-03-04,15.05,15.1,141291,15.6,15.6,78766,16.95,16.95,28978
2014-03-05,15.15,15.15,139347,15.55,15.6,82982,16.85,16.9,29361
2014-03-06,15.0,15.05,129341,15.55,15.55,88366,16.85,16.85,29006
2014-03-07,15.45,15.5,126093,15.81,15.85,90239,17.0,17.0,29541
2014-03-10,15.3,15.3,118904,15.85,15.9,96980,17.0,17.05,30311
2014-03-11,15.5,15.55,107920,16.1,16.1,104590,17.17,17.2,30352
2014-03-12,15.25,15.3,98751,15.95,15.95,109636,17.15,17.15,31169
2014-03-13,16.6,16.6,87339,16.6,16.6,120130,17.5,17.5,31519
2014-03-14,17.7,17.7,68396,17.1,17.1,125272,17.6,17.65,32086
2014-03-17,16.15,16.15,68396,16.1,16.15,135080,17.0,17.0,34027
2014-03-18,,16.15,68396,15.55,15.6,135080,16.75,16.8,34027
2014-03-19,15.95,16.0,144912,16.45,16.5,61920,17.4,17.4,32036
2014-03-20,15.75,15.75,146311,16.2,16.2,65673,17.15,17.2,31983
2014-03-21,15.95,16.0,146311,16.4,16.45,65673,17.35,17.4,31983
2014-03-24,15.9,15.95,145600,16.4,16.45,67807,17.35,17.4,32272
2014-03-25,15.65,15.7,139775,16.25,16.25,69172,17.35,17.4,32436
2014-03-26,16.05,16.05,,16.62,16.65,,17.6,17.65,
2014-03-27,15.7,15.75,,16.4,16.4,,17.45,17.5,
2014-03-28,15.55,15.6,134003,16.2,16.25,78836,17.35,17.35,33273
2014-03-31,15.15,15.15,126876,15.85,15.85,81286,16.9,16.95,34723
2014-04-01,14.45,14.5,130337,15.4,15.45,88659,16.6,16.6,35595
2014-04-02,14.58,14.6,132592,15.52,15.55,96740,16.7,16.75,35968
2014-04-03,14.45,14.45,131183,15.35,15.4,104112,16.55,16.55,36847
2014-04-04,14.85,14.85,128261,15.7,15.75,105481,16.8,16.8,36260
2014-04-07,15.5,15.5,126471,15.95,16.0,109290,16.9,16.95,35803
2014-04-08,15.15,15.15,114179,15.7,15.75,110285,16.75,16.75,35579
2014-04-09,14.5,14.5,102881,15.45,15.45,115967,16.6,16.6,36437
2014-04-10,15.85,15.85,95105,16.2,16.25,128529,16.98,17.0,37252
2014-04-11,16.85,16.85,83291,16.6,16.65,130839,17.15,17.2,38695
2014-04-14,16.2,16.2,63025,16.6,16.65,141793,17.25,17.25,40707
2014-04-15,15.65,15.6,63025,16.4,16.45,141793,17.1,17.15,40707
2014-04-16,,15.6,63025,15.85,15.9,159762,16.75,16.8,42650
2014-04-17,15.6,15.6,158536,16.1,16.1,67387,17.03,17.05,31658
2014-04-21,15.4,15.4,156531,16.0,16.05,67633,17.0,17.05,30018
2014-04-22,15.2,15.25,156531,15.8,15.85,67633,17.0,17.0,30018
2014-04-23,15.35,15.4,162123,15.8,15.8,73716,17.0,17.0,29579
2014-04-24,15.5,15.5,158082,16.05,16.05,74791,17.0,17.0,29260
2014-04-25,15.6,15.6,153503,16.15,16.2,75779,17.1,17.1,28763
2014-04-28,15.2,15.2,151039,15.85,15.9,79321,16.75,16.8,28018
2014-04-29,15.0,15.0,145350,15.68,15.7,82745,16.68,16.7,28765
2014-04-30,15.0,15.0,145255,15.7,15.75,88527,16.65,16.7,28749
2014-05-01,14.9,14.9,141031,15.7,15.75,91444,16.65,16.7,28560
2014-05-02,14.9,14.9,139582,15.8,15.85,97375,16.75,16.8,28648
2014-05-05,14.6,14.6,139026,15.55,15.6,105981,16.55,16.6,28829
2014-05-06,14.73,14.75,140257,15.8,15.8,111553,16.72,16.75,28665
2014-05-07,14.4,14.4,135325,15.4,15.45,117289,16.5,16.5,28069
2014-05-08,14.44,14.45,135325,15.42,15.45,117289,16.45,16.5,28069
2014-05-09,14.05,14.05,130267,15.2,15.2,126814,16.3,16.3,28742
2014-05-12,13.5,13.5,127111,14.8,14.8,132633,16.05,16.05,29246
2014-05-13,13.5,13.5,124450,14.8,14.85,146070,16.05,16.05,31247
2014-05-14,13.2,13.25,117827,14.7,14.75,152055,16.1,16.1,31078
2014-05-15,13.7,13.7,110930,14.9,14.9,160749,16.15,16.15,30153
2014-05-16,13.25,13.25,110930,14.65,14.65,160749,16.0,16.0,30153
2014-05-19,13.0,13.0,79013,14.35,14.35,183586,15.75,15.75,28213
2014-05-20,13.05,13.05,79013,14.35,14.4,193330,15.8,15.85,29289
2014-05-21,,13.05,79013,14.1,14.1,205816,15.6,15.65,29358
2014-05-22,14.04,14.05,210556,15.05,15.1,66215,16.3,16.35,32804
2014-05-23,13.85,13.9,211130,15.0,15.05,70919,16.3,16.35,32769
2014-05-27,13.45,13.45,208390,14.61,14.65,75778,16.1,16.1,32797
2014-05-28,13.45,13.45,208810,14.7,14.75,81399,16.2,16.25,34155
2014-05-29,13.25,13.3,210115,14.65,14.7,86951,16.2,16.2,34008
2014-05-30,13.35,13.3,210566,14.75,14.8,94184,16.25,16.3,34109
2014-06-02,13.2,13.2,210566,14.7,14.75,94184,16.25,16.3,34109
2014-06-03,13.3,13.3,204882,14.71,14.75,101779,16.3,16.3,34041
2014-06-04,13.15,13.2,195440,14.5,14.55,119810,16.05,16.05,34649
2014-06-05,12.65,12.65,191878,14.0,14.05,125443,15.73,15.75,35292
2014-06-06,12.0,12.0,188962,13.25,13.3,141710,15.1,15.15,36565
2014-06-09,12.2,12.2,177381,13.45,13.45,143148,15.25,15.3,38977
2014-06-10,12.05,12.05,160810,13.25,13.25,146434,15.18,15.2,38633
2014-06-11,12.45,12.5,153798,13.48,13.5,152607,15.3,15.3,40586
2014-06-12,13.2,13.2,153798,14.12,14.15,152607,15.71,15.75,40586
2014-06-13,12.9,12.95,138403,13.8,13.8,161881,15.5,15.55,42799
2014-06-16,13.0,13.05,95096,13.75,13.8,194368,15.35,15.4,46352
2014-06-17,12.35,12.35,95096,13.44,13.45,203144,15.2,15.2,49643
2014-06-18,,12.35,95096,12.65,12.7,210842,14.7,14.75,51926
2014-06-19,12.79,12.8,216180,13.77,13.8,57882,15.45,15.5,36072
2014-06-20,12.9,12.9,211586,13.9,13.9,61977,15.6,15.6,37432
2014-06-23,12.55,12.6,208365,13.65,13.7,66575,15.45,15.45,37311
2014-06-24,13.05,13.1,202126,13.9,13.95,70990,15.55,15.6,38030
2014-06-25,12.62,12.65,194365,13.55,13.6,76312,15.28,15.3,39952
2014-06-26,12.75,12.75,194365,13.55,13.6,76312,15.15,15.2,39952
2014-06-27,12.6,12.65,182934,13.45,13.5,92351,15.22,15.25,42458
2014-06-30,12.45,12.45,174872,13.3,13.35,94882,15.0,15.0,42412
2014-07-01,12.1,12.1,170229,13.0,13.05,103937,14.8,14.8,44858
2014-07-02,11.95,11.95,166505,12.87,12.9,110641,14.59,14.6,47121
2014-07-03,11.78,11.8,159109,12.77,12.8,116605,14.46,14.5,47710
2014-07-07,12.1,12.15,157352,13.05,13.05,123014,14.75,14.75,49390
2014-07-08,12.35,12.4,147940,13.1,13.1,127666,14.7,14.75,49186
2014-07-09,12.25,12.25,147940,12.83,12.85,127666,14.52,14.55,49186
2014-07-10,13.0,13.0,116155,13.35,13.35,148912,14.75,14.75,49849
2014-07-11,12.65,12.65,116155,13.2,13.2,148912,14.6,14.65,49849
2014-07-14,12.05,12.05,75937,12.7,12.75,160567,14.2,14.25,51108
2014-07-15,12.2,12.2,75937,12.95,13.0,169287,14.3,14.35,53490
2014-07-16,,12.2,75937,12.7,12.7,169287,14.35,14.4,53490
2014-07-17,13.7,13.7,181456,14.2,14.25,75539,15.25,15.3,38793
2014-07-18,13.0,13.0,176272,13.66,13.7,78033,14.95,14.95,40260
2014-07-21,13.4,13.4,176272,13.91,13.95,78033,15.01,15.05,40260
2014-07-22,13.0,13.0,158526,13.65,13.7,80570,14.9,14.95,42430
2014-07-23,13.05,13.05,158526,13.85,13.85,80570,15.1,15.1,42430
2014-07-24,13.17,13.2,156833,14.01,14.05,84333,15.18,15.2,41732
2014-07-25,13.5,13.5,156261,14.25,14.3,87095,15.3,15.35,41947
2014-07-28,13.35,13.35,153336,14.1,14.15,89016,15.2,15.25,40210
2014-07-29,13.45,13.45,148133,14.15,14.2,92959,15.15,15.2,39714
2014-07-30,13.55,13.55,143402,14.3,14.3,95776,15.2,15.25,39766
2014-07-31,15.2,15.2,140863,15.5,15.5,100126,16.05,16.1,40198
2014-08-01,16.05,16.05,140863,16.1,16.1,100126,16.55,16.55,40198
2014-08-04,14.95,14.95,124788,15.3,15.35,111508,16.05,16.05,38451
2014-08-05,16.15,16.15,117770,16.2,16.2,110852,16.76,16.8,37923
2014-08-06,16.15,16.2,106940,16.25,16.3,113412,16.85,16.9,37172
2014-08-07,16.65,16.65,100250,16.6,16.65,115967,17.25,17.3,36136
2014-08-08,15.97,16.0,93459,16.1,16.15,119770,16.9,16.9,36207
2014-08-11,14.75,14.8,82003,15.28,15.3,120816,16.25,16.3,36402
2014-08-12,14.65,14.65,77607,15.15,15.15,125646,16.15,16.2,35388
2014-08-13,13.55,13.55,72495,14.35,14.4,131790,15.7,15.7,36010
2014-08-14,12.92,12.95,66117,13.85,13.9,141719,15.2,15.25,36245
2014-08-15,13.2,13.25,65722,13.92,13.9,153402,15.2,15.2,37012
2014-08-18,12.55,12.55,57393,13.35,13.4,154659,14.75,14.8,37343
2014-08-19,12.2,12.2,57393,13.45,13.5,168858,14.65,14.7,38410
2014-08-20,,12.2,57393,13.5,13.5,168858,14.8,14.8,38410
2014-08-21,13.38,13.4,169616,14.13,14.15,59987,15.15,15.2,48638
2014-08-22,13.45,13.5,172204,14.25,14.25,62107,15.25,15.25,49594
2014-08-25,13.35,13.35,175555,14.1,14.15,64465,15.2,15.2,49837
2014-08-26,13.45,13.45,178516,14.3,14.35,68642,15.35,15.4,50423
2014-08-27,13.53,13.55,179801,14.4,14.45,75201,15.48,15.5,50051
2014-08-28,13.6,13.6,177057,14.4,14.45,78467,15.49,15.5,48945
2014-08-29,13.8,13.8,172454,14.5,14.55,82306,15.5,15.55,47130
2014-09-02,13.75,13.75,166881,14.65,14.65,86426,15.65,15.7,45779
2014-09-03,13.5,13.5,162319,14.45,14.5,89271,15.55,15.6,44904
2014-09-04,13.55,13.55,158444,14.4,14.45,95209,15.5,15.55,44697
2014-09-05,13.2,13.2,152727,14.15,14.2,104697,15.25,15.25,45329
2014-09-08,13.32,13.35,149216,14.24,14.25,112101,15.2,15.25,42727
2014-09-09,13.85,13.85,141223,14.5,14.55,122029,15.38,15.4,42372
2014-09-10,13.7,13.7,126650,14.45,14.5,132319,15.35,15.4,42196
2014-09-11,13.55,13.55,111784,14.45,14.5,139076,15.35,15.4,42409
2014-09-12,14.05,14.05,99290,14.75,14.8,143436,15.55,15.6,42612
2014-09-15,14.4,14.4,80604,15.15,15.2,160692,15.9,15.95,43281
2014-09-16,13.0,13.05,80604,14.35,14.4,164229,15.4,15.4,44381
2014-09-17,,13.05,80604,14.25,14.25,174727,15.39,15.4,44930
2014-09-18,14.05,14.05,182341,14.75,14.8,59168,16.05,16.1,39230
2014-09-19,14.1,14.15,187574,14.85,14.95,62931,16.1,16.15,39127
2014-09-22,14.9,14.9,181871,15.4,15.45,65453,16.4,16.45,39307
2014-09-23,15.35,15.4,182087,15.85,15.9,68755,16.8,16.85,38723
2014-09-24,14.6,14.65,172625,15.3,15.35,69737,16.5,16.55,39309
2014-09-25,15.75,15.8,166507,16.05,16.1,70998,16.9,16.95,39440
2014-09-26,15.3,15.35,154293,15.85,15.85,73196,16.8,16.85,37543
2014-09-29,16.25,16.25,143510,16.5,16.55,73423,17.3,17.35,37908
2014-09-30,16.3,16.3,143510,16.6,16.65,73423,17.4,17.45,37908
2014-10-01,16.85,16.9,128071,17.0,17.05,77099,17.8,17.8,37544
2014-10-02,16.5,16.55,126636,16.75,16.8,82854,17.6,17.65,38900
2014-10-03,15.15,15.2,119083,15.75,15.8,89851,16.85,16.85,39403
2014-10-06,15.72,15.75,119083,16.18,16.2,89851,17.13,17.15,39403
2014-10-07,17.1,17.1,114093,17.2,17.2,90816,17.85,17.9,40103
2014-10-08,15.25,15.25,104350,15.65,15.7,92148,16.75,16.8,39441
2014-10-09,17.15,17.2,95527,16.99,17.0,103592,17.6,17.6,39990
2014-10-10,19.8,19.8,94114,18.6,18.65,116372,18.8,18.85,40531
2014-10-13,22.75,22.75,94114,20.85,20.85,116372,20.05,20.1,40531
2014-10-14,20.9,20.9,89137,19.7,19.75,130756,19.3,19.35,44877
2014-10-15,23.93,23.95,89137,22.1,22.1,130756,20.85,20.9,44877
2014-10-16,22.27,22.3,86596,21.05,21.05,147352,20.15,20.2,41383
2014-10-17,21.0,21.0,82718,19.9,19.95,159158,19.4,19.4,40493
2014-10-20,18.5,18.5,68536,18.3,18.3,165411,18.72,18.75,40458
2014-10-21,16.35,16.35,68536,16.9,16.95,175809,17.85,17.9,38926
2014-10-22,,16.35,68536,18.05,18.1,182207,18.57,18.6,40712
2014-10-23,17.25,17.3,172961,17.25,17.3,53793,18.35,18.4,35534
2014-10-24,16.95,16.95,180105,17.05,17.05,58777,18.1,18.15,34361
2014-10-27,16.95,16.95,156702,16.8,16.85,56801,17.93,17.95,34189
2014-10-28,15.65,15.7,149465,15.9,15.9,59741,17.2,17.2,34571
2014-10-29,16.25,16.3,149465,16.3,16.3,59741,17.45,17.45,34571
2014-10-30,16.1,16.15,152438,16.3,16.3,69714,17.55,17.55,33635
2014-10-31,15.75,15.8,152438,16.05,16.05,69714,17.35,17.4,33635
2014-11-03,15.95,15.95,143521,16.25,16.25,80643,17.58,17.6,33238
2014-11-04,15.85,15.85,139748,16.2,16.25,85941,17.6,17.65,32629
2014-11-05,15.27,15.3,131347,15.9,15.9,88328,17.35,17.4,32803
2014-11-06,14.85,14.9,130949,15.45,15.45,97680,16.95,17.0,32736
2014-11-07,14.8,14.8,130949,15.5,15.5,97680,17.0,17.0,32736
2014-11-10,14.0,14.0,128783,14.9,14.95,106112,16.5,16.55,32695
2014-11-11,14.1,14.1,120069,14.85,14.85,125116,16.37,16.4,33914
2014-11-12,14.4,14.4,106401,15.2,15.2,135149,16.55,16.6,34748
2014-11-13,14.7,14.7,94486,15.5,15.55,143306,16.9,16.95,35300
2014-11-14,14.3,14.35,94486,15.3,15.3,143306,16.65,16.65,35300
2014-11-17,14.35,14.35,70226,15.3,15.35,157350,16.65,16.65,36978
2014-11-18,14.0,14.0,70226,15.25,15.3,170539,16.65,16.7,37435
2014-11-19,13.95,14.55,70226,15.5,15.5,177644,16.89,16.9,39294
2014-11-20,15.15,15.15,168790,16.0,16.05,58956,17.15,17.2,30752
2014-11-21,14.9,14.95,165424,16.05,16.05,61825,17.15,17.2,31074
2014-11-24,14.55,14.55,163726,15.8,15.85,66062,17.1,17.15,31269
2014-11-25,14.45,14.45,165432,15.75,15.8,72403,17.15,17.2,31823
2014-11-26,14.2,14.2,165286,15.6,15.65,79008,17.05,17.1,32470
2014-11-28,14.84,14.85,162837,15.95,15.95,86680,17.18,17.2,33147
2014-12-01,15.6,15.6,148069,16.6,16.65,90172,17.7,17.75,33293
2014-12-02,14.21,14.25,139787,15.54,15.55,92708,16.95,16.95,32827
2014-12-03,14.24,14.25,139608,15.62,15.65,102982,16.94,16.95,33554
2014-12-04,13.95,13.95,139608,15.45,15.45,102982,16.8,16.85,33554
2014-12-05,13.55,13.6,129544,15.31,15.35,112012,16.8,16.85,34124
2014-12-08,14.7,14.7,125035,16.11,16.15,118334,17.3,17.35,34614
2014-12-09,14.95,14.9,116032,16.1,16.15,119490,17.25,17.25,34538
2014-12-10,17.4,17.4,100028,17.7,17.75,120479,18.3,18.35,35391
2014-12-11,19.1,19.1,85947,19.15,19.15,124177,19.3,19.35,36037
2014-12-12,19.6,19.6,72574,19.15,19.15,147077,19.5,19.55,36080
2014-12-15,19.6,19.6,62055,18.74,18.75,155288,19.3,19.3,35754
2014-12-16,23.1,23.1,62055,20.05,20.1,148728,20.0,20.05,35897
2014-12-17,,23.1,62055,17.6,17.65,138806,18.25,18.3,35986
2014-12-18,17.18,17.2,140739,17.55,17.6,55671,18.13,18.15,25523
2014-12-19,16.55,16.55,143066,17.2,17.15,55152,17.9,17.9,24959
2014-12-22,16.4,16.425,143557,17.03,17.025,57634,17.75,17.775,26035
2014-12-23,15.95,15.925,139810,16.75,16.725,61138,17.74,17.725,26572
2014-12-24,16.225,16.225,139810,16.905,16.925,61138,17.825,17.825,26572
2014-12-26,15.85,15.825,143459,16.5,16.525,70905,17.6,17.575,27352
2014-12-29,16.1,16.075,138156,16.7,16.725,75078,17.6,17.625,27249
2014-12-30,16.45,16.425,135537,17.0,17.025,77729,17.8,17.825,27409
2014-12-31,17.9,18.025,127066,18.16,18.225,78640,18.6,18.625,25520
2015-01-02,17.85,17.825,115502,18.2,18.225,80345,18.75,18.775,26350
2015-01-05,19.11,19.125,111108,19.2,19.2,82704,19.6,19.575,25925
2015-01-06,19.85,19.875,104506,19.66,19.675,83520,19.8,19.825,26499
2015-01-07,18.83,18.85,104506,18.73,18.725,83520,19.1,19.1,26499
2015-01-08,17.7,17.675,94922,17.75,17.775,89152,18.25,18.275,26272
2015-01-09,18.65,18.625,89985,18.65,18.675,90973,19.1,19.1,27631
2015-01-12,19.6,19.575,88680,19.4,19.375,99033,19.45,19.475,29064
2015-01-13,20.2,20.175,83824,19.74,19.725,102447,19.7,19.725,28413
2015-01-14,20.6,20.575,77214,19.9,19.875,105760,19.7,19.725,29675
2015-01-15,21.5,21.475,73842,20.8,20.775,115340,20.35,20.325,31474
2015-01-16,20.65,20.625,73842,20.15,20.125,115340,20.1,20.075,31474
2015-01-20,20.15,20.175,61641,20.1,20.125,124942,20.1,20.125,32219
2015-01-21,20.6,20.175,61641,18.85,18.875,138942,19.3,19.325,34361
2015-01-22,17.85,17.875,134118,18.1,18.125,39385,18.8,18.825,19974
2015-01-23,18.35,18.375,137420,18.53,18.525,42873,19.1,19.125,19794
2015-01-26,17.23,17.225,135221,17.63,17.625,46238,18.5,18.525,19570
2015-01-27,17.85,17.875,135221,18.05,18.075,46238,18.85,18.825,19570
2015-01-28,20.5,20.475,125904,20.15,20.125,54247,20.4,20.425,17165
2015-01-29,19.1,19.075,120076,18.89,18.875,55886,19.35,19.375,17269
2015-01-30,21.05,21.025,112939,20.3,20.25,59534,20.35,20.325,17723
2015-02-02,20.0,19.975,106722,19.65,19.625,65795,19.85,19.875,19074
2015-02-03,18.85,18.875,99861,19.05,19.075,68614,19.55,19.575,18819
2015-02-04,19.8,19.775,96204,19.83,19.825,73118,20.15,20.125,18404
2015-02-05,18.7,18.675,89614,19.05,19.075,75837,19.63,19.65,18304
2015-02-06,19.15,19.175,85245,19.57,19.55,85504,19.85,19.9,18732
2015-02-09,19.65,19.625,85338,19.95,19.925,91425,20.3,20.275,20035
2015-02-10,18.55,18.575,78607,19.1,19.15,95300,19.75,19.775,21089
2015-02-11,18.4,18.425,74353,19.1,19.075,101804,19.7,19.675,20600
2015-02-12,16.9,16.875,66124,18.25,18.225,109556,19.15,19.1,20949
2015-02-13,16.45,16.5,59166,18.1,18.15,126778,18.85,18.875,20788
2015-02-17,16.2,16.2,59166,18.25,18.25,142969,19.05,19.075,20119
2015-02-18,16.1,16.2,59166,17.9,17.875,159021,19.0,18.975,22899
2015-02-19,17.6,17.625,154977,18.5,18.525,47121,19.3,19.275,29747
2015-02-20,16.9,16.925,157750,17.85,17.85,49834,18.8,18.825,29524
2015-02-23,17.05,17.025,155774,18.0,17.975,55294,18.85,18.875,29572
2015-02-24,16.1,16.125,155774,17.3,17.325,55294,18.25,18.275,29572
2015-02-25,16.4,16.425,153997,17.65,17.675,59037,18.45,18.475,28154
2015-02-26,16.0,16.025,152110,17.45,17.475,64976,18.3,18.275,28818
2015-02-27,15.85,15.825,152110,17.4,17.375,64976,18.16,18.175,28818
2015-03-02,15.3,15.325,143539,16.95,16.975,77795,17.75,17.775,29192
2015-03-03,15.79,15.775,144274,17.3,17.325,90036,18.0,17.975,29765
2015-03-04,15.75,15.725,137711,17.35,17.325,94451,17.9,17.925,29883
2015-03-05,15.35,15.325,132165,17.05,17.075,100372,17.7,17.725,30948
2015-03-06,16.2,16.225,128994,17.8,17.775,109923,18.15,18.175,31636
2015-03-09,15.8,15.825,119398,17.6,17.575,114474,18.1,18.075,32176
2015-03-10,16.95,16.925,112723,18.4,18.375,125804,18.7,18.675,34495
2015-03-11,17.25,17.225,102442,18.55,18.525,128200,18.95,18.925,34883
2015-03-12,15.85,15.875,87701,17.45,17.425,130336,18.2,18.225,34733
2015-03-13,16.4,16.425,87701,17.9,17.875,130336,18.45,18.475,34733
2015-03-16,16.15,16.125,63634,17.45,17.475,142228,18.2,18.225,33619
2015-03-17,15.6,15.625,63634,17.4,17.375,160382,18.2,18.225,35136
2015-03-18,16.05,15.67,63634,16.5,16.525,169524,17.8,17.775,35590
2015-03-19,16.55,16.525,165704,17.65,17.675,51630,18.4,18.425,30089
2015-03-20,16.15,16.175,159128,17.65,17.625,56851,18.45,18.425,29154
2015-03-23,16.1,16.075,164407,17.65,17.625,63512,18.35,18.425,29724
2015-03-24,15.85,15.875,164407,17.55,17.575,63512,18.35,18.375,29724
2015-03-25,16.6,16.575,165715,18.07,18.075,68478,18.75,18.775,30099
2015-03-26,16.5,16.475,156378,17.82,17.825,82821,18.6,18.625,31376
2015-03-27,16.25,16.225,156378,17.7,17.725,82821,18.55,18.525,31376
2015-03-30,15.8,15.775,146480,17.35,17.375,86247,18.45,18.425,32843
2015-03-31,16.3,16.275,140856,17.85,17.825,90752,18.69,18.675,32838
2015-04-01,16.05,16.025,139343,17.65,17.675,97662,18.65,18.675,32513
2015-04-02,15.65,15.625,128710,17.45,17.475,116911,18.62,18.625,32263
2015-04-06,15.3,15.275,128710,17.1,17.125,116911,18.25,18.275,32263
2015-04-07,15.25,15.275,123378,17.05,17.075,125772,18.25,18.225,31984
2015-04-08,14.8,14.825,115948,16.74,16.725,135693,18.1,18.125,32359
2015-04-09,14.1,14.075,106325,16.15,16.175,147980,17.74,17.725,32881
2015-04-10,13.63,13.425,95603,15.4,15.425,157497,17.15,17.175,33528
2015-04-13,14.35,14.325,79088,16.05,16.075,172982,17.6,17.575,34655
2015-04-14,13.55,13.575,79088,15.6,15.625,189107,17.45,17.475,35806
2015-04-15,13.25,13.575,79088,15.3,15.325,204236,17.3,17.325,35854
2015-04-16,15.15,15.125,195329,16.5,16.475,65697,17.75,17.775,28158
2015-04-17,15.65,15.675,198634,16.9,16.875,71506,18.05,18.025,27152
2015-04-20,15.15,15.175,190500,16.6,16.575,74534,17.8,17.775,26764
2015-04-21,15.1,15.125,187959,16.55,16.525,76742,17.75,17.725,28185
2015-04-22,14.94,14.925,186865,16.34,16.325,79173,17.55,17.6,28454
2015-04-23,14.75,14.725,183144,16.15,16.175,81841,17.5,17.475,28239
2015-04-24,14.65,14.625,184807,16.16,16.175,87094,17.49,17.475,28180
2015-04-27,15.15,15.125,184396,16.45,16.475,91705,17.65,17.675,28223
2015-04-28,14.5,14.475,178598,15.95,15.975,97655,17.3,17.325,28228
2015-04-29,15.05,15.075,181775,16.45,16.475,102778,17.65,17.675,27966
2015-04-30,15.5,15.525,169269,16.65,16.625,101893,17.75,17.775,27898
2015-05-01,14.45,14.475,166745,15.95,15.975,109989,17.25,17.275,27821
2015-05-04,14.45,14.475,164344,15.95,15.975,113409,17.26,17.275,28225
2015-05-05,15.25,15.225,157030,16.55,16.525,118913,17.6,17.625,28023
2015-05-06,15.7,15.675,156203,16.7,16.675,125195,17.75,17.725,28190
2015-05-07,15.4,15.425,143084,16.5,16.475,127226,17.55,17.575,28578
2015-05-08,14.4,14.375,135930,15.9,15.95,130885,17.25,17.275,29326
2015-05-11,14.9,14.925,121877,16.4,16.375,138525,17.58,17.575,29290
2015-05-12,14.65,14.625,115766,16.15,16.125,145987,17.4,17.425,28893
2015-05-13,14.35,14.325,113834,15.9,15.925,151104,17.27,17.275,29722
2015-05-14,13.73,13.725,113834,15.6,15.625,151104,17.14,17.125,29722
2015-05-15,13.65,13.675,102413,15.5,15.525,172850,17.0,17.025,30376
2015-05-18,13.25,13.275,77322,15.0,14.975,188708,16.65,16.625,32212
2015-05-19,13.15,13.125,77322,14.9,14.875,212502,16.5,16.475,33798
2015-05-20,13.11,13.125,77322,14.9,14.875,229260,16.54,16.55,33327
2015-05-21,14.35,14.325,226051,15.5,15.525,63629,16.75,16.8,22701
2015-05-22,14.45,14.425,221292,15.7,15.725,67478,16.95,16.975,22499
2015-05-26,14.95,14.925,217864,15.96,15.975,71442,17.05,17.075,22375
2015-05-27,14.55,14.525,219955,15.7,15.675,85798,16.95,16.925,29794
2015-05-28,14.5,14.475,200620,15.7,15.725,79648,17.0,16.975,23876
2015-05-29,14.65,14.625,192792,15.8,15.825,85002,17.0,17.025,23257
2015-06-01,14.6,14.575,181802,15.76,15.775,89601,16.94,16.925,23595
2015-06-02,14.9,14.875,180311,16.05,16.025,94314,17.2,17.225,24369
2015-06-03,14.4,14.375,174477,15.65,15.675,98518,16.9,16.925,24294
2015-06-04,14.95,14.975,172716,16.1,16.075,97021,17.25,17.275,25143
2015-06-05,14.75,14.725,159893,16.0,15.975,96108,17.3,17.275,25883
2015-06-08,15.2,15.225,153462,16.25,16.275,100737,17.44,17.425,25570
2015-06-09,14.85,14.825,145778,16.05,16.05,105627,17.34,17.325,25126
2015-06-10,13.9,13.875,137692,15.41,15.425,111864,16.85,16.825,24955
2015-06-11,13.53,13.525,124272,15.13,15.125,124209,16.65,16.625,25796
2015-06-12,14.15,14.2,113421,15.4,15.375,139009,16.8,16.775,26178
2015-06-15,15.5,15.475,88881,16.0,16.025,153533,17.15,17.175,26726
2015-06-16,14.9,14.925,88881,15.6,15.65,174751,17.0,16.975,28058
2015-06-17,14.85,14.925,88881,15.65,15.625,174751,17.01,17.025,28058
2015-06-18,14.99,14.975,184195,15.9,15.925,54731,17.23,17.225,26742
2015-06-19,15.45,15.425,191764,16.35,16.325,63493,17.5,17.475,26869
2015-06-22,14.55,14.525,185442,15.55,15.575,65527,16.9,16.925,27127
2015-06-23,14.1,14.075,186841,15.25,15.275,72004,16.7,16.725,27036
2015-06-24,14.58,14.575,186686,15.62,15.625,76237,16.95,16.925,27516
2015-06-25,14.65,14.625,179444,15.62,15.625,81325,16.95,16.925,27048
2015-06-26,14.55,14.525,173008,15.46,15.475,83660,16.75,16.725,27410
2015-06-29,17.4,17.375,169032,17.42,17.425,83962,17.93,17.925,27619
2015-06-30,17.33,17.325,164573,17.4,17.375,86138,17.9,17.925,28161
2015-07-01,15.92,15.925,144505,16.19,16.175,82292,16.95,16.925,29018
2015-07-02,16.9,16.925,131388,17.05,17.025,80410,17.55,17.55,28647
2015-07-06,17.25,17.225,126872,17.4,17.375,82853,17.9,17.9,27792
2015-07-07,16.35,16.325,123590,16.68,16.675,84556,17.41,17.425,28761
2015-07-08,18.45,18.425,117376,18.2,18.175,81723,18.32,18.325,29620
2015-07-09,18.84,18.825,113773,18.66,18.675,90716,18.69,18.675,30162
2015-07-10,16.75,16.775,107277,17.15,17.175,95366,17.85,17.875,29527
2015-07-13,14.47,14.475,93945,15.58,15.575,95377,16.7,16.725,31395
2015-07-14,14.09,14.075,85463,15.56,15.575,107613,16.82,16.825,32427
2015-07-15,13.96,13.975,83613,15.38,15.35,118306,16.6,16.625,33245
2015-07-16,12.93,12.925,77100,14.48,14.475,128928,16.15,16.175,32355
2015-07-17,12.9,12.925,74311,14.44,14.425,149783,16.1,16.1,33479
2015-07-20,12.53,12.525,64220,14.23,14.225,156015,15.9,15.925,33675
2015-07-21,12.4,12.375,64220,14.2,14.225,167295,16.0,15.975,33791
2015-07-22,12.95,12.375,64220,14.2,14.175,177146,16.1,16.075,33623
2015-07-23,14.25,14.275,176038,15.42,15.425,56468,16.6,16.625,25002
2015-07-24,14.95,14.9,172217,15.75,15.8,57107,16.8,16.825,25227
2015-07-27,15.78,15.775,158615,16.33,16.325,59214,17.05,17.075,25285
2015-07-28,14.4,14.375,146808,15.5,15.475,60533,16.55,16.575,25653
2015-07-29,14.05,14.075,148202,15.35,15.375,62069,16.6,16.625,25486
2015-07-30,13.95,13.925,145709,15.31,15.325,66391,16.55,16.575,24741
2015-07-31,14.0,13.975,143398,15.3,15.325,69819,16.55,16.55,25044
2015-08-03,13.9,13.875,143973,15.1,15.125,71914,16.3,16.325,24905
2015-08-04,14.15,14.125,140767,15.25,15.225,80536,16.45,16.425,25103
2015-08-05,13.95,13.925,135708,15.2,15.175,84507,16.4,16.425,25145
2015-08-06,14.5,14.475,132480,15.4,15.425,89895,16.5,16.525,25978
2015-08-07,14.25,14.275,126810,15.2,15.225,93686,16.3,16.325,26659
2015-08-10,13.59,13.575,120853,14.86,14.875,98162,16.15,16.175,27286
2015-08-11,14.5,14.475,121380,15.45,15.475,112433,16.5,16.525,28979
2015-08-12,14.3,14.325,109271,15.25,15.275,115175,16.5,16.475,27974
2015-08-13,14.15,14.175,93511,15.05,15.075,124849,16.35,16.375,28755
2015-08-14,14.29,14.275,82320,15.1,15.125,135400,16.35,16.325,28782
2015-08-17,13.85,13.825,62283,15.0,15.025,153056,16.2,16.225,29343
2015-08-18,14.3,14.275,62283,15.2,15.175,163218,16.49,16.475,29724
2015-08-19,14.45,14.275,62283,15.7,15.725,167876,16.75,16.725,30163
2015-08-20,17.3,17.325,167876,17.35,17.325,50668,17.6,17.575,32970
2015-08-21,19.9,19.9,171798,18.65,18.625,61274,18.25,18.275,33316
2015-08-24,25.15,25.125,171798,22.5,22.5,61274,20.7,20.7,33316
2015-08-25,25.35,25.325,162256,22.6,22.55,65225,20.75,20.8,35600
2015-08-26,23.7,23.725,143843,21.5,21.475,70731,20.1,20.075,31138
2015-08-27,24.2,24.175,135600,21.5,21.55,73959,20.15,20.2,29894
2015-08-28,24.4,24.425,133947,21.85,21.875,78100,21.0,21.0,27753
2015-08-31,26.45,26.425,129256,23.45,23.425,85492,22.1,22.125,28404
2015-09-01,29.7,29.725,125867,25.85,25.825,93830,23.9,23.95,28563
2015-09-02,25.95,25.975,120540,23.85,23.875,100481,22.75,22.775,29411
2015-09-03,25.65,25.625,109770,23.9,23.875,110283,22.9,22.95,30779
2015-09-04,27.95,28.025,103036,25.8,25.775,117945,24.0,24.0,31270
2015-09-08,24.6,24.625,96248,23.6,23.575,123010,22.65,22.675,31893
2015-09-09,25.85,25.825,85614,24.2,24.225,126001,23.0,23.025,31284
2015-09-10,24.65,24.7,77042,23.4,23.375,133086,22.55,22.575,31341
2015-09-11,23.75,23.8,77042,22.95,22.925,133086,22.3,22.35,31341
2015-09-14,23.7,23.725,56286,22.9,22.875,153919,22.4,22.375,31599
2015-09-15,22.45,22.575,56286,20.45,20.425,167357,20.62,20.625,31954
2015-09-16,22.4,22.575,56286,19.0,18.975,188306,19.25,19.275,34801
2015-09-17,20.4,20.425,199565,20.1,20.075,35533,20.2,20.225,26880
2015-09-18,21.5,21.525,186676,20.95,20.975,39748,21.0,21.025,25448
2015-09-21,19.68,19.675,176792,19.82,19.825,44132,20.2,20.175,23948
2015-09-22,21.75,21.775,172588,21.14,21.125,49604,21.05,21.075,22718
2015-09-23,21.1,21.125,159017,20.7,20.675,53256,20.75,20.725,21981
2015-09-24,21.9,21.875,151502,21.19,21.175,57466,21.2,21.225,21358
2015-09-25,22.35,22.325,140368,21.65,21.675,62477,21.55,21.575,21254
2015-09-28,24.05,24.075,132395,22.73,22.725,67374,22.25,22.225,21574
2015-09-29,23.85,23.875,129269,22.7,22.675,73487,22.35,22.325,21792
2015-09-30,23.05,23.025,123687,22.15,22.125,76858,22.0,21.975,21139
2015-10-01,22.2,22.225,116506,21.4,21.425,81193,21.55,21.525,21673
2015-10-02,21.05,21.075,111999,20.5,20.475,89010,20.75,20.775,21325
2015-10-05,19.9,19.875,109418,19.5,19.475,97175,19.9,19.925,20977
2015-10-06,20.3,20.325,111518,19.95,19.925,105477,20.35,20.325,21051
2015-10-07,19.45,19.475,110849,19.2,19.175,108770,19.65,19.675,21456
2015-10-08,18.45,18.425,104416,18.55,18.525,116467,19.25,19.275,21252
2015-10-09,18.15,18.175,99710,18.4,18.375,124444,19.3,19.325,21833
2015-10-12,16.7,16.725,95354,17.2,17.175,130807,18.35,18.325,21227
2015-10-13,18.25,18.275,76150,18.65,18.675,141804,19.45,19.475,22164
2015-10-14,18.3,18.325,76150,18.75,18.725,141804,19.7,19.725,22164
2015-10-15,16.55,16.575,68437,17.15,17.175,143397,18.45,18.475,22409
2015-10-16,16.1,16.1,63999,17.1,17.075,162729,18.55,18.525,22921
2015-10-19,15.25,15.275,52988,16.0,15.95,169472,17.7,17.675,22334
2015-10-20,16.1,16.075,52988,17.0,17.025,187874,18.45,18.425,24145
2015-10-21,15.5,14.91,52988,18.2,18.225,176031,19.25,19.225,23664
2015-10-22,16.05,16.025,167085,16.81,16.825,53994,18.18,18.175,21758
2015-10-23,16.65,16.6,174799,17.25,17.225,61038,18.49,18.475,21737
2015-10-26,16.9,16.925,170516,17.5,17.525,65794,18.79,18.8,22077
2015-10-27,16.5,16.475,158854,17.15,17.175,68127,18.45,18.475,22765
2015-10-28,16.0,15.975,154253,16.8,16.825,74302,18.2,18.175,22537
2015-10-29,16.17,16.175,157870,16.98,16.975,82521,18.35,18.375,22669
2015-10-30,16.65,16.625,157870,17.3,17.325,82521,18.65,18.675,22669
2015-11-02,15.9,15.875,144724,16.6,16.625,91431,18.02,18.025,22199
2015-11-03,16.13,16.125,141511,16.93,16.925,100841,18.25,18.275,22230
2015-11-04,16.75,16.725,129724,17.4,17.425,105716,18.65,18.625,21875
2015-11-05,16.05,16.025,122183,16.8,16.825,111050,18.2,18.225,21665
2015-11-06,15.7,15.675,117294,16.5,16.475,120489,17.95,17.975,22272
2015-11-09,17.04,17.025,115310,17.47,17.475,133990,18.55,18.525,22223
2015-11-10,16.25,16.225,101313,16.9,16.925,131479,18.2,18.225,22216
2015-11-11,16.8,16.775,93154,17.4,17.375,140011,18.5,18.475,21933
2015-11-12,18.58,18.575,83700,18.75,18.725,143877,19.5,19.525,22266
2015-11-13,20.34,20.325,69666,19.87,19.875,147859,20.35,20.375,22183
2015-11-16,18.1,18.075,56847,17.85,17.875,152608,18.85,18.875,22339
2015-11-17,18.95,18.975,56847,18.55,18.525,163214,19.18,19.175,22904
2015-11-18,18.65,18.975,56847,17.8,17.775,164883,18.8,18.775,24281
2015-11-19,18.15,18.175,161230,18.85,18.825,35572,19.45,19.475,19225
2015-11-20,17.4,17.425,157880,18.3,18.275,39214,19.15,19.175,19026
2015-11-23,17.0,17.025,154580,17.8,17.825,46416,18.79,18.775,18720
2015-11-24,17.45,17.425,157170,18.3,18.325,53474,19.2,19.225,18382
2015-11-25,16.8,16.775,150397,17.75,17.775,58932,18.9,18.875,18090
2015-11-27,17.175,17.175,151341,18.035,18.025,66880,18.955,18.975,17947
2015-11-30,17.0,16.975,144060,17.8,17.775,70780,18.75,18.775,18286
2015-12-01,16.15,16.125,136981,17.1,17.125,77162,18.24,18.225,18506
2015-12-02,16.8,16.775,137967,17.55,17.575,91667,18.5,18.525,18630
2015-12-03,18.35,18.325,127057,18.5,18.525,96394,19.2,19.225,18942
2015-12-04,16.25,16.225,116861,17.3,17.325,105698,18.35,18.35,18107
2015-12-07,16.5,16.525,116861,17.5,17.525,105698,18.4,18.425,18107
2015-12-08,17.8,17.775,103192,18.3,18.325,111430,18.95,18.975,18645
2015-12-09,18.99,18.975,92504,19.0,19.025,116468,19.4,19.425,18427
2015-12-10,19.35,19.325,84025,19.1,19.125,122505,19.65,19.625,18331
2015-12-11,23.7,23.65,67949,21.95,21.925,130987,21.4,21.425,18751
2015-12-14,22.45,22.425,52953,20.42,20.425,142431,20.43,20.425,19629
2015-12-15,20.64,20.625,52953,18.9,18.875,153283,19.4,19.375,17921
2015-12-16,19.9,20.625,52953,18.1,18.125,156650,18.94,18.925,18780
2015-12-17,19.3,19.275,153057,19.59,19.575,39435,20.05,20.075,17343
2015-12-18,20.4,20.425,140194,20.57,20.575,44156,20.83,20.825,16305
2015-12-21,18.81,18.825,142651,19.25,19.275,47556,19.88,19.875,14833
2015-12-22,17.85,17.825,133827,18.45,18.475,52172,19.29,19.275,14784
2015-12-23,17.9,17.875,134258,18.6,18.575,58656,19.3,19.325,15266
2015-12-24,18.235,18.225,136880,18.835,18.825,61993,19.475,19.475,14902
2015-12-28,17.8,17.825,131161,18.3,18.325,65545,18.95,18.975,14954
2015-12-29,17.5,17.475,124673,18.05,18.075,72520,18.7,18.725,14389
2015-12-30,18.3,18.35,125821,18.8,18.775,81012,19.25,19.275,14583
2015-12-31,18.5,18.525,114361,18.85,18.875,79288,19.35,19.35,14646
2016-01-04,19.8,19.825,109371,19.55,19.525,83380,19.75,19.775,14456
2016-01-05,19.45,19.425,102914,19.3,19.275,88146,19.5,19.475,14969
2016-01-06,20.34,20.325,94080,19.85,19.825,90850,19.85,19.875,15360
2016-01-07,23.54,23.525,85210,21.76,21.775,95647,21.1,21.125,15062
2016-01-08,25.25,25.275,88072,23.1,23.075,103600,22.08,22.1,17244
2016-01-11,23.45,23.475,78675,21.95,21.975,106415,21.6,21.625,16881
2016-01-12,22.05,22.075,72413,21.1,21.075,112614,20.83,20.825,17100
2016-01-13,24.75,24.725,63643,23.15,23.125,111272,22.35,22.375,16117
2016-01-14,23.55,23.575,59288,22.3,22.275,118935,21.77,21.8,17403
2016-01-15,26.5,26.475,52961,24.35,24.35,129489,23.3,23.35,17089
2016-01-19,25.85,25.85,52961,24.05,24.025,140446,23.13,23.125,19333
2016-01-20,28.3,27.4,52961,24.7,24.725,146155,23.56,23.575,19669
2016-01-21,25.1,25.075,147626,24.1,24.075,32357,23.35,23.325,17536
2016-01-22,22.7,22.725,142972,22.2,22.175,36130,21.88,21.875,17956
2016-01-25,24.0,24.025,140797,23.2,23.175,43196,22.65,22.625,17057
2016-01-26,22.95,22.925,131199,22.2,22.225,46649,21.9,21.925,17335
2016-01-27,23.75,23.775,125760,22.9,22.925,51466,22.46,22.475,17173
2016-01-28,23.25,23.275,123712,22.45,22.475,56567,22.1,22.125,17399
2016-01-29,21.65,21.625,113522,21.35,21.325,60939,21.33,21.325,17593
2016-02-01,21.55,21.525,109771,21.2,21.225,68670,21.1,21.125,17314
2016-02-02,23.15,23.175,109165,22.4,22.425,71924,22.03,22.0,17087
2016-02-03,22.75,22.775,99278,22.2,22.175,74756,21.85,21.9,17245
2016-02-04,23.05,23.075,87877,22.5,22.475,82880,22.19,22.175,18053
2016-02-05,24.12,24.125,81728,23.09,23.05,90013,22.6,22.625,19123
2016-02-08,25.4,25.425,78661,23.95,23.975,97798,23.15,23.175,17609
2016-02-09,26.1,26.125,69809,24.5,24.475,98944,23.58,23.575,18068
2016-02-10,26.28,26.275,65240,24.63,24.625,107120,23.65,23.675,18220
2016-02-11,28.15,28.125,56657,25.8,25.775,115440,24.75,24.725,18104
2016-02-12,26.85,26.875,52239,25.1,25.125,140455,24.5,24.525,19517
2016-02-16,24.72,24.725,52239,23.85,23.825,140082,23.73,23.725,20011
2016-02-17,24.05,24.725,52239,22.92,22.925,140444,23.07,23.075,19818
2016-02-18,22.8,22.775,139880,23.18,23.175,35526,23.2,23.175,16673
2016-02-19,22.37,22.375,138106,22.77,22.75,38571,22.85,22.875,16940
2016-02-22,21.0,21.025,129068,21.6,21.625,41032,22.03,22.025,16619
2016-02-23,22.15,22.175,128644,22.5,22.525,47353,22.69,22.675,16829
2016-02-24,21.75,21.775,123519,22.15,22.125,50246,22.45,22.425,16645
2016-02-25,20.82,20.825,117306,21.42,21.425,52605,21.95,21.975,18126
2016-02-26,21.5,21.475,117766,21.8,21.825,60071,22.25,22.275,17857
2016-02-29,21.78,21.775,115449,22.17,22.175,63432,22.55,22.575,17972
2016-03-01,19.4,19.425,113715,20.3,20.325,67504,21.19,21.175,18286
2016-03-02,19.3,19.275,118699,20.25,20.275,79006,21.05,21.075,18006
2016-03-03,18.35,18.325,116308,19.5,19.525,86100,20.45,20.475,18068
2016-03-04,18.95,18.925,112470,20.0,20.025,98199,20.9,20.875,18287
2016-03-07,18.6,18.575,106392,19.8,19.825,103777,20.65,20.675,18909
2016-03-08,19.65,19.625,101688,20.65,20.675,109784,21.3,21.325,19228
2016-03-09,19.1,19.075,91701,20.15,20.125,116773,20.95,20.975,19582
2016-03-10,18.95,18.95,82226,19.92,19.925,123239,20.85,20.825,19555
2016-03-11,17.65,17.625,73705,19.05,19.1,130283,20.25,20.275,19689
2016-03-14,17.45,17.425,64159,18.8,18.825,148047,19.95,19.975,20185
2016-03-15,16.9,16.9,64159,19.05,19.075,163963,20.3,20.325,20479
2016-03-16,17.0,16.9,64159,18.25,18.275,176917,19.8,19.825,21676
2016-03-17,17.78,17.775,189411,18.8,18.825,37891,20.1,20.075,19634
2016-03-18,17.75,17.725,190338,18.85,18.875,45071,20.1,20.125,19606
2016-03-21,17.0,16.975,188047,18.37,18.375,49655,19.77,19.75,19023
2016-03-22,16.85,16.825,181868,18.35,18.375,55453,19.75,19.775,18556
2016-03-23,17.75,17.725,181532,19.2,19.225,61341,20.4,20.425,18789
2016-03-24,17.4,17.375,175179,19.05,19.075,66538,20.3,20.325,18495
2016-03-28,17.14,17.125,169139,18.76,18.775,70097,20.05,20.075,18935
2016-03-29,16.05,16.075,166493,17.8,17.825,78423,19.35,19.375,19128
2016-03-30,15.85,15.85,163157,17.47,17.475,87859,19.05,19.075,20067
2016-03-31,15.92,15.925,163160,17.65,17.625,105031,19.05,19.075,20151
2016-04-01,15.42,15.425,161474,17.18,17.175,114340,18.72,18.725,21185
2016-04-04,15.95,15.925,161767,17.6,17.625,123905,19.05,19.025,20950
2016-04-05,16.8,16.775,158432,18.45,18.425,134702,19.6,19.625,20961
2016-04-06,15.65,15.625,152545,17.4,17.425,141507,18.95,18.975,22116
2016-04-07,17.27,17.275,144496,18.88,18.875,147826,20.05,20.075,22138
2016-04-08,16.7,16.675,136475,18.5,18.525,158054,19.85,19.875,22087
2016-04-11,17.1,17.075,126749,19.0,19.025,162721,20.33,20.325,22391
2016-04-12,15.95,15.925,119838,18.25,18.275,171712,19.85,19.875,22560
2016-04-13,14.85,14.825,113995,17.45,17.475,176431,19.35,19.4,24807
2016-04-14,14.7,14.675,110814,17.25,17.275,192880,19.3,19.325,24582
2016-04-15,14.73,14.725,110814,17.07,17.075,192880,19.25,19.275,24582
2016-04-18,13.83,13.825,81361,16.22,16.225,236969,18.35,18.375,30074
2016-04-19,13.25,13.25,81361,16.22,16.225,251064,18.55,18.525,30610
2016-04-20,12.66,13.25,81361,16.45,16.425,270019,18.8,18.775,32034
2016-04-21,16.8,16.775,269566,18.45,18.475,71090,19.65,19.675,30833
2016-04-22,16.2,16.175,262526,18.0,18.025,79253,19.4,19.375,31256
2016-04-25,16.25,16.225,251197,18.15,18.175,86207,19.45,19.475,31705
2016-04-26,15.95,15.925,242312,18.0,18.025,94644,19.35,19.375,32927
2016-04-27,15.45,15.475,235340,17.6,17.625,105771,19.0,19.025,32659
2016-04-28,16.5,16.475,227239,18.47,18.475,110933,19.69,19.675,32257
2016-04-29,16.9,16.875,221012,18.95,18.975,123204,20.05,20.075,32721
2016-05-02,15.8,15.775,208950,18.16,18.175,128586,19.55,19.575,34717
2016-05-03,16.62,16.625,200236,18.93,18.925,137753,20.15,20.125,35081
2016-05-04,16.9,16.875,191587,19.05,19.075,145998,20.3,20.325,34435
2016-05-05,16.75,16.725,176857,19.05,19.075,154191,20.3,20.325,35432
2016-05-06,15.73,15.725,167892,18.32,18.325,161931,19.85,19.875,38143
2016-05-09,15.5,15.475,160329,18.0,18.025,177377,19.7,19.725,37674
2016-05-10,14.5,14.525,150687,17.15,17.125,192828,19.05,19.05,34108
2016-05-11,15.65,15.625,131707,17.96,17.975,211298,19.6,19.625,34412
2016-05-12,15.22,15.225,110044,17.48,17.475,233188,19.3,19.325,34575
2016-05-13,15.87,15.875,87271,18.07,18.075,248705,19.69,19.675,34030
2016-05-16,15.15,15.125,69986,17.4,17.425,263282,19.1,19.15,33747
2016-05-17,15.42,15.425,69986,18.0,18.0,277852,19.75,19.775,33543
2016-05-18,15.6,15.425,69986,18.1,18.075,287647,19.89,19.875,34929
2016-05-19,18.0,17.975,277128,19.3,19.325,64133,20.5,20.525,23737
2016-05-20,17.35,17.325,260971,18.95,18.95,69546,20.3,20.325,23805
2016-05-23,17.6,17.575,253348,19.05,19.075,74119,20.2,20.225,24424
2016-05-24,16.5,16.475,250821,18.2,18.225,82162,19.6,19.625,25245
2016-05-25,16.2,16.175,244044,18.01,18.025,90409,19.5,19.525,24923
2016-05-26,15.85,15.825,235202,17.8,17.825,104199,19.35,19.375,24452
2016-05-27,15.4,15.375,235101,17.61,17.625,117297,19.2,19.225,25181
2016-05-31,15.3,15.275,224063,17.45,17.475,124488,19.05,19.075,25982
2016-06-01,15.3,15.275,215865,17.52,17.525,137220,19.05,19.075,27230
2016-06-02,14.85,14.825,205976,17.15,17.175,146280,18.9,18.925,28720
2016-06-03,14.75,14.725,197742,17.1,17.125,157126,18.9,18.925,28994
2016-06-06,14.5,14.475,186360,16.85,16.875,167458,18.9,18.925,29941
2016-06-07,14.75,14.725,178907,16.85,16.875,189269,18.95,19.0,29835
2016-06-08,15.0,14.975,156925,16.86,16.875,209810,19.05,19.075,29425
2016-06-09,15.49,15.475,129803,17.17,17.175,225711,19.4,19.425,29555
2016-06-10,17.5,17.525,105914,18.45,18.425,242166,20.1,20.15,30248
2016-06-13,21.35,21.325,84024,21.25,21.225,256799,21.65,21.675,30194
2016-06-14,20.55,20.575,84024,20.85,20.875,259902,21.4,21.375,29715
2016-06-15,19.9,20.575,84024,20.57,20.575,236437,21.18,21.175,29098
2016-06-16,20.05,20.025,227910,20.4,20.425,69524,21.1,21.125,25183
2016-06-17,20.1,20.075,218761,20.45,20.475,75144,21.23,21.225,24875
2016-06-20,18.5,18.475,219562,19.26,19.275,81596,20.32,20.325,24374
2016-06-21,18.7,18.675,219562,19.3,19.325,81596,20.28,20.275,24374
2016-06-22,19.45,19.425,198760,19.68,19.675,91241,20.2,20.25,23722
2016-06-23,16.7,16.675,198760,17.6,17.625,91241,19.0,18.975,23722
2016-06-24,22.7,22.65,201740,22.1,22.125,101408,22.03,22.0,25067
2016-06-27,23.7,23.65,205791,23.0,23.025,107564,22.9,22.9,25324
2016-06-28,18.9,18.875,190104,19.35,19.375,107616,20.53,20.525,25671
2016-06-29,17.48,17.475,165158,18.53,18.55,106995,19.94,19.925,24822
2016-06-30,16.98,16.975,165158,18.34,18.325,106995,19.8,19.775,24822
2016-07-01,16.8,16.775,159926,18.2,18.25,128329,19.9,19.925,23972
2016-07-05,16.85,16.825,158491,18.3,18.325,138280,19.95,19.975,25554
2016-07-06,16.15,16.175,152216,17.8,17.825,144639,19.72,19.725,26735
2016-07-07,15.95,15.925,146804,17.7,17.675,155380,19.6,19.625,27588
2016-07-08,14.8,14.775,135414,16.76,16.775,165302,19.1,19.15,27871
2016-07-11,14.65,14.625,132620,16.75,16.725,178038,19.0,19.025,27898
2016-07-12,14.3,14.275,131855,16.2,16.225,192773,18.72,18.725,28069
2016-07-13,14.2,14.175,120161,16.2,16.225,214560,18.6,18.625,28708
2016-07-14,14.05,14.025,106648,16.12,16.125,227292,18.5,18.525,29355
2016-07-15,13.85,13.825,98010,16.3,16.325,246133,18.7,18.725,30419
2016-07-18,13.15,13.075,88919,15.75,15.725,254676,18.4,18.425,31263
2016-07-19,12.2,12.225,88919,15.65,15.675,274086,18.54,18.525,34056
2016-07-20,11.8,11.62,88919,15.48,15.475,284503,18.47,18.475,34203
2016-07-21,15.85,15.825,286412,17.77,17.775,71164,19.25,19.275,28387
2016-07-22,15.4,15.375,281930,17.5,17.525,76001,19.0,19.025,29177
2016-07-25,15.35,15.325,274752,17.55,17.575,84785,19.1,19.125,28120
2016-07-26,15.2,15.175,269139,17.45,17.475,93064,19.0,19.025,28481
2016-07-27,14.8,14.775,262164,17.25,17.275,105176,18.85,18.875,28890
2016-07-28,14.4,14.375,255059,16.92,16.925,113923,18.62,18.625,29553
2016-07-29,13.85,13.825,249458,16.4,16.425,119688,18.2,18.225,31178
2016-08-01,13.65,13.625,245281,16.2,16.225,132513,18.15,18.125,32883
2016-08-02,14.25,14.225,237961,16.65,16.625,140782,18.55,18.575,34671
2016-08-03,13.83,13.825,222568,16.25,16.275,151314,18.35,18.375,33687
2016-08-04,13.45,13.425,210912,15.85,15.875,160694,18.2,18.225,34135
2016-08-05,12.9,12.875,200838,15.35,15.325,175546,17.99,17.975,36119
2016-08-08,12.5,12.475,198921,15.12,15.125,182420,17.7,17.725,37777
2016-08-09,12.4,12.375,192934,14.85,14.875,191650,17.45,17.475,39461
2016-08-10,12.9,12.875,162647,15.15,15.175,218694,17.65,17.625,39452
2016-08-11,12.65,12.625,137801,15.1,15.075,232361,17.65,17.625,40349
2016-08-12,12.35,12.325,116818,15.0,14.975,249139,17.6,17.625,41487
2016-08-15,12.25,12.225,101401,14.8,14.825,263618,17.54,17.525,41243
2016-08-16,12.85,12.825,101401,15.35,15.325,282945,17.89,17.875,40644
2016-08-17,12.65,12.825,101401,14.8,14.825,295930,17.69,17.675,41293
2016-08-18,14.55,14.575,292330,16.57,16.575,88534,18.1,18.075,38998
2016-08-19,14.7,14.675,287630,16.7,16.675,93086,18.18,18.175,40423
2016-08-22,14.74,14.725,278042,16.76,16.775,97270,18.22,18.225,39986
2016-08-23,14.7,14.675,278042,16.86,16.875,97270,18.3,18.325,39986
2016-08-24,15.14,15.125,271860,17.1,17.125,108821,18.45,18.425,41867
2016-08-25,14.95,14.975,267164,16.95,16.925,115112,18.25,18.275,44115
2016-08-26,15.15,15.125,257805,17.02,17.025,120005,18.45,18.425,43827
2016-08-29,14.7,14.675,257805,16.8,16.825,120005,18.3,18.275,43827
2016-08-30,14.55,14.525,243919,16.75,16.775,125282,18.23,18.225,43765
2016-08-31,14.6,14.575,234644,16.72,16.725,135872,18.16,18.175,44577
2016-09-01,14.6,14.575,226699,16.65,16.675,141254,18.1,18.125,44186
2016-09-02,13.95,13.925,222351,16.36,16.375,149986,18.1,18.075,43644
2016-09-06,13.35,13.375,222084,15.9,15.875,159174,17.7,17.725,44624
2016-09-07,13.24,13.225,222366,15.76,15.775,172163,17.65,17.675,45063
2016-09-08,13.39,13.375,219193,15.95,15.925,180678,17.84,17.825,44638
2016-09-09,16.46,16.475,208905,17.9,17.875,190888,19.07,19.075,45105
2016-09-12,15.35,15.325,228578,16.93,16.925,232262,18.43,18.475,50000
2016-09-13,17.76,17.775,151928,18.34,18.325,197725,18.99,18.975,45835
2016-09-14,18.38,18.375,121273,18.88,18.875,193504,19.42,19.425,46568
2016-09-15,17.07,17.075,99471,18.23,18.225,192693,19.07,19.075,47589
2016-09-16,16.0,16.025,88122,17.55,17.525,200293,18.7,18.725,50032
2016-09-19,15.65,15.675,73593,17.15,17.125,204950,18.55,18.525,50772
2016-09-20,15.9,15.875,73593,17.42,17.425,223878,18.74,18.725,54183
2016-09-21,15.3,15.875,73593,16.08,16.075,240900,18.15,18.125,56336
2016-09-22,15.3,15.325,240900,16.87,16.875,70307,18.85,18.875,32438
2016-09-23,15.55,15.575,264218,17.06,17.075,87019,18.95,18.925,32890
2016-09-26,16.28,16.275,252234,17.37,17.375,95684,19.05,19.025,33444
2016-09-27,15.53,15.525,246839,16.88,16.875,94489,18.65,18.625,34932
2016-09-28,15.25,15.225,244719,16.7,16.725,96622,18.5,18.5,34876
2016-09-29,15.94,15.925,241547,17.05,17.025,105267,18.7,18.7,34172
2016-09-30,15.8,15.775,236827,16.99,16.95,115644,18.54,18.5,34524
2016-10-03,15.49,15.475,230027,16.77,16.775,118077,18.39,18.375,32875
2016-10-04,15.34,15.325,221677,16.61,16.625,122174,18.15,18.175,32628
2016-10-05,15.15,15.125,210425,16.65,16.675,130736,18.33,18.325,32914
2016-10-06,15.0,14.975,205950,16.52,16.525,139987,18.27,18.275,32826
2016-10-07,15.35,15.325,198118,16.72,16.725,151693,18.41,18.425,33557
2016-10-10,14.69,14.675,185098,16.32,16.325,158312,18.12,18.125,33723
2016-10-11,15.8,15.825,175121,17.0,16.975,171663,18.5,18.525,34283
2016-10-12,16.35,16.325,148712,17.2,17.225,181947,18.71,18.725,35335
2016-10-13,17.03,17.025,140151,17.52,17.525,195551,18.9,18.925,37319
2016-10-14,16.65,16.625,98184,17.3,17.325,199363,18.75,18.775,34661
2016-10-17,16.55,16.525,81232,17.1,17.125,207741,18.56,18.575,34483
2016-10-18,15.74,15.675,81232,16.65,16.625,223531,18.4,18.375,35318
2016-10-19,15.2,15.675,81232,16.08,16.075,243648,18.11,18.125,36523
2016-10-20,15.8,15.775,247494,16.65,16.675,98983,18.59,18.575,21947
2016-10-21,15.58,15.575,245455,16.52,16.525,99506,18.42,18.425,21973
2016-10-24,14.95,14.925,240421,16.05,16.075,102239,18.04,18.025,22287
2016-10-25,15.25,15.225,240421,16.23,16.225,102239,18.1,18.075,22287
2016-10-26,15.65,15.625,220850,16.47,16.475,111800,18.3,18.275,23450
2016-10-27,16.09,16.075,212795,16.86,16.875,118016,18.62,18.625,24078
2016-10-28,16.65,16.625,201726,17.08,17.1,122970,18.72,18.725,24095
2016-10-31,17.25,17.225,189196,17.41,17.425,128292,18.8,18.775,24824
2016-11-01,17.85,17.825,181189,17.9,17.875,133795,19.15,19.125,25630
2016-11-02,18.55,18.525,168146,18.25,18.225,139136,19.3,19.275,26611
2016-11-03,19.8,19.775,156402,19.01,19.025,144671,19.94,19.925,26643
2016-11-04,19.32,19.325,156402,18.98,18.975,144671,19.9,19.875,26643
2016-11-07,16.02,16.025,135016,16.58,16.575,158824,18.15,18.125,28791
2016-11-08,16.0,15.975,120338,16.6,16.575,166308,18.18,18.175,28068
2016-11-09,14.87,14.875,104574,15.73,15.725,175583,17.57,17.575,26296
2016-11-10,15.33,15.325,89611,16.27,16.275,187028,17.95,17.925,26090
2016-11-11,14.9,14.925,78298,16.11,16.125,203295,17.95,17.925,25096
2016-11-14,14.5,14.475,63965,15.98,15.975,205875,17.93,17.925,26979
2016-11-15,13.2,13.2,63965,15.3,15.275,220904,17.74,17.725,27313
2016-11-16,13.85,13.2,63965,15.6,15.575,248133,17.82,17.825,29974
2016-11-17,15.03,15.025,248133,16.67,16.675,68879,18.05,18.075,21934
2016-11-18,14.95,14.975,218059,16.65,16.675,75362,18.09,18.075,24686
2016-11-21,14.45,14.475,216200,16.27,16.275,78589,17.85,17.825,25843
2016-11-22,14.45,14.425,216200,16.25,16.275,78589,17.83,17.825,25843
2016-11-23,14.45,14.425,208048,16.35,16.375,83820,17.99,17.975,26992
2016-11-25,14.345,14.325,211962,16.155,16.175,86651,17.865,17.875,27358
2016-11-28,14.44,14.425,207915,16.26,16.275,91226,18.0,17.975,27473
2016-11-29,14.3,14.275,202399,16.21,16.225,97933,17.95,17.925,28744
2016-11-30,14.51,14.525,201262,16.3,16.275,101255,17.98,17.975,28819
2016-12-01,15.05,15.025,195717,16.69,16.675,109253,18.2,18.175,28655
2016-12-02,15.09,15.075,182228,16.77,16.775,113293,18.33,18.325,28823
2016-12-05,13.5,13.525,174127,15.65,15.675,118183,17.7,17.725,28677
2016-12-06,13.1,13.125,172871,15.4,15.375,130169,17.51,17.525,29509
2016-12-07,13.3,13.325,172257,15.45,15.475,139570,17.55,17.55,30028
2016-12-08,13.43,13.425,166989,15.53,15.525,149207,17.65,17.625,29711
2016-12-09,13.05,13.025,155889,15.21,15.225,153580,17.4,17.425,29946
2016-12-12,13.45,13.425,153491,15.55,15.575,161662,17.6,17.625,30002
2016-12-13,13.3,13.275,146883,15.45,15.475,168709,17.67,17.675,30513
2016-12-14,13.43,13.425,135831,15.33,15.325,180524,17.45,17.475,29544
2016-12-15,13.02,13.025,119879,15.09,15.075,194322,17.5,17.475,30856
2016-12-16,12.74,12.725,102825,15.0,14.975,202626,17.43,17.425,32335
2016-12-19,12.15,12.125,86037,14.48,14.475,210906,17.15,17.125,32239
2016-12-20,11.55,11.575,86037,14.24,14.225,227844,16.98,16.975,32812
2016-12-21,11.45,11.575,86037,14.05,14.025,243488,16.9,16.925,32112
2016-12-22,14.28,14.275,230380,16.0,15.975,82263,18.1,18.125,23066
2016-12-23,14.29,14.275,226107,16.01,16.025,84538,18.14,18.125,22491
2016-12-27,14.0,13.975,226107,15.8,15.8,84538,18.0,17.975,22491
2016-12-28,14.63,14.625,215475,16.22,16.225,96824,18.2,18.175,23000
2016-12-29,14.84,14.825,204303,16.36,16.375,98883,18.29,18.275,23227
2016-12-30,15.1,15.125,196683,16.58,16.575,101265,18.43,18.425,23537
2017-01-03,13.79,13.775,187044,15.55,15.575,104119,17.78,17.775,23264
2017-01-04,13.19,13.175,183892,14.97,14.975,117947,17.3,17.275,23864
2017-01-05,13.05,13.025,182419,14.8,14.825,135894,17.2,17.175,24348
2017-01-06,12.9,12.875,175022,14.65,14.675,147020,17.05,17.025,24611
2017-01-09,12.95,12.925,171793,14.5,14.525,161449,16.9,16.925,24618
2017-01-10,12.9,12.875,157157,14.5,14.475,184267,16.9,16.875,25705
2017-01-11,12.55,12.525,157157,14.25,14.225,184267,16.7,16.725,25705
2017-01-12,12.5,12.475,119179,14.35,14.325,227488,16.9,16.875,27654
2017-01-13,12.2,12.175,99327,14.2,14.225,252535,16.97,16.975,29211
2017-01-17,12.2,12.175,99327,14.2,14.175,276369,17.0,17.025,30798
2017-01-18,11.86,12.52,99327,14.2,14.175,307567,16.8,16.825,33857
2017-01-19,14.25,14.225,282442,15.55,15.575,82153,17.35,17.375,33320
2017-01-20,13.82,13.825,265965,15.23,15.225,85019,17.14,17.125,33023
2017-01-23,13.55,13.575,266599,14.95,14.975,89938,16.9,16.875,33288
2017-01-24,13.03,13.025,256366,14.38,14.375,89653,16.35,16.325,33520
2017-01-25,12.75,12.725,256863,14.16,14.175,96558,16.15,16.125,33758
2017-01-26,12.7,12.675,256863,14.14,14.125,96558,16.18,16.175,33758
2017-01-27,12.55,12.525,239188,14.12,14.125,106334,16.25,16.275,35700
2017-01-30,12.9,12.875,237490,14.32,14.325,112870,16.34,16.325,36829
2017-01-31,12.95,12.925,219284,14.31,14.325,118644,16.3,16.275,38264
2017-02-01,12.68,12.675,209053,13.98,13.975,124130,16.03,16.025,38928
2017-02-02,12.92,12.925,202837,14.19,14.175,137525,16.22,16.225,40071
2017-02-03,12.47,12.475,197499,13.94,13.925,145823,16.04,16.025,41071
2017-02-06,12.49,12.475,197540,13.95,13.975,157437,16.1,16.075,40942
2017-02-07,12.6,12.575,184108,13.95,13.975,170134,16.12,16.125,42203
2017-02-08,12.6,12.575,171058,13.97,13.975,189737,16.25,16.225,41384
2017-02-09,12.05,12.025,156550,13.72,13.675,215365,16.09,16.075,39709
2017-02-10,11.73,11.725,137787,13.37,13.375,235740,16.03,16.025,40429
2017-02-13,11.4,11.425,126243,13.05,13.075,263647,15.65,15.65,42061
2017-02-14,11.1,11.175,126243,12.3,12.3,290263,15.0,14.975,44541
2017-02-15,11.5,12.26,126243,12.85,12.875,330595,14.75,14.775,44747
2017-02-16,12.96,12.975,303771,14.15,14.175,129414,15.69,15.675,31054
2017-02-17,13.25,13.125,283876,14.25,14.35,133238,15.8,15.775,30588
2017-02-21,13.2,13.175,278279,14.5,14.525,138545,15.96,15.975,30821
2017-02-22,13.21,13.225,271214,14.64,14.625,141617,16.06,16.075,30716
2017-02-23,13.52,13.525,265033,15.23,15.225,151065,16.55,16.525,30956
2017-02-24,13.35,13.325,259854,15.2,15.25,160722,16.68,16.675,32316
2017-02-27,13.3,13.275,251240,15.1,15.125,174642,16.3,16.325,33231
2017-02-28,13.51,13.525,249572,15.32,15.325,181013,16.44,16.425,33861
2017-03-01,13.28,13.275,238423,15.07,15.075,185674,16.32,16.325,33483
2017-03-02,13.25,13.275,235852,15.03,15.025,191639,16.41,16.425,33444
2017-03-03,12.85,12.825,230386,14.58,14.575,196410,16.07,16.075,33592
2017-03-06,12.65,12.675,226268,14.4,14.425,200267,15.99,15.975,34016
2017-03-07,12.64,12.625,227188,14.45,14.475,206547,16.05,16.025,33712
2017-03-08,12.67,12.675,220357,14.45,14.425,211669,15.98,15.975,33130
2017-03-09,12.8,12.775,213137,14.45,14.425,216489,15.95,15.925,32880
2017-03-10,12.55,12.525,207158,14.2,14.2,224559,15.79,15.775,32956
2017-03-13,12.13,12.125,205105,13.85,13.875,232089,15.65,15.65,32749
2017-03-14,12.63,12.625,205856,14.08,14.075,242913,15.75,15.775,31948
2017-03-15,12.29,12.275,176750,13.71,13.725,254946,15.54,15.525,32649
2017-03-16,11.91,11.925,167571,13.25,13.275,269484,15.24,15.225,31794
2017-03-17,11.75,11.775,152066,13.25,13.275,284701,15.1,15.075,33296
2017-03-20,11.63,11.625,152066,13.18,13.175,284701,14.99,14.975,33296
2017-03-21,12.18,12.175,128062,13.77,13.775,314047,15.35,15.375,34781
2017-03-22,12.15,12.175,128062,13.92,13.925,326162,15.27,15.275,34702
2017-03-23,14.3,14.275,305652,14.77,14.775,90782,16.2,16.225,37030
2017-03-24,13.95,13.925,292039,14.35,14.4,91230,15.91,15.925,36305
2017-03-27,13.6,13.575,278598,14.05,14.075,92509,15.53,15.525,36377
2017-03-28,12.92,12.925,267352,13.56,13.55,99655,15.22,15.225,36073
2017-03-29,12.94,12.925,274554,13.5,13.525,105015,15.07,15.075,36020
2017-03-30,12.82,12.825,267246,13.35,13.375,111377,15.05,15.025,36623
2017-03-31,13.28,13.275,254080,13.58,13.575,120991,15.0,15.025,36406
2017-04-03,13.48,13.475,246023,13.58,13.575,128373,15.08,15.075,36589
2017-04-04,13.24,13.225,227610,13.37,13.375,133934,14.95,14.925,36798
2017-04-05,13.9,13.875,225254,13.85,13.875,146218,15.3,15.275,35217
2017-04-06,13.6,13.575,215943,13.55,13.525,157013,14.96,14.975,36361
2017-04-07,14.05,14.025,204078,13.86,13.875,170630,15.25,15.225,35999
2017-04-10,15.05,15.025,204078,14.33,14.325,170630,15.44,15.425,35999
2017-04-11,16.0,15.975,187424,14.53,14.525,185265,15.53,15.525,36984
2017-04-12,16.3,16.275,165774,14.95,14.925,222509,15.59,15.575,42415
2017-04-13,16.3,16.325,148453,15.2,15.225,222509,15.85,15.825,42415
2017-04-17,15.07,15.075,96563,14.3,14.325,231382,15.22,15.225,44902
2017-04-18,14.7,14.725,96563,14.32,14.325,233267,15.17,15.175,45290
2017-04-19,14.3,14.725,96563,14.58,14.575,237515,15.12,15.125,46574
2017-04-20,14.32,14.325,230648,14.34,14.325,74681,15.38,15.375,34248
2017-04-21,14.3,14.325,226136,14.24,14.225,78766,15.15,15.175,35250
2017-04-24,12.68,12.675,220862,13.3,13.325,82548,14.7,14.725,38088
2017-04-25,12.5,12.475,220862,13.1,13.125,82548,14.4,14.425,38088
2017-04-26,12.35,12.375,240623,13.19,13.175,107756,14.55,14.525,38391
2017-04-27,12.4,12.375,237041,13.1,13.125,114961,14.58,14.575,38492
2017-04-28,12.25,12.275,230462,13.11,13.125,122933,14.48,14.475,38903
2017-05-01,11.85,11.825,226371,12.6,12.625,125695,14.12,14.125,39173
2017-05-02,11.8,11.825,228413,12.82,12.825,138573,14.2,14.225,39748
2017-05-03,12.1,12.075,221347,12.95,12.975,152485,14.35,14.325,41136
2017-05-04,11.73,11.725,208449,12.67,12.675,161888,14.11,14.125,41398
2017-05-05,11.78,11.775,206389,12.67,12.675,179427,14.22,14.225,41031
2017-05-08,11.4,11.425,197073,12.5,12.475,191179,14.33,14.325,41527
2017-05-09,11.4,11.425,194574,12.48,12.475,212357,14.35,14.325,40651
2017-05-10,11.55,11.525,176074,12.47,12.475,238935,14.4,14.425,41485
2017-05-11,11.45,11.425,162722,12.61,12.625,262115,14.35,14.375,40740
2017-05-12,11.24,11.225,140919,12.41,12.425,267645,14.4,14.425,43610
2017-05-15,10.85,10.825,125711,12.15,12.175,283225,14.15,14.175,43628
2017-05-16,11.1,11.075,125711,12.1,12.075,310026,14.13,14.125,44521
2017-05-17,12.2,11.075,125711,14.23,14.225,333228,14.98,14.975,47917
2017-05-18,14.25,14.275,296613,14.6,14.575,89378,15.89,15.875,45680
2017-05-19,12.75,12.725,275496,13.45,13.475,92035,15.2,15.225,42500
2017-05-22,12.2,12.225,263645,13.15,13.175,101826,14.95,14.975,40094
2017-05-23,12.35,12.325,257396,13.31,13.325,108618,15.19,15.175,40079
2017-05-24,11.96,11.975,258254,13.0,12.975,116545,15.05,15.075,39078
2017-05-25,12.05,12.025,272865,13.03,13.025,127308,15.07,15.075,38973
2017-05-26,11.95,11.925,270479,12.93,12.925,135076,14.96,14.95,38629
2017-05-30,11.83,11.825,269752,12.73,12.725,141949,14.73,14.725,39426
2017-05-31,11.8,11.825,261042,12.7,12.675,151092,14.69,14.675,40898
2017-06-01,11.63,11.625,248457,12.4,12.425,163026,14.53,14.525,44057
2017-06-02,11.64,11.625,250714,12.52,12.525,179581,14.59,14.575,44697
2017-06-05,11.79,11.775,244373,12.61,12.625,192041,14.6,14.625,45231
2017-06-06,11.95,11.975,239497,12.85,12.825,202608,14.8,14.775,45260
2017-06-07,11.89,11.875,224494,12.72,12.725,206751,14.71,14.725,45171
2017-06-08,11.6,11.625,216692,12.51,12.525,215287,14.55,14.525,44807
2017-06-09,11.73,11.725,213808,12.55,12.575,227029,14.45,14.5,44451
2017-06-12,11.88,11.875,202017,12.68,12.675,233791,14.5,14.525,45025
2017-06-13,11.45,11.425,186044,12.25,12.275,245604,14.3,14.325,46829
2017-06-14,11.48,11.475,166062,12.3,12.275,272023,14.23,14.225,45017
2017-06-15,11.55,11.525,156220,12.43,12.425,285413,14.4,14.375,46475
2017-06-16,11.32,11.325,131406,12.34,12.325,281797,14.17,14.175,46904
2017-06-19,10.9,10.875,110921,12.15,12.125,283489,13.95,13.95,47701
2017-06-20,11.15,11.125,110921,12.1,12.075,298174,13.88,13.875,52970
2017-06-21,11.15,11.125,110921,12.2,12.175,298521,13.81,13.825,57091
2017-06-22,11.99,11.975,286400,12.72,12.725,95235,14.59,14.575,36870
2017-06-23,11.9,11.875,280308,12.63,12.625,103610,14.52,14.5,35985
2017-06-26,11.6,11.625,283477,12.35,12.375,113809,14.25,14.225,35955
2017-06-27,12.05,12.025,280549,12.65,12.675,121961,14.35,14.375,38238
2017-06-28,11.7,11.675,265674,12.5,12.475,126219,14.3,14.275,39102
2017-06-29,12.0,12.025,259537,12.64,12.625,135551,14.37,14.375,38765
2017-06-30,12.3,12.325,247726,12.7,12.675,145161,14.44,14.425,39402
2017-07-03,12.585,12.575,233126,12.955,12.975,159806,14.585,14.575,39299
2017-07-05,12.33,12.325,221850,12.93,12.925,165104,14.58,14.575,38267
2017-07-06,13.05,13.025,213403,13.42,13.425,173226,14.89,14.875,39214
2017-07-07,12.56,12.575,198129,13.08,13.075,177184,14.77,14.775,39046
2017-07-10,12.2,12.225,186191,12.85,12.825,189446,14.5,14.475,39239
2017-07-11,12.15,12.125,175903,12.66,12.675,201302,14.31,14.325,40149
2017-07-12,11.55,11.525,155147,12.4,12.425,220365,14.12,14.125,40946
2017-07-13,11.1,11.075,149010,12.37,12.375,249522,14.05,14.025,41350
2017-07-14,10.56,10.575,134006,12.04,12.025,256910,13.7,13.7,42591
2017-07-17,10.3,10.275,111803,11.91,11.925,279328,13.66,13.675,43086
2017-07-18,10.15,10.125,111803,11.75,11.775,303512,13.7,13.725,43957
2017-07-19,9.85,10.125,111803,11.55,11.525,327683,13.55,13.525,45102
2017-07-20,11.48,11.475,326839,12.71,12.725,108818,14.05,14.075,36354
2017-07-21,11.4,11.375,329200,12.65,12.675,118847,14.0,14.025,36379
2017-07-24,11.32,11.325,311421,12.53,12.525,123213,13.9,13.875,35944
2017-07-25,11.15,11.175,310424,12.56,12.575,131490,13.95,13.925,35524
2017-07-26,11.3,11.275,304683,12.64,12.625,140312,13.92,13.925,36176
2017-07-27,11.45,11.425,299284,12.62,12.625,148209,13.82,13.825,37168
2017-07-28,11.35,11.375,284679,12.63,12.625,157315,13.83,13.825,39730
2017-07-31,11.25,11.275,270699,12.47,12.475,168423,13.68,13.675,40071
2017-08-01,11.25,11.225,261292,12.4,12.425,176578,13.55,13.525,39811
2017-08-02,11.3,11.275,253898,12.6,12.625,196597,13.7,13.725,39440
2017-08-03,11.35,11.325,242646,12.7,12.725,206348,13.85,13.875,39815
2017-08-04,11.3,11.275,232080,12.75,12.775,218887,13.98,13.975,40323
2017-08-07,11.1,11.125,222434,12.55,12.575,233696,13.87,13.875,41079
2017-08-08,11.55,11.525,212979,12.9,12.925,253618,14.18,14.175,41453
2017-08-09,11.71,11.725,183319,13.09,13.075,276393,14.3,14.325,42180
2017-08-10,15.55,15.525,158440,15.2,15.175,288148,15.4,15.425,46165
2017-08-11,15.4,15.425,122739,15.3,15.275,281333,15.75,15.725,48832
2017-08-14,12.5,12.45,91136,13.2,13.175,275568,14.3,14.325,45947
2017-08-15,12.32,12.325,91136,13.2,13.175,293459,14.45,14.425,42799
2017-08-16,12.16,12.325,91136,13.1,13.075,315907,14.2,14.225,45502
2017-08-17,14.92,14.925,308136,15.0,15.025,83057,15.15,15.175,52764
2017-08-18,14.97,14.975,309392,15.13,15.125,84258,15.35,15.325,53894
2017-08-21,14.1,14.125,284947,14.6,14.625,88058,14.98,14.975,53877
2017-08-22,12.95,12.975,284947,13.65,13.675,88058,14.38,14.375,53877
2017-08-23,13.6,13.625,274624,14.25,14.225,108634,14.79,14.775,50932
2017-08-24,13.4,13.425,271914,14.13,14.125,114863,14.67,14.675,52039
2017-08-25,13.09,13.075,263067,14.01,14.025,128501,14.62,14.6,53867
2017-08-28,13.05,13.025,260968,13.92,13.925,136556,14.55,14.525,55419
2017-08-29,13.2,13.175,254165,14.0,14.025,140977,14.55,14.575,55166
2017-08-30,13.15,13.175,247094,14.08,14.075,144151,14.64,14.625,55622
2017-08-31,12.6,12.625,237875,13.7,13.725,151164,14.43,14.425,56867
2017-09-01,12.6,12.625,239002,13.75,13.775,168294,14.45,14.425,56177
2017-09-05,13.19,13.175,234379,14.02,14.025,187816,14.6,14.575,57753
2017-09-06,13.15,13.175,224200,14.2,14.175,201352,14.93,14.925,58078
2017-09-07,12.85,12.825,202858,14.05,14.075,199833,14.93,14.925,58182
2017-09-08,13.25,13.275,192406,14.34,14.325,205922,15.05,15.075,57573
2017-09-11,12.08,12.075,178697,13.68,13.675,214109,14.77,14.775,57375
2017-09-12,11.85,11.875,178460,13.35,13.375,241686,14.5,14.525,55256
2017-09-13,11.5,11.525,164173,12.92,12.925,271596,14.23,14.225,55976
2017-09-14,11.45,11.475,148655,13.05,13.025,290124,14.28,14.275,55366
2017-09-15,11.1,11.125,132176,12.9,12.925,308606,14.2,14.175,58164
2017-09-18,10.69,10.675,117520,12.42,12.425,317808,13.8,13.775,60132
2017-09-19,10.82,10.825,117520,12.4,12.425,355129,13.9,13.925,62488
2017-09-20,10.45,10.825,117520,12.3,12.275,362978,13.77,13.775,66459
2017-09-21,12.35,12.325,357807,13.26,13.275,102475,15.0,15.025,47869
2017-09-22,12.45,12.425,351056,13.4,13.425,111583,15.18,15.175,47983
2017-09-25,12.4,12.375,339975,13.35,13.375,120088,15.12,15.125,48225
2017-09-26,12.25,12.275,329134,13.27,13.275,130330,14.95,14.975,48240
2017-09-27,12.19,12.175,320071,13.26,13.275,141732,14.99,14.975,47945
2017-09-28,11.9,11.925,317876,13.1,13.125,149900,14.85,14.875,48536
2017-09-29,11.7,11.675,309719,13.0,13.025,159965,14.77,14.775,49654
2017-10-02,11.35,11.375,301848,12.7,12.675,174888,14.53,14.525,49873
2017-10-03,11.4,11.375,287069,12.75,12.775,193015,14.5,14.475,50314
2017-10-04,11.35,11.325,272721,12.8,12.775,200884,14.47,14.475,51066
2017-10-05,10.8,10.825,259798,12.45,12.475,210709,14.2,14.225,50796
2017-10-06,10.85,10.825,252344,12.5,12.525,227827,14.3,14.325,52316
2017-10-09,11.1,11.125,235348,12.6,12.625,240279,14.4,14.425,52706
2017-10-10,10.94,10.925,218320,12.3,12.325,247479,14.25,14.275,53308
2017-10-11,10.8,10.775,189417,12.18,12.175,274212,14.1,14.075,53126
2017-10-12,10.58,10.575,166663,12.07,12.075,295597,14.06,14.075,53128
2017-10-13,10.3,10.275,141881,11.85,11.875,319957,13.85,13.875,52458
2017-10-16,10.3,10.275,120816,11.68,11.675,340116,13.63,13.625,55693
2017-10-17,10.38,10.375,120816,11.7,11.725,360668,13.6,13.625,58730
2017-10-18,10.3,10.375,120816,11.6,11.575,387992,13.55,13.525,63870
2017-10-19,11.5,11.475,377954,12.2,12.225,127574,14.1,14.075,32030
2017-10-20,11.35,11.325,372072,12.15,12.125,133790,14.05,14.0,31451
2017-10-23,11.8,11.775,364010,12.5,12.525,143153,14.28,14.275,30129
2017-10-24,11.94,11.925,335641,12.55,12.525,146767,14.25,14.225,29579
2017-10-25,12.0,12.025,319794,12.6,12.575,151551,14.3,14.275,30013
2017-10-26,12.1,12.075,301139,12.69,12.675,155959,14.35,14.325,30441
2017-10-27,11.45,11.425,301139,12.22,12.225,155959,13.95,13.925,30441
2017-10-30,11.59,11.575,281843,12.3,12.325,179715,13.98,13.975,30681
2017-10-31,11.27,11.275,262047,12.19,12.175,186594,13.85,13.825,33060
2017-11-01,11.4,11.375,261674,12.25,12.275,195621,13.94,13.925,35713
2017-11-02,11.15,11.125,244927,12.25,12.275,222553,14.05,14.025,38764
2017-11-03,10.95,10.975,244927,12.31,12.325,222553,14.12,14.125,38764
2017-11-06,10.75,10.725,236573,12.15,12.175,243332,14.03,14.025,37311
2017-11-07,10.88,10.875,222575,12.28,12.275,261153,14.15,14.15,37973
2017-11-08,10.87,10.875,192106,12.29,12.275,275197,14.2,14.2,37934
2017-11-09,11.11,11.125,192106,12.35,12.325,275197,14.3,14.275,37934
2017-11-10,11.57,11.6,141596,12.6,12.575,329616,14.57,14.575,49275
2017-11-13,11.63,11.625,113622,12.78,12.775,347029,14.7,14.725,48360
2017-11-14,12.02,12.05,113622,12.7,12.675,359071,14.83,14.825,48672
2017-11-15,13.05,12.05,113622,13.17,13.175,372936,15.09,15.075,49773
2017-11-16,12.7,12.675,365764,13.95,13.975,118598,15.45,15.425,31921
2017-11-17,12.65,12.625,360684,13.85,13.875,128623,15.35,15.325,31942
2017-11-20,12.05,12.075,352158,13.4,13.425,136667,14.95,14.975,32021
2017-11-21,11.65,11.625,347565,12.95,12.975,146774,14.65,14.675,33582
2017-11-22,11.5,11.475,337035,12.85,12.875,157214,14.58,14.575,33235
2017-11-24,11.435,11.425,329113,12.825,12.825,165180,14.515,14.525,33119
2017-11-27,11.3,11.325,325194,12.86,12.875,172415,14.6,14.575,32770
2017-11-28,11.25,11.275,308610,12.7,12.725,174515,14.5,14.475,32795
2017-11-29,11.46,11.475,304544,12.94,12.925,181318,14.71,14.725,33007
2017-11-30,11.68,11.675,292236,13.05,13.025,187953,14.65,14.675,33274
2017-12-01,11.85,11.875,286730,13.3,13.275,198237,14.87,14.875,34057
2017-12-04,11.95,11.925,272052,13.2,13.225,207027,14.84,14.825,34596
2017-12-05,11.9,11.875,256540,13.17,13.175,220210,14.7,14.725,33661
2017-12-06,11.75,11.725,239971,13.06,13.075,230014,14.7,14.675,33330
2017-12-07,11.19,11.175,224918,12.66,12.675,238220,14.4,14.375,33435
2017-12-08,10.87,10.875,216767,12.3,12.325,247673,14.25,14.275,34568
2017-12-11,10.35,10.325,205093,11.96,11.975,268539,14.09,14.075,43445
2017-12-12,10.39,10.375,194555,11.95,11.975,281439,14.1,14.075,43754
2017-12-13,10.5,10.525,176409,11.98,11.975,296405,13.9,13.925,43952
2017-12-14,10.4,10.375,176409,11.85,11.875,296405,13.9,13.925,43952
2017-12-15,9.91,9.925,138721,11.45,11.475,315196,13.6,13.575,45426
2017-12-18,9.88,9.875,125508,11.33,11.325,313944,13.32,13.325,47199
2017-12-19,10.05,10.075,125508,11.3,11.325,334088,13.25,13.275,49293
2017-12-20,9.6,10.075,125508,11.43,11.425,348671,13.3,13.275,50213
2017-12-21,11.2,11.225,336054,12.25,12.225,104626,13.83,13.825,30806
2017-12-22,11.4,11.425,319419,12.35,12.325,111121,13.83,13.825,32703
2017-12-26,11.33,11.325,300108,12.32,12.325,116996,13.75,13.775,33020
2017-12-27,11.33,11.325,291026,12.32,12.325,122922,13.7,13.725,33912
2017-12-28,11.24,11.225,280360,12.27,12.275,129168,13.73,13.725,34208
2017-12-29,11.45,11.475,271773,12.49,12.475,134641,13.9,13.875,33926
2018-01-02,10.9,10.875,263841,12.0,11.975,141696,13.55,13.525,33819
2018-01-03,10.7,10.675,252897,11.85,11.825,154634,13.35,13.325,34626
2018-01-04,10.6,10.575,245697,11.85,11.825,174147,13.4,13.375,35470
2018-01-05,10.5,10.475,244130,11.75,11.725,191283,13.28,13.275,36583
2018-01-08,10.49,10.475,225428,11.66,11.675,208082,13.23,13.225,37788
2018-01-09,10.69,10.675,190396,11.76,11.775,221097,13.23,13.225,39261
2018-01-10,10.6,10.575,168756,11.55,11.575,248021,13.07,13.075,39903
2018-01-11,10.5,10.475,152930,11.56,11.575,268771,13.0,12.975,41482
2018-01-12,10.6,10.575,134721,11.67,11.675,292013,12.99,12.975,44388
2018-01-16,11.77,11.775,134721,12.1,12.075,292013,13.34,13.325,44388
2018-01-17,11.95,11.775,134721,12.1,12.125,363359,13.19,13.175,49498
2018-01-18,12.09,12.075,365417,12.76,12.775,116053,13.82,13.825,40942
2018-01-19,11.93,11.925,365759,12.54,12.525,114453,13.72,13.725,41879
2018-01-22,11.85,11.825,352719,12.49,12.475,120754,13.6,13.625,41075
2018-01-23,12.0,11.975,352719,12.73,12.725,120754,13.9,13.875,41075
2018-01-24,12.25,12.225,342888,12.9,12.925,135554,14.12,14.125,41561
2018-01-25,12.41,12.425,333246,13.04,13.025,143730,14.28,14.275,41569
2018-01-26,12.3,12.325,316392,13.05,13.075,148406,14.25,14.225,42649
2018-01-29,13.55,13.525,301716,13.85,13.825,159952,14.68,14.675,43565
2018-01-30,13.95,13.975,301724,14.05,14.075,164739,14.85,14.875,44648
2018-01-31,13.45,13.475,274923,13.67,13.675,179236,14.55,14.575,45015
2018-02-01,13.28,13.275,264706,13.42,13.425,192132,14.4,14.375,43862
2018-02-02,15.63,15.625,264706,14.98,14.975,192132,15.29,15.275,43862
2018-02-05,33.2,33.225,226745,27.95,27.975,242854,24.1,20.95,44091
2018-02-06,23.9,23.875,223933,21.0,21.025,288462,19.33,19.225,50664
2018-02-07,23.45,23.425,223933,19.9,19.875,288462,18.7,18.725,50664
2018-02-08,28.05,28.1,180293,21.6,21.65,252114,19.8,19.85,43906
2018-02-09,27.15,27.175,106408,20.4,20.425,224416,18.4,18.525,37912
2018-02-12,25.82,25.825,94246,19.85,19.825,230285,18.5,18.475,38239
2018-02-13,25.23,25.225,94246,19.84,19.825,236038,18.6,18.6,37455
2018-02-14,25.35,25.225,94246,17.85,17.875,240194,17.85,17.825,36379
2018-02-15,17.55,17.525,234464,17.3,17.325,60363,17.18,17.175,39211
2018-02-16,17.76,17.775,226108,17.4,17.375,66352,17.24,17.225,38174
2018-02-20,18.36,18.375,214756,17.84,17.825,70878,17.49,17.475,39591
2018-02-21,18.56,18.575,214756,18.1,18.075,70878,17.75,17.775,39591
2018-02-22,18.1,18.075,206346,17.65,17.625,75959,17.4,17.4,40084
2018-02-23,16.775,16.775,206346,16.89,16.9,75959,16.825,16.825,40084
2018-02-26,16.07,16.175,188008,16.12,16.175,81828,16.35,16.375,40449
2018-02-27,17.55,17.525,185477,17.2,17.175,88318,17.0,16.975,41753
2018-02-28,18.62,18.575,173405,18.0,17.875,88920,17.5,17.475,41312
2018-03-01,19.85,19.975,171627,18.75,18.675,95900,18.2,18.125,40821
2018-03-02,19.11,19.025,162055,18.3,18.275,103757,17.94,17.925,40843
2018-03-05,18.3,18.275,151778,17.8,17.825,105827,17.65,17.6,40037
2018-03-06,18.22,18.325,142110,17.9,17.975,106712,17.85,17.825,39517
2018-03-07,17.95,17.875,137043,17.86,17.775,113916,17.8,17.8,39341
2018-03-08,17.2,17.225,131733,17.3,17.275,120760,17.55,17.575,40178
2018-03-09,15.75,15.775,124529,16.2,16.225,123371,16.74,16.825,41153
2018-03-12,16.15,16.175,118025,16.55,16.575,132680,17.07,17.075,40463
2018-03-13,16.9,16.775,110407,16.95,16.925,136010,17.35,17.275,40488
2018-03-14,17.25,17.375,97324,17.25,17.275,146561,17.5,17.525,40430
2018-03-15,16.7,16.775,89981,16.7,16.725,154452,17.25,17.275,40101
2018-03-16,16.25,16.275,,16.4,16.475,,16.95,16.975,
2018-03-19,18.3,18.175,77243,17.6,17.475,168268,17.45,17.375,42290
2018-03-20,18.45,18.375,67623,17.4,17.375,181878,17.55,17.475,41595
2018-03-21,17.35,17.76,55175,17.37,17.325,187412,17.35,17.375,43852
2018-03-22,19.4,19.375,177478,18.45,18.425,61131,18.25,18.175,30408
2018-03-23,20.45,20.425,189550,19.34,19.325,70126,18.9,18.875,31337
2018-03-26,19.3,19.325,188312,18.6,18.625,79170,18.4,18.425,32477
2018-03-27,20.5,20.425,177438,19.6,19.525,79863,19.25,19.175,30769
2018-03-28,20.97,21.025,171495,19.87,19.875,85494,19.45,19.525,30964
2018-03-29,19.77,19.775,146963,19.21,19.225,92738,19.03,19.0,29665
2018-04-02,21.15,21.425,146963,19.9,20.025,92738,19.35,19.525,29665
2018-04-03,20.65,20.475,147048,19.8,19.675,99595,19.45,19.325,29884
2018-04-04,19.95,19.975,130975,19.25,19.225,106390,19.0,19.025,30499
2018-04-05,19.1,19.075,124994,18.7,18.675,112454,18.75,18.775,30011
2018-04-06,20.67,20.625,117935,19.6,19.525,116829,19.41,19.425,30228
2018-04-09,20.85,20.825,115734,19.8,19.825,125933,19.55,19.525,30914
2018-04-10,20.25,20.175,106052,19.5,19.425,129399,19.3,19.275,30865
2018-04-11,20.0,20.075,93373,19.45,19.475,134484,19.45,19.475,30630
2018-04-12,18.75,18.825,83054,18.7,18.725,141526,18.95,18.925,30860
2018-04-13,17.92,17.925,68793,18.1,18.125,145914,18.5,18.525,31072
2018-04-16,16.8,16.825,58428,17.35,17.275,162182,18.0,17.975,33134
2018-04-17,15.4,15.325,48874,16.4,16.375,167756,17.4,17.375,33091
2018-04-18,15.45,17.26,41558,16.4,16.425,179537,17.05,17.125,35634
2018-04-19,16.6,16.575,164747,16.8,16.825,53796,17.4,17.375,27595
2018-04-20,17.05,17.025,160086,17.1,17.075,58108,17.6,17.575,27599
2018-04-23,16.9,16.825,154875,17.05,17.025,62862,17.55,17.475,27205
2018-04-24,17.7,17.675,156121,17.45,17.475,69270,17.6,17.625,27425
2018-04-25,17.6,17.725,152532,17.45,17.675,76142,17.75,17.875,26753
2018-04-26,16.9,16.875,153086,17.0,17.025,82580,17.45,17.425,27083
2018-04-27,16.35,16.425,147274,16.75,16.825,81355,17.3,17.375,27605
2018-04-30,16.75,16.625,147262,16.95,16.925,88881,17.45,17.425,27305
2018-05-01,16.2,16.275,134455,16.45,16.475,98693,17.0,17.025,27940
2018-05-02,16.55,16.625,130263,16.7,16.775,105231,17.25,17.275,27972
2018-05-03,16.55,16.525,121887,16.55,16.525,110900,17.1,17.1,28598
2018-05-04,15.85,15.875,111382,16.36,16.375,118976,16.94,16.925,30060
2018-05-07,15.7,15.725,110951,16.35,16.325,128472,16.95,16.975,29887
2018-05-08,15.8,15.775,106716,16.25,16.225,136711,16.95,16.875,30019
2018-05-09,14.82,14.825,96181,15.6,15.625,144591,16.45,16.525,31125
2018-05-10,14.25,14.175,88750,15.12,15.075,155704,16.1,16.025,31962
2018-05-11,13.73,13.675,76043,14.73,14.7,165890,15.73,15.675,33119
2018-05-14,13.42,13.375,71972,14.49,14.475,179331,15.3,15.375,34317
2018-05-15,14.86,14.875,57298,15.35,15.325,194775,16.1,16.075,35699
2018-05-16,14.5,13.79,41223,14.65,14.675,203842,15.7,15.775,37137
2018-05-17,14.35,14.375,199981,15.05,15.075,68952,16.0,16.025,30083
2018-05-18,14.55,14.525,197262,15.26,15.325,72774,16.18,16.175,30976
2018-05-21,14.2,14.075,192856,14.8,14.775,76011,15.8,15.725,31048
2018-05-22,14.2,14.225,194533,14.95,14.975,81850,15.9,15.925,30950
2018-05-23,13.9,13.875,192703,14.75,14.725,88082,15.72,15.725,30983
2018-05-24,13.85,13.825,190156,14.6,14.6,91994,15.66,15.675,31292
2018-05-25,14.2,14.125,190166,14.83,14.825,95622,15.83,15.825,31656
2018-05-29,15.96,15.925,186967,16.08,16.125,100771,16.35,16.375,31575
2018-05-30,15.2,15.175,191496,15.68,15.675,105986,16.45,16.425,32891
2018-05-31,15.4,15.425,177005,15.85,15.875,110138,16.5,16.575,34359
2018-06-01,14.4,14.425,167873,15.17,15.175,114626,16.06,16.025,33006
2018-06-04,13.95,13.925,153578,14.7,14.675,126287,15.65,15.625,33684
2018-06-05,13.6,13.625,146329,14.5,14.525,130151,15.45,15.475,34466
2018-06-06,13.1,13.075,144329,14.1,14.075,136037,15.2,15.175,33886
2018-06-07,13.15,13.175,140974,14.15,14.175,142708,15.25,15.275,33471
2018-06-08,13.35,13.325,135722,14.25,14.225,148516,15.31,15.325,33398
2018-06-11,12.9,12.875,132794,13.95,13.975,151396,15.2,15.225,33754
2018-06-12,12.72,12.775,124996,13.87,13.925,157160,15.25,15.275,35125
2018-06-13,13.15,13.225,115678,14.1,14.175,168509,15.35,15.425,36802
2018-06-14,12.65,12.675,102999,13.66,13.675,177256,15.05,15.1,37885
2018-06-15,12.6,12.575,92224,13.75,13.725,188271,15.01,14.975,39946
2018-06-18,12.7,12.675,82317,13.7,13.675,193107,14.85,14.825,43597
2018-06-19,13.65,13.575,70794,14.25,14.225,197273,15.25,15.275,44518
2018-06-20,12.85,12.27,45858,13.95,13.925,204807,15.2,15.225,46140
2018-06-21,15.0,14.875,208770,15.4,15.275,66820,16.25,16.175,43395
2018-06-22,14.55,14.425,200993,15.15,15.075,68917,16.1,16.025,42089
2018-06-25,16.35,16.325,199088,16.2,16.275,74862,16.75,16.825,42214
2018-06-26,16.05,15.875,194803,16.15,16.125,77853,16.9,16.825,43410
2018-06-27,,16.925,180883,,16.875,79295,,17.375,43761
2018-06-28,16.5,16.525,173691,16.55,16.575,87710,17.1,17.175,45460
2018-06-29,16.07,16.025,160348,16.5,16.375,92784,17.16,17.075,45627
2018-07-02,15.95,16.025,149431,16.3,16.325,93464,17.05,17.075,44836
2018-07-03,16.39,16.375,141721,16.7,16.725,102922,17.31,17.325,46063
2018-07-05,15.62,15.475,135828,16.2,16.075,108445,16.95,16.975,45830
2018-07-06,14.5,14.575,123450,15.45,15.525,109828,16.5,16.575,45642
2018-07-09,13.77,13.775,118580,14.72,14.625,112323,15.84,15.825,45503
2018-07-10,13.71,13.425,107423,14.65,14.425,113391,15.76,15.625,44579
2018-07-11,14.08,14.175,100377,14.8,14.875,124585,15.85,15.925,44369
2018-07-12,13.45,13.325,89698,14.5,14.475,133615,15.65,15.625,46318
2018-07-13,13.06,12.975,83432,14.25,14.225,142706,15.46,15.475,46112
2018-07-16,12.95,12.975,74221,14.25,14.275,155390,15.5,15.525,46735
2018-07-17,12.1,12.125,55908,13.9,13.975,171671,15.5,15.525,48032
2018-07-18,11.9,12.38,40313,13.95,13.925,189639,15.55,15.575,49843
2018-07-19,14.2,14.175,192216,15.05,15.025,77266,15.95,15.925,32694
2018-07-20,14.35,14.275,191243,15.13,15.175,79213,16.02,16.05,32692
2018-07-23,14.05,14.075,188277,15.0,15.025,83995,15.9,15.975,31582
2018-07-24,14.15,14.075,181711,15.05,14.975,89662,15.95,15.925,31974
2018-07-25,13.75,13.825,179658,14.8,14.875,93398,15.75,15.875,32331
2018-07-26,13.85,13.85,181430,14.87,14.925,98850,15.9,15.925,32552
2018-07-27,14.35,14.325,181384,15.25,15.175,102404,16.15,16.075,33088
2018-07-30,14.85,14.875,173339,15.6,15.625,102959,16.25,16.325,33575
2018-07-31,14.05,14.075,167075,15.05,15.025,107137,15.9,15.925,33650
2018-08-01,14.2,14.275,161997,15.15,15.125,108538,15.95,15.975,33795
2018-08-02,13.85,13.925,185156,14.85,14.975,139468,15.8,15.875,36451
2018-08-03,13.56,13.525,148732,14.8,14.8,127275,15.81,15.825,32793
2018-08-06,13.1,13.025,152748,14.4,14.375,137405,15.55,15.525,34932
2018-08-07,12.7,12.725,145276,13.95,14.025,150301,15.2,15.225,35383
2018-08-08,12.61,12.575,144562,14.0,13.975,162042,15.25,15.225,36417
2018-08-09,12.7,12.675,143446,14.1,14.125,168504,15.3,15.275,37225
2018-08-10,13.57,13.775,140771,14.6,14.775,176697,15.55,15.675,36830
2018-08-13,14.8,14.875,123356,15.46,15.475,181180,16.05,16.075,39397
2018-08-14,13.75,13.725,111210,14.73,14.725,189781,15.55,15.625,42042
2018-08-15,14.8,14.875,97040,15.25,15.225,195696,15.82,15.875,43092
2018-08-16,13.77,13.725,80970,14.8,14.775,202375,15.65,15.625,50099
2018-08-17,13.05,13.075,69123,14.3,14.325,204030,15.35,15.375,50972
2018-08-20,12.85,12.775,55452,14.2,14.175,212316,15.2,15.225,52692
2018-08-21,13.05,12.875,41381,14.85,14.625,219190,15.6,15.475,52112
2018-08-22,12.85,12.61,30443,14.15,14.175,228351,15.35,15.425,52104
2018-08-23,14.22,14.225,227166,15.15,15.175,92203,15.7,15.675,57931
2018-08-24,14.1,14.125,221261,15.12,15.175,93788,15.61,15.625,57955
2018-08-27,14.15,14.125,216491,15.2,15.225,100215,15.7,15.675,56836
2018-08-28,14.15,14.075,208502,15.25,15.275,106033,15.8,15.775,57040
2018-08-29,13.95,13.925,202557,15.22,15.225,112729,15.8,15.775,57194
2018-08-30,14.55,14.525,195977,15.7,15.675,115078,16.15,16.075,57948
2018-08-31,13.98,14.025,184432,15.16,15.175,120144,15.75,15.775,58605
2018-09-04,14.25,14.225,181494,15.25,15.225,130885,15.75,15.775,59222
2018-09-05,14.6,14.575,162762,15.52,15.525,144740,16.05,16.025,58986
2018-09-06,15.2,15.175,157684,16.0,16.025,155545,16.35,16.375,58724
2018-09-07,15.45,15.375,148936,16.16,16.225,164101,16.42,16.475,58969
2018-09-10,14.75,14.775,142692,15.7,15.675,171222,16.02,16.075,61676
2018-09-11,14.2,14.225,130911,15.13,15.125,181445,15.75,15.675,60190
2018-09-12,14.05,14.025,115520,15.0,15.025,188386,15.45,15.525,60678
2018-09-13,13.42,13.375,100103,14.67,14.625,199406,15.2,15.225,60110
2018-09-14,12.95,12.875,87618,14.38,14.375,204794,15.1,15.075,60799
2018-09-17,13.55,13.575,69732,14.9,14.975,228905,15.4,15.375,62212
2018-09-18,12.95,12.725,48786,14.65,14.675,238779,15.35,15.375,62989
2018-09-19,12.55,11.94,34390,14.3,14.275,255754,15.25,15.275,69895
2018-09-20,13.95,14.025,249695,14.85,14.925,93453,15.65,15.675,41812
2018-09-21,14.3,14.125,248414,15.12,15.075,94151,15.87,15.825,42962
2018-09-24,14.0,14.025,244599,14.85,14.925,106417,15.6,15.625,42341
2018-09-25,14.05,14.075,241417,14.95,14.975,108769,15.65,15.725,41966
2018-09-26,14.4,14.425,230328,15.2,15.275,115740,15.9,15.925,43265
2018-09-27,14.1,14.125,226642,15.0,15.025,121553,15.75,15.775,43845
2018-09-28,14.0,13.975,215861,14.95,14.975,129037,15.71,15.725,43373
2018-10-01,13.9,13.925,209336,14.8,14.875,137635,15.6,15.675,43258
2018-10-02,13.95,13.975,198747,14.9,14.925,153622,15.8,15.775,42691
2018-10-03,14.0,13.775,193954,14.9,14.725,159040,15.75,15.65,43049
2018-10-04,14.7,14.875,188712,15.18,15.225,169429,15.9,15.925,42757
2018-10-05,15.27,15.225,166469,15.54,15.475,181963,16.16,16.075,41540
2018-10-08,15.77,15.675,148284,15.76,15.725,186286,16.28,16.275,43570
2018-10-09,16.02,15.975,131324,15.96,15.925,198358,16.45,16.375,47610
2018-10-10,20.4,20.125,110632,18.49,18.525,206180,18.0,17.925,49265
2018-10-11,21.4,21.175,111394,18.7,18.525,237035,18.25,18.125,64852
2018-10-12,20.05,19.925,81225,18.15,18.125,227610,17.78,17.775,65193
2018-10-15,20.27,20.125,64851,18.65,18.525,223344,18.33,18.275,64510
2018-10-16,17.7,17.675,53930,17.25,17.275,225812,17.6,17.625,64147
2018-10-17,18.6,17.23,36732,17.13,17.125,220094,17.55,17.575,65048
2018-10-18,18.38,18.425,214191,18.06,18.075,96100,18.15,18.225,38279
2018-10-19,18.55,18.425,226716,18.26,18.175,96423,18.4,18.325,31792
2018-10-22,18.62,18.625,214269,18.25,18.225,102431,18.4,18.425,33173
2018-10-23,18.9,18.825,208553,18.47,18.425,101004,18.5,18.475,33343
2018-10-24,20.37,20.625,213167,19.46,19.625,108037,19.31,19.375,33917
2018-10-25,21.06,20.925,213758,19.92,19.825,112610,19.66,19.575,35349
2018-10-26,21.3,21.075,205847,20.26,20.075,116674,19.9,19.775,36476
2018-10-29,21.7,21.525,199508,20.67,20.575,127927,20.3,20.225,36230
2018-10-30,20.8,20.925,195145,20.13,20.225,129125,19.95,20.075,38649
2018-10-31,20.3,20.275,185499,19.8,19.775,131402,19.8,19.775,38346
2018-11-01,19.45,19.275,178763,19.12,19.025,130370,19.31,19.225,38309
2018-11-02,19.61,19.575,159299,19.12,19.075,130070,19.3,19.225,38165
2018-11-05,,19.425,155629,,18.825,133413,,18.975,38739
2018-11-06,18.65,18.625,148058,18.3,18.225,135485,18.5,18.475,39121
2018-11-07,16.75,16.825,142036,17.11,17.125,141598,17.76,17.775,39498
2018-11-08,17.0,16.975,131378,17.19,17.175,147391,17.76,17.775,40117
2018-11-09,17.55,17.475,121509,17.67,17.675,145758,18.2,18.175,39929
2018-11-12,19.55,19.575,118309,18.71,18.725,151244,18.8,18.875,38329
2018-11-13,19.42,19.425,111752,18.9,18.925,169482,19.11,19.125,38405
2018-11-14,20.1,20.175,102172,19.42,19.425,179376,19.56,19.575,38818
2018-11-15,19.45,19.375,82229,19.17,19.125,185369,19.48,19.475,38759
2018-11-16,18.3,18.275,72055,18.35,18.325,190009,18.86,18.825,40502
2018-11-19,19.91,19.925,58107,19.4,19.375,192115,19.54,19.575,42488
2018-11-20,22.3,22.175,49741,20.55,20.425,204771,20.52,20.425,42837
2018-11-21,21.4,22.07,36917,20.1,20.125,213244,20.3,20.325,46175
2018-11-23,20.45,20.475,203026,20.51,20.525,73853,20.27,20.275,36553
2018-11-26,,18.925,196392,,19.375,80015,,19.475,36209
2018-11-27,18.65,18.775,184034,19.06,19.125,80289,19.21,19.275,36687
2018-11-28,18.2,18.225,180597,18.57,18.575,84870,18.8,18.825,36003
2018-11-29,18.45,18.375,173860,18.85,18.825,81762,19.05,18.975,35661
2018-11-30,17.65,17.675,171963,18.23,18.175,84876,18.56,18.575,35941
2018-12-03,16.7,16.775,163727,17.37,17.375,87261,17.96,17.925,35597
2018-12-04,19.4,19.425,151937,19.25,19.275,97958,19.13,19.175,35410
2018-12-05,19.02,19.025,147216,19.05,19.05,102640,19.05,19.025,34285
2018-12-06,19.9,19.925,146428,19.45,19.475,102527,19.25,19.275,34183
2018-12-07,21.4,21.425,136323,20.62,20.675,120932,20.08,20.075,34779
2018-12-10,21.3,21.325,128439,20.56,20.525,133255,20.01,19.975,36063
2018-12-11,21.72,21.275,113629,20.84,20.475,140110,20.35,20.125,35524
2018-12-12,21.15,21.075,100270,20.55,20.425,149986,20.21,20.125,35830
2018-12-13,20.7,20.725,84982,20.25,20.225,149381,20.1,20.075,35694
2018-12-14,21.82,21.725,73128,20.91,20.875,161097,20.46,20.425,35894
2018-12-17,23.32,23.475,67870,21.62,21.675,169061,20.95,20.975,35104
2018-12-18,24.77,24.675,56617,22.15,21.975,190529,21.47,21.325,35903
2018-12-19,25.0,26.2,52838,22.3,22.325,199055,21.56,21.575,38107
2018-12-20,22.72,22.725,198087,22.1,22.075,63001,21.1,21.125,35068
2018-12-21,24.0,24.3,198416,22.76,22.925,69323,21.3,21.425,34724
2018-12-24,25.95,25.9,185036,23.35,23.325,72005,21.4,21.425,32927
2018-12-26,24.85,24.675,177066,22.75,22.625,75253,20.98,20.925,32722
2018-12-27,25.25,25.025,162119,23.1,22.925,75617,21.36,21.225,31418
2018-12-28,25.31,25.325,153784,23.04,22.975,88983,21.33,21.325,31167
2018-12-31,24.25,24.175,144628,22.3,22.275,95035,21.0,20.975,30085
2019-01-02,23.75,23.125,131185,22.35,21.875,98470,21.15,20.875,30058
2019-01-03,24.37,24.375,121603,22.8,22.775,108351,21.55,21.525,30201
2019-01-04,22.0,21.925,113656,21.3,21.225,117909,20.53,20.475,30079
2019-01-07,21.35,21.425,102360,20.95,20.925,120074,20.26,20.325,30383
2019-01-08,20.65,20.625,91416,20.65,20.625,129780,20.12,20.125,30484
2019-01-09,20.25,20.125,81812,20.3,20.275,141532,20.01,20.0,30766
2019-01-10,19.85,19.875,69221,20.0,20.025,146154,19.9,19.925,32234
2019-01-11,19.05,19.025,59243,19.45,19.475,154306,19.61,19.625,32260
2019-01-14,19.25,19.225,50761,19.55,19.475,161838,19.6,19.525,34046
2019-01-15,18.9,18.825,35371,18.85,18.825,173184,19.1,19.075,36429
2019-01-16,18.3,18.87,25620,18.85,19.025,182391,18.95,19.075,40198
2019-01-17,18.6,18.525,181503,18.85,18.775,58198,18.85,18.875,29348
2019-01-18,18.25,18.325,167333,18.6,18.625,61464,18.64,18.675,29510
2019-01-22,20.04,20.175,158701,19.6,19.725,65715,19.13,19.275,30071
2019-01-23,19.75,19.725,150615,19.56,19.575,58619,19.3,19.275,29021
2019-01-24,19.25,19.175,142652,19.21,19.225,60798,18.95,18.925,30303
2019-01-25,18.2,18.275,134929,18.5,18.525,64106,18.5,18.575,30322
2019-01-28,19.15,19.125,134820,19.14,19.125,67944,18.93,18.925,30086
2019-01-29,18.85,18.925,130182,18.85,18.875,72344,18.65,18.675,29830
2019-01-30,17.95,17.975,121855,18.45,18.375,76677,18.55,18.525,29898
2019-01-31,17.1,17.125,115646,17.77,17.775,86552,18.13,18.125,30549
2019-02-01,17.0,17.025,113341,17.55,17.525,93231,17.89,17.925,30713
2019-02-04,16.55,16.525,105768,17.05,17.075,96457,17.5,17.525,30167
2019-02-05,16.55,16.525,95584,17.0,16.975,105820,17.38,17.375,30051
2019-02-06,16.35,16.375,83151,16.77,16.825,114190,17.2,17.275,30382
2019-02-07,17.23,17.175,75633,17.35,17.375,125477,17.6,17.575,29846
2019-02-08,16.65,16.625,67888,17.06,17.075,134150,17.41,17.475,31107
2019-02-11,16.3,16.225,56444,17.05,16.975,143679,17.45,17.425,32949
2019-02-12,15.74,15.625,47305,16.75,16.725,153987,17.35,17.275,34774
2019-02-13,15.6,15.6,35657,16.7,16.675,164306,17.1,17.075,36293
2019-02-14,17.0,16.925,164557,17.15,17.125,46750,17.5,17.475,31584
2019-02-15,16.35,16.325,166818,16.62,16.625,50537,17.15,17.125,31457
2019-02-19,16.33,16.325,169297,16.61,16.625,56077,17.05,17.075,30944
2019-02-20,15.52,15.575,170854,16.17,16.225,61462,16.88,16.875,32528
2019-02-21,15.9,15.875,177078,16.47,16.475,68230,16.95,16.925,34739
2019-02-22,15.15,15.175,168888,15.9,15.925,75953,16.55,16.625,33658
2019-02-25,15.62,15.575,162786,16.15,16.125,77239,16.57,16.525,34053
2019-02-26,15.85,15.725,162108,16.41,16.375,87533,16.85,16.775,32075
2019-02-27,15.6,15.675,160687,16.28,16.325,91044,16.65,16.725,30467
2019-02-28,15.65,15.575,151386,16.35,16.225,93439,16.8,16.75,24333
2019-03-01,14.87,14.825,142092,15.66,15.625,92964,16.41,16.4,23268
2019-03-04,15.35,15.275,140345,15.9,15.875,105333,16.51,16.525,23419
2019-03-05,15.56,15.475,131293,16.08,16.075,107145,16.65,16.625,23027
2019-03-06,16.11,16.075,123613,16.48,16.475,117060,16.93,16.925,23305
2019-03-07,16.72,16.725,117288,16.87,16.875,122471,17.26,17.275,23883
2019-03-08,16.67,16.675,103605,17.0,16.975,128129,17.36,17.35,23924
2019-03-11,15.05,15.025,93826,15.9,15.925,133541,16.65,16.675,24591
2019-03-12,14.45,14.475,89088,15.67,15.675,148753,16.45,16.475,25446
2019-03-13,14.07,14.075,86881,15.47,15.475,157283,16.27,16.275,26664
2019-03-14,13.95,13.925,78399,15.32,15.325,171185,16.25,16.275,26366
2019-03-15,13.55,13.475,62532,14.93,14.875,183831,15.98,16.025,26985
2019-03-18,13.0,12.925,50798,14.99,15.025,200126,16.1,16.125,27909
2019-03-19,12.5,12.35,43860,15.15,15.125,214208,16.31,16.275,28541
2019-03-20,15.44,15.325,223848,16.17,16.125,50203,16.76,16.725,23126
2019-03-21,15.11,15.075,211651,15.93,15.925,53260,16.53,16.525,23022
2019-03-22,16.77,16.725,217817,17.05,17.125,58807,17.25,17.275,23342
2019-03-25,16.85,16.825,193525,17.15,17.225,64716,17.4,17.475,24324
2019-03-26,15.9,15.925,182685,16.63,16.675,69022,17.17,17.175,24469
2019-03-27,16.25,16.225,175187,17.01,16.975,72722,17.47,17.475,24493
2019-03-28,15.65,15.625,171645,16.6,16.625,77669,17.26,17.275,24519
2019-03-29,15.21,15.225,167919,16.27,16.325,82433,16.91,16.925,25587
2019-04-01,14.86,14.875,162342,15.95,15.975,92168,16.63,16.675,25656
2019-04-02,14.87,14.875,156451,16.06,16.075,106689,16.76,16.775,26292
2019-04-03,14.96,14.875,152656,16.03,16.025,120665,16.65,16.575,26423
2019-04-04,14.76,14.775,137698,15.92,15.925,136584,16.65,16.625,28633
2019-04-05,14.32,14.325,131482,15.66,15.675,144552,16.42,16.425,28096
2019-04-08,14.41,14.475,121467,15.63,15.675,144064,16.33,16.325,27151
2019-04-09,15.09,15.075,113547,16.2,16.225,179812,16.82,16.825,28713
2019-04-10,14.41,14.425,102361,15.72,15.775,186877,16.6,16.625,30374
2019-04-11,13.77,13.825,91687,15.4,15.525,196956,16.4,16.425,30543
2019-04-12,12.81,12.775,78427,14.78,14.775,215314,16.18,16.175,32571
2019-04-15,12.65,12.575,68882,14.7,14.675,235021,16.13,16.125,36088
2019-04-16,12.5,12.575,50245,14.6,14.625,235107,16.23,16.225,38072
2019-04-17,12.25,11.71,39829,14.65,14.625,269734,16.22,16.225,39649
2019-04-18,14.47,14.425,,15.55,15.575,,16.57,16.575,
2019-04-22,14.2,14.175,266209,15.36,15.375,71089,16.4,16.375,27114
2019-04-23,14.15,14.125,264342,15.35,15.325,78245,16.35,16.375,26800
2019-04-24,14.6,14.575,242926,15.63,15.625,88183,16.43,16.425,26700
2019-04-25,14.82,14.825,242045,15.9,15.975,96510,16.66,16.675,25597
2019-04-26,14.37,14.325,220651,15.6,15.525,102191,16.49,16.425,23778
2019-04-29,14.55,14.525,223978,15.7,15.725,109688,16.52,16.525,24639
2019-04-30,14.38,14.425,211351,15.67,15.775,119168,16.51,16.575,24709
2019-05-01,15.36,15.225,206922,16.37,16.325,128535,17.02,16.975,24921
2019-05-02,15.13,15.175,195157,16.22,16.225,141216,16.96,16.975,26013
2019-05-03,14.25,14.275,181381,15.58,15.575,149154,16.59,16.575,24847
2019-05-06,15.58,15.525,171103,16.36,16.325,151941,16.85,16.875,26459
2019-05-07,18.0,17.875,155167,17.85,17.725,149534,17.77,17.725,27155
2019-05-08,18.25,18.175,150185,17.95,17.925,157094,17.67,17.625,26015
2019-05-09,17.95,17.975,128138,17.85,17.875,159705,17.65,17.675,25690
2019-05-10,16.15,16.125,120023,16.77,16.825,161014,17.1,17.1,25824
2019-05-13,19.47,19.525,106960,18.95,18.975,161364,18.43,18.425,25532
2019-05-14,18.02,18.125,99157,18.02,18.075,175363,17.69,17.725,26009
2019-05-15,16.9,16.925,79847,17.32,17.375,171453,17.37,17.425,24597
2019-05-16,15.6,15.725,69101,16.67,16.775,183175,17.1,17.225,25199
2019-05-17,15.95,15.875,59878,17.0,17.025,195803,17.25,17.275,23001
2019-05-20,16.08,16.125,49077,17.1,17.175,204324,17.42,17.475,23323
2019-05-21,15.0,15.025,40137,16.25,16.275,204332,16.93,16.975,23811
2019-05-22,15.0,15.01,33593,16.25,16.225,208556,17.02,17.075,25670
2019-05-23,17.3,17.325,202310,17.58,17.625,47067,17.72,17.725,25012
2019-05-24,16.88,16.725,215745,17.4,17.325,56269,17.67,17.625,25551
2019-05-28,17.43,17.375,203403,17.76,17.725,63135,17.87,17.875,25554
2019-05-29,17.78,17.775,197353,18.01,18.025,72200,18.06,18.075,25527
2019-05-30,17.41,17.425,192582,17.78,17.825,79974,17.88,17.875,23777
2019-05-31,18.23,18.175,184411,18.4,18.375,87100,18.33,18.325,23968
2019-06-03,18.25,18.275,181523,18.3,18.325,98147,18.3,18.275,24207
2019-06-04,17.25,17.225,175125,17.65,17.675,114305,17.74,17.725,25053
2019-06-05,16.63,16.625,157108,17.25,17.325,121950,17.57,17.575,24350
2019-06-06,16.7,16.475,146717,17.22,17.125,129004,17.47,17.425,24373
2019-06-07,16.75,16.725,137053,17.24,17.225,138530,17.55,17.525,24392
2019-06-10,16.36,16.375,122299,17.0,17.025,148728,17.34,17.325,23781
2019-06-11,16.49,16.475,112136,17.15,17.125,158769,17.45,17.475,23028
2019-06-12,16.4,16.325,96282,17.06,17.025,173224,17.52,17.475,23559
2019-06-13,16.13,16.125,82060,17.0,17.025,185991,17.45,17.475,24872
2019-06-14,15.76,15.775,69128,16.78,16.775,196161,17.26,17.325,25724
2019-06-17,15.3,15.275,54792,16.64,16.625,189470,17.15,17.125,26654
2019-06-18,15.05,15.075,47534,16.6,16.625,217053,17.17,17.225,28341
2019-06-19,14.9,14.8,36333,15.9,15.875,216793,17.0,16.975,30111
2019-06-20,16.15,16.125,224066,16.7,16.725,48036,17.08,17.075,26363
2019-06-21,16.55,16.525,215787,17.11,17.125,55485,17.48,17.475,24724
2019-06-24,16.28,16.275,210959,16.96,16.975,67206,17.33,17.325,23962
2019-06-25,16.7,16.675,201240,17.3,17.325,70408,17.65,17.675,24177
2019-06-26,16.6,16.525,191446,17.3,17.275,81717,17.6,17.575,24458
2019-06-27,16.1,16.075,183244,17.0,16.975,91574,17.4,17.375,24596
2019-06-28,15.66,15.525,177092,16.62,16.575,102456,17.1,17.075,25105
2019-07-01,14.95,14.925,172049,16.15,16.125,113958,16.79,16.775,25602
2019-07-02,14.2,14.225,161331,15.56,15.575,129366,16.46,16.475,27829
2019-07-03,14.0,14.025,153739,15.53,15.525,142258,16.37,16.375,29446
2019-07-05,14.35,14.325,141366,15.66,15.675,149618,16.38,16.425,30973
2019-07-08,14.9,14.875,129654,16.05,16.025,167446,16.71,16.675,33069
2019-07-09,14.85,14.825,109603,16.06,16.075,178967,16.78,16.775,32713
2019-07-10,14.05,14.025,95109,15.6,15.575,192630,16.5,16.525,32650
2019-07-11,13.66,13.625,81407,15.43,15.425,205420,16.41,16.425,33050
2019-07-12,13.14,13.125,69940,15.2,15.225,222333,16.33,16.375,33747
2019-07-15,12.91,12.875,56339,15.23,15.225,239723,16.4,16.425,33945
2019-07-16,12.95,12.775,42895,15.35,15.325,253773,16.62,16.625,34328
2019-07-17,12.38,12.69,28771,15.79,15.725,265065,16.9,16.875,32135
2019-07-18,15.26,15.325,263140,16.27,16.375,60691,16.78,16.875,33763
2019-07-19,15.9,15.875,261145,16.75,16.725,63878,17.03,16.975,33264
2019-07-22,15.2,15.175,250867,16.35,16.375,76261,16.92,16.925,35645
2019-07-23,14.95,14.775,242711,16.2,16.125,77011,16.7,16.625,33090
2019-07-24,14.4,14.375,227725,15.8,15.825,85752,16.4,16.375,34186
2019-07-25,14.71,14.675,235255,16.15,16.125,94590,16.65,16.625,35243
2019-07-26,14.41,14.375,229039,15.83,15.825,99860,16.46,16.475,35798
2019-07-29,14.5,14.475,222223,15.95,15.925,110441,16.4,16.425,35046
2019-07-30,15.05,15.075,215634,16.35,16.425,121695,16.75,16.775,36099
2019-07-31,16.25,16.075,205334,17.23,17.175,130495,17.37,17.325,36950
2019-08-01,17.45,17.475,196352,17.76,17.775,141022,17.55,17.525,35598
2019-08-02,17.5,17.475,180529,17.7,17.675,147975,17.45,17.475,33445
2019-08-05,21.9,21.625,160536,20.55,20.225,147154,19.06,18.925,33687
2019-08-06,19.5,19.675,163090,19.38,19.425,155011,18.52,18.525,35574
2019-08-07,19.35,19.375,143387,19.15,19.125,156882,18.37,18.375,35043
2019-08-08,17.7,17.725,125729,18.01,18.075,156225,17.62,17.675,34924
2019-08-09,18.45,18.475,109590,18.5,18.575,160714,17.95,18.025,34566
2019-08-12,20.6,20.775,102825,19.82,19.975,162849,18.85,18.925,33788
2019-08-13,18.18,18.125,100462,18.5,18.475,178511,18.15,18.125,34318
2019-08-14,21.65,21.425,83878,20.5,20.425,181625,19.27,19.325,34260
2019-08-15,21.23,21.175,78886,20.5,20.475,204644,19.28,19.325,31543
2019-08-16,18.91,18.775,72144,19.37,19.325,210289,18.84,18.875,32779
2019-08-19,16.85,16.825,57713,18.08,18.075,212988,18.16,18.125,33947
2019-08-20,17.55,17.225,47705,18.59,18.475,208868,18.66,18.575,33719
2019-08-21,15.95,15.63,32974,17.35,17.375,212157,18.03,18.125,33105
2019-08-22,17.92,17.875,201134,18.29,18.325,47526,17.92,17.975,43520
2019-08-23,19.9,19.675,187537,19.65,19.475,53577,18.92,18.875,44970
2019-08-26,19.45,19.425,188171,19.43,19.425,65325,18.7,18.725,41549
2019-08-27,20.08,20.125,181323,19.99,20.075,71337,19.15,19.225,41397
2019-08-28,19.44,19.375,175649,19.66,19.625,78387,18.93,18.925,40693
2019-08-29,18.55,18.475,158983,19.08,19.025,81823,18.52,18.525,40829
2019-08-30,18.88,18.825,146031,19.21,19.175,84546,18.66,18.675,41044
2019-09-03,19.56,19.525,139322,19.56,19.525,90682,19.02,19.025,40568
2019-09-04,18.14,18.075,128527,18.71,18.675,105102,18.45,18.4,38166
2019-09-05,17.3,17.275,119702,18.25,18.225,111605,18.21,18.175,38091
2019-09-06,16.47,16.525,114254,17.67,17.725,117979,17.9,17.875,39678
2019-09-09,16.41,16.425,108632,17.67,17.675,129142,17.78,17.775,40134
2019-09-10,16.35,16.225,98432,17.72,17.675,139148,17.9,17.875,38865
2019-09-11,15.78,15.725,85981,17.32,17.325,147179,17.72,17.725,39005
2019-09-12,15.05,14.975,76811,17.03,17.025,159196,17.53,17.575,39072
2019-09-13,14.45,14.475,71975,16.84,16.875,178188,17.52,17.625,40339
2019-09-16,14.68,14.625,57223,17.2,17.275,189328,17.87,17.925,42084
2019-09-17,14.62,14.525,49999,17.1,17.075,206627,18.01,18.025,43961
2019-09-18,14.15,14.54,30360,16.36,16.375,218292,17.7,17.725,48479
2019-09-19,16.3,16.225,217469,17.65,17.575,58064,18.31,18.325,27416
2019-09-20,17.3,17.225,229248,18.35,18.375,66528,18.89,18.875,27758
2019-09-23,16.72,16.725,222264,18.0,18.025,76654,18.65,18.675,27811
2019-09-24,17.81,17.875,211428,18.65,18.675,85232,19.05,19.125,28457
2019-09-25,17.27,17.225,199380,18.4,18.375,92432,18.92,18.875,28678
2019-09-26,17.55,17.425,193843,18.62,18.575,95408,19.05,19.0,28336
2019-09-27,17.95,18.025,190713,18.9,19.025,106557,19.2,19.225,30236
2019-09-30,17.13,17.125,178848,18.32,18.275,118773,18.87,18.825,30156
2019-10-01,18.49,18.575,168093,19.22,19.325,124989,19.39,19.475,30113
2019-10-02,20.06,20.075,160510,20.1,20.175,142208,20.15,20.175,30113
2019-10-03,18.95,18.975,142233,19.37,19.375,145111,19.66,19.675,28626
2019-10-04,17.65,17.625,123041,18.62,18.675,145745,19.18,19.175,28552
2019-10-07,18.05,17.975,115250,18.8,18.775,148585,19.23,19.225,28107
2019-10-08,20.0,20.075,98810,19.88,19.975,157161,20.08,20.125,30457
2019-10-09,18.56,18.575,94395,19.24,19.275,172195,19.75,19.775,28397
2019-10-10,17.3,17.625,79438,18.62,18.825,176330,19.3,19.425,28679
2019-10-11,15.85,15.825,69073,18.0,18.075,178784,19.02,19.025,30811
2019-10-14,14.55,14.525,59282,17.35,17.325,199148,18.67,18.675,33920
2019-10-15,13.6,13.625,51139,16.95,16.875,220542,18.4,18.375,35192
2019-10-16,13.75,13.78,34864,16.72,16.725,246349,18.35,18.375,36661
2019-10-17,16.6,16.575,250465,17.4,17.425,72997,18.56,18.575,25094
2019-10-18,16.65,16.675,247888,17.53,17.525,77994,18.76,18.775,24944
2019-10-21,16.13,16.075,247391,17.23,17.225,82660,18.48,18.475,25210
2019-10-22,16.55,16.475,237998,17.65,17.575,88073,18.77,18.725,25523
2019-10-23,16.19,16.175,236344,17.31,17.325,93017,18.52,18.525,25832
2019-10-24,16.1,16.025,229630,17.26,17.275,100927,18.52,18.525,26555
2019-10-25,15.4,15.425,236734,16.88,16.925,111262,18.22,18.225,27236
2019-10-28,15.55,15.625,219120,16.95,17.025,114130,18.4,18.375,26279
2019-10-29,15.55,15.475,214911,17.02,17.025,122914,18.41,18.425,25639
2019-10-30,15.0,14.975,197580,16.52,16.475,121274,18.12,18.125,25213
2019-10-31,15.28,15.275,204061,16.75,16.725,136874,18.31,18.325,25833
2019-11-01,14.6,14.575,197081,16.2,16.175,147129,18.02,18.025,29577
2019-11-04,14.72,14.725,179418,16.22,16.225,167918,17.95,17.975,35473
2019-11-05,15.05,15.025,180115,16.55,16.575,182948,18.22,18.225,34399
2019-11-06,14.78,14.775,165199,16.31,16.325,190495,18.22,18.225,35879
2019-11-07,14.65,14.625,145955,16.2,16.175,194712,18.12,18.125,39414
2019-11-08,14.35,14.275,141702,16.05,16.025,215687,18.07,18.075,43227
2019-11-11,14.15,14.075,133424,15.9,15.825,229087,17.9,17.875,44991
2019-11-12,13.93,13.875,122451,15.8,15.825,241872,17.96,17.925,44298
2019-11-13,13.96,13.975,110831,15.82,15.825,255158,17.92,17.925,46086
2019-11-14,13.7,13.725,95251,15.65,15.625,268090,17.77,17.775,47688
2019-11-15,13.0,12.975,81091,15.09,15.125,262127,17.52,17.525,48726
2019-11-18,12.75,12.675,74810,15.01,15.025,286875,17.41,17.425,51350
2019-11-19,13.13,13.075,63575,15.21,15.225,296045,17.53,17.525,51782
2019-11-20,13.34,13.01,41623,15.21,15.175,312041,17.72,17.775,55440
2019-11-21,15.35,15.325,301302,17.02,17.025,78029,18.3,18.275,28320
2019-11-22,14.85,14.775,292686,16.72,16.725,83729,18.07,18.075,29237
2019-11-25,14.15,14.075,280086,16.26,16.225,87723,17.68,17.725,32559
2019-11-26,13.95,13.875,269380,16.1,16.075,98122,17.58,17.575,34110
2019-11-27,13.9,13.825,258239,16.15,16.125,112218,17.57,17.575,34755
2019-11-29,14.13,14.125,246377,16.39,16.375,120247,17.86,17.875,34616
2019-12-02,15.35,15.225,231351,17.08,17.075,132385,18.22,18.275,34261
2019-12-03,16.25,16.225,216915,17.6,17.575,146218,18.55,18.525,33015
2019-12-04,15.35,15.325,193834,16.97,16.975,152627,18.25,18.225,30872
2019-12-05,15.05,15.025,169928,16.76,16.775,165477,18.06,18.075,31594
2019-12-06,14.4,14.425,155102,16.3,16.375,172868,17.62,17.675,32956
2019-12-09,15.7,15.625,142106,17.15,17.125,179428,18.1,18.075,33787
2019-12-10,15.3,15.275,127822,16.9,16.875,189235,18.04,18.025,33629
2019-12-11,14.8,14.775,116363,16.55,16.575,199874,17.81,17.825,32106
2019-12-12,13.69,13.625,99377,15.95,15.925,209522,17.4,17.375,32743
2019-12-13,12.65,12.575,82492,15.15,15.175,208892,17.05,16.975,34985
2019-12-16,12.16,12.225,65930,14.84,14.825,216455,16.77,16.775,38499
2019-12-17,12.5,12.475,60248,14.9,14.875,224451,16.88,16.875,40596
2019-12-18,12.05,11.99,42107,14.9,14.825,221454,16.85,16.825,43314
2019-12-19,14.65,14.625,214601,16.28,16.275,78212,17.21,17.225,28661
2019-12-20,14.76,14.775,219572,16.37,16.425,84264,17.28,17.275,29230
2019-12-23,14.77,14.775,212249,16.52,16.575,92908,17.25,17.275,28691
2019-12-24,14.55,14.525,204976,16.45,16.475,98110,17.25,17.225,29594
2019-12-26,14.65,14.525,198048,16.63,16.575,102146,17.3,17.225,29048
2019-12-27,15.15,15.125,190540,17.0,17.025,107529,17.59,17.625,29113
2019-12-30,15.6,15.525,177254,17.3,17.375,119418,17.9,17.9,28982
2019-12-31,14.61,14.625,,16.63,16.625,,17.45,17.425,
2020-01-02,14.05,14.075,154584,16.1,16.125,131663,17.02,17.025,28088
2020-01-03,15.2,15.025,144499,16.75,16.725,146725,17.35,17.325,30907
2020-01-06,14.95,14.875,141910,16.75,16.675,152877,17.33,17.275,31124
2020-01-07,15.0,14.675,133309,16.7,16.525,158203,17.37,17.225,32043
2020-01-08,14.3,14.175,123217,16.2,16.125,157572,16.91,16.925,32144
2020-01-09,13.65,13.625,121787,15.76,15.775,176545,16.67,16.675,33702
2020-01-10,13.6,13.575,116803,15.75,15.725,184899,16.6,16.575,33887
2020-01-13,13.19,13.175,106976,15.36,15.375,199339,16.36,16.375,34915
2020-01-14,13.1,13.075,110078,15.21,15.225,219430,16.29,16.3,37428
2020-01-15,12.93,12.925,85565,15.18,15.175,227480,16.17,16.175,36717
2020-01-16,12.62,12.575,73921,14.9,14.925,237450,15.96,15.975,37377
2020-01-17,12.6,12.525,61784,14.95,14.925,250499,16.05,16.025,37135
2020-01-21,12.81,12.925,50008,15.03,15.075,243133,16.02,16.025,37393
2020-01-22,12.55,12.62,29827,15.27,15.175,265139,16.32,16.275,38910
2020-01-23,15.1,15.025,255962,15.68,15.675,82155,16.49,16.475,30565
2020-01-24,16.04,16.025,246546,16.21,16.225,85637,16.7,16.725,31208
2020-01-27,17.75,17.775,221448,17.28,17.325,89929,17.36,17.425,28895
2020-01-28,16.6,16.675,226707,16.65,16.825,100027,16.91,16.975,26466
2020-01-29,16.73,16.675,199752,16.8,16.775,107508,17.06,17.025,25629
2020-01-30,16.05,16.075,196667,16.35,16.425,113065,16.7,16.725,25946
2020-01-31,18.3,18.225,188098,17.85,17.725,121571,17.67,17.575,26140
2020-02-03,17.94,17.975,185300,17.41,17.425,135742,17.32,17.275,26068
2020-02-04,16.64,16.525,164354,16.55,16.525,151056,16.67,16.675,25925
2020-02-05,15.8,15.725,147728,16.1,16.125,151475,16.48,16.525,26154
2020-02-06,15.5,15.575,139123,15.9,15.975,157465,16.35,16.4,25763
2020-02-07,16.07,16.025,125666,16.27,16.225,173088,16.68,16.675,27035
2020-02-10,15.65,15.625,115805,15.98,15.975,180584,16.53,16.525,26843
2020-02-11,15.55,15.625,99762,15.9,15.925,188058,16.55,16.575,27445
2020-02-12,14.42,14.475,86054,15.27,15.325,194201,16.3,16.275,27662
2020-02-13,14.83,14.825,73410,15.56,15.575,198777,16.45,16.475,28669
2020-02-14,14.4,14.425,64246,15.4,15.425,209570,16.3,16.325,29269
2020-02-18,15.0,14.875,52186,15.8,15.825,219580,16.71,16.675,28962
2020-02-19,14.5,14.51,29143,15.39,15.375,232971,16.52,16.525,31876
2020-02-20,16.2,16.075,224565,16.9,16.825,65658,17.17,17.175,24212
2020-02-21,17.05,16.925,218534,17.33,17.325,73621,17.31,17.375,24225
2020-02-24,20.15,20.075,217530,19.4,19.375,80557,18.37,18.375,23731
2020-02-25,21.85,22.225,233328,20.6,20.875,90463,19.15,19.275,24562
2020-02-26,22.35,22.325,210503,20.95,20.975,98514,19.4,19.425,26414
2020-02-27,26.35,26.275,192883,23.55,23.525,101495,20.95,20.925,24479
2020-02-28,26.1,26.325,202794,23.0,23.025,112875,20.28,20.375,26233
2020-03-02,26.15,26.275,192263,23.3,23.325,121789,20.37,20.325,28076
2020-03-03,29.3,29.175,171998,25.5,25.525,122974,21.6,21.575,26556
2020-03-04,27.5,27.425,169220,24.7,24.625,136495,21.4,21.375,28038
2020-03-05,31.7,31.875,158520,27.52,27.525,134964,23.22,23.225,27447
2020-03-06,36.17,35.775,154911,30.65,30.325,151361,24.89,24.675,28530
2020-03-09,45.65,44.375,145767,37.2,36.225,163972,28.35,27.775,28669
2020-03-10,41.56,41.825,134442,34.55,34.775,177993,27.05,27.225,28336
2020-03-11,46.65,46.35,123831,38.85,38.575,177065,29.4,29.275,28539
2020-03-12,60.05,58.3,116779,47.65,45.825,185569,33.05,33.025,28647
2020-03-13,54.45,53.425,96501,44.8,43.9,206210,31.4,30.65,30878
2020-03-16,72.05,72.625,87710,58.85,59.15,203625,38.7,38.95,29866
2020-03-17,70.55,68.825,75724,60.7,61.425,234727,41.74,42.075,27865
2020-03-18,81.95,69.76,65191,70.8,70.475,229347,51.68,51.5,26925
2020-03-19,68.4,66.3,199773,60.5,58.975,52485,44.3,42.975,22032
2020-03-20,62.0,61.525,157519,56.95,56.625,56647,42.65,42.075,21873
2020-03-23,49.4,49.45,125724,44.6,45.325,56177,34.25,34.475,22372
2020-03-24,46.7,48.25,114797,39.65,40.15,58635,30.5,30.9,22928
2020-03-25,51.45,51.275,144865,44.69,44.525,87932,35.04,34.8,27198
2020-03-26,46.4,45.875,94135,39.85,39.65,61764,32.3,32.325,20605
2020-03-27,53.3,53.425,88871,44.6,44.825,62509,35.35,35.35,21682
2020-03-30,49.95,49.775,86700,42.75,42.75,67021,34.45,34.3,22054
2020-03-31,47.25,46.775,80178,41.2,40.925,68489,33.95,33.925,22301
2020-04-01,50.5,51.325,74363,44.02,44.625,68864,36.47,36.775,23298
2020-04-02,47.65,47.175,72102,42.41,42.025,75754,35.64,35.425,24023
2020-04-03,45.02,44.925,68279,41.1,40.9,78905,35.2,35.025,24507
2020-04-06,42.11,41.775,62647,38.22,37.925,84659,33.62,33.475,24747
2020-04-07,44.0,44.025,60103,39.6,39.675,87086,34.07,34.1,25157
2020-04-08,42.45,42.375,57909,38.24,38.3,95368,33.51,33.55,24262
2020-04-09,41.22,41.275,,36.92,36.925,,32.47,32.525,
2020-04-13,40.8,40.575,54417,36.22,36.125,100869,32.17,32.1,24161
2020-04-14,37.93,37.875,49779,33.2,32.975,107305,31.0,31.025,24544
2020-04-15,42.4,42.51,43609,36.6,36.575,107907,33.12,33.075,25669
2020-04-16,35.6,36.525,109719,33.65,34.425,27624,31.25,31.85,14539
2020-04-17,34.8,34.575,105739,33.3,33.075,28997,31.05,30.875,14246
2020-04-20,39.0,39.075,104302,36.12,36.225,32947,32.9,32.875,14529
2020-04-21,,41.775,100876,,38.675,32428,,34.425,15029
2020-04-22,39.5,39.625,94714,37.37,37.375,36335,33.8,33.825,15253
2020-04-23,39.67,39.725,91376,37.75,37.725,40422,34.0,33.975,14459
2020-04-24,36.95,36.775,88162,35.7,35.575,43162,32.85,32.875,14513
2020-04-27,33.95,33.875,83435,33.5,33.475,46557,31.51,31.475,13863
2020-04-28,34.4,34.175,78360,33.97,33.825,50316,31.9,31.775,13491
2020-04-29,31.75,31.925,77282,31.62,31.775,53222,30.43,30.575,13782
2020-04-30,34.6,33.975,76950,33.6,33.225,53301,31.55,31.325,14729
2020-05-01,37.4,37.35,74576,36.0,35.975,57406,33.45,33.375,14289
2020-05-04,35.7,35.675,72885,35.05,34.975,61370,33.1,33.075,14126
2020-05-05,,34.025,70181,,33.775,63155,32.15,32.125,14030
2020-05-06,34.8,34.775,67154,34.59,34.575,65527,32.65,32.675,14527
2020-05-07,32.2,32.125,65442,32.65,32.625,68866,31.45,31.375,14690
2020-05-08,29.41,29.325,61849,30.67,30.725,73164,30.05,30.15,14498
2020-05-11,28.08,27.825,61438,29.28,29.025,78566,29.35,29.275,14753
2020-05-12,,33.075,58194,,32.925,80958,31.94,31.7,14299
2020-05-13,34.49,35.075,53220,34.37,34.925,89416,32.4,32.675,14487
2020-05-14,32.76,32.375,46406,33.17,32.925,90491,32.07,32.05,15375
2020-05-15,32.12,32.125,43879,32.67,32.725,93015,32.04,32.075,16027
2020-05-18,29.1,28.925,40471,30.21,30.1,99688,30.27,30.225,15892
2020-05-19,,30.75,37361,,32.075,105635,31.2,31.275,15881
2020-05-20,,28.11,31324,,29.775,113484,30.17,30.325,16264
2020-05-21,30.85,31.025,110040,31.48,31.625,40009,31.41,31.475,17287
2020-05-22,30.24,30.375,104255,30.94,31.075,41404,30.95,31.1,17146
2020-05-26,29.6,29.625,100260,30.46,30.475,45990,30.45,30.425,17173
2020-05-27,29.1,29.075,95624,30.1,30.075,48568,30.12,30.125,17536
2020-05-28,30.3,30.325,96018,31.1,31.125,53504,30.75,30.775,17309
2020-05-29,28.85,28.825,96156,30.13,30.175,58952,30.25,30.225,17051
2020-06-01,29.6,29.525,90465,30.76,30.775,62261,30.55,30.525,16931
2020-06-02,28.2,28.225,93869,29.9,30.025,70875,29.95,30.025,17042
2020-06-03,27.05,27.0,89946,29.15,29.075,79124,29.43,29.325,17282
2020-06-04,26.65,26.725,83998,28.6,28.725,86413,29.0,29.075,17483
2020-06-05,25.42,25.325,80209,27.21,27.175,90568,27.7,27.675,17463
2020-06-08,26.07,26.025,76012,27.87,27.925,96269,28.2,28.325,16770
2020-06-09,27.55,27.625,70832,29.38,29.575,107050,29.21,29.275,17151
2020-06-10,27.45,27.475,62733,29.0,29.025,117076,28.97,28.925,17020
2020-06-11,40.19,40.625,55905,39.08,39.675,121047,34.98,35.075,17538
2020-06-12,35.25,35.075,46959,34.95,34.825,133776,32.99,32.875,18362
2020-06-15,34.05,33.9,35315,34.1,34.075,126542,32.59,32.575,17839
2020-06-16,33.18,33.1,27307,33.53,33.625,132674,32.83,32.85,18421
2020-06-17,32.8,33.44,20256,33.6,33.625,142885,32.62,32.675,19814
2020-06-18,33.6,33.575,139786,33.35,33.375,31441,33.8,33.8,24369
2020-06-19,35.15,35.275,140410,34.55,34.725,33336,35.02,35.125,25243
2020-06-22,31.75,31.625,137630,31.77,31.675,36532,33.2,33.175,25568
2020-06-23,32.0,31.925,130630,31.92,31.925,39292,33.1,33.075,26600
2020-06-24,33.6,33.575,130637,33.45,33.475,42623,34.4,34.475,26573
2020-06-25,32.25,32.175,127445,32.45,32.325,44695,33.6,33.575,26317
2020-06-26,34.45,34.525,122847,34.38,34.475,48400,35.34,35.325,26375
2020-06-29,32.4,32.325,125169,32.88,32.825,54520,34.08,34.025,26115
2020-06-30,30.79,30.875,119900,31.75,31.825,59368,33.13,33.175,26264
2020-07-01,29.74,29.825,113098,30.84,30.825,63955,32.8,32.775,26653
2020-07-02,29.15,29.075,112187,30.1,30.075,70800,32.5,32.425,26450
2020-07-06,29.29,29.25,104117,30.23,30.2,76166,32.5,32.475,25109
2020-07-07,30.64,30.575,100572,31.16,31.125,84077,33.18,33.175,25120
2020-07-08,29.4,29.525,97289,30.35,30.425,90968,32.5,32.575,24918
2020-07-09,30.05,30.225,93937,31.09,31.225,95608,33.11,33.2,25034
2020-07-10,28.88,28.775,89692,30.36,30.325,102394,32.75,32.775,24868
2020-07-13,32.1,31.825,83434,32.9,32.975,105811,34.59,34.875,24209
2020-07-14,29.65,29.625,71074,31.25,31.275,122319,33.51,33.525,24389
2020-07-15,28.35,28.325,63190,30.42,30.375,128955,33.12,33.125,24577
2020-07-16,28.09,28.125,57145,30.26,30.275,136269,33.15,33.125,24440
2020-07-17,26.34,26.425,49965,28.98,28.975,145157,32.45,32.425,24846
2020-07-20,24.7,24.725,43873,27.45,27.525,151526,31.24,31.275,25434
2020-07-21,24.83,24.775,39160,27.9,27.825,158664,31.54,31.475,26700
2020-07-22,24.85,25.45,30782,27.38,27.25,167202,31.37,31.25,26398
2020-07-23,28.7,28.775,165312,30.2,30.275,34679,29.95,29.975,23344
2020-07-24,28.78,28.725,159771,30.56,30.525,40198,30.43,30.375,23454
2020-07-27,27.5,27.525,153906,29.82,29.925,44842,29.9,29.975,23466
2020-07-28,27.6,27.525,148660,29.93,29.875,49596,30.15,30.075,23382
2020-07-29,26.63,26.775,140472,29.3,29.475,56233,29.75,29.825,24004
2020-07-30,26.75,27.175,136193,29.55,29.825,61081,29.81,30.025,24334
2020-07-31,26.9,26.825,127539,29.68,29.625,66379,30.02,30.025,24096
2020-08-03,26.8,26.775,121483,29.34,29.375,72280,29.85,29.875,23873
2020-08-04,25.85,25.875,113520,28.45,28.425,82278,29.23,29.125,24740
2020-08-05,25.25,25.325,106965,28.08,28.125,89431,29.0,29.025,25432
2020-08-06,24.85,24.875,103164,27.75,27.875,96780,28.9,28.85,25864
2020-08-07,24.6,24.625,97856,27.84,27.825,102966,28.96,28.975,25972
2020-08-10,23.85,23.775,93298,27.1,27.125,111916,28.6,28.575,26047
2020-08-11,24.68,24.925,84066,27.9,28.175,120904,29.02,29.275,26287
2020-08-12,23.35,23.275,71807,26.95,26.875,129427,28.56,28.525,26163
2020-08-13,23.2,23.225,59364,26.82,26.825,140357,28.65,28.575,26573
2020-08-14,23.29,23.275,48113,26.94,26.975,150510,28.85,28.775,26926
2020-08-17,21.9,21.775,37190,25.93,25.825,160228,28.4,28.125,26620
2020-08-18,21.95,21.775,27876,25.55,25.475,169647,28.25,28.225,29125
2020-08-19,21.8,21.71,15351,26.25,26.225,179090,28.68,28.675,29487
2020-08-20,25.88,25.875,176774,29.22,29.225,54470,27.8,27.825,20106
2020-08-21,26.0,25.925,172783,29.57,29.575,58143,28.24,28.175,20760
2020-08-24,25.9,25.825,168321,29.6,29.575,62631,28.25,28.2,20592
2020-08-25,25.35,25.475,161960,29.43,29.475,69389,27.99,28.075,20853
2020-08-26,26.15,26.075,157249,30.4,30.375,74747,28.49,28.525,20497
2020-08-27,27.05,27.025,150441,31.25,31.325,78108,28.77,28.825,20910
2020-08-28,26.9,26.95,141965,31.63,31.675,83785,28.88,28.925,21586
2020-08-31,28.15,27.875,132640,33.3,33.225,88958,29.76,29.675,21469
2020-09-01,28.35,28.325,124350,33.51,33.525,94274,29.8,29.875,22465
2020-09-02,28.95,28.875,114428,35.39,35.325,102846,30.78,30.775,22418
2020-09-03,34.1,33.875,112180,38.4,39.025,113030,31.42,31.575,22234
2020-09-04,29.85,29.65,98718,36.28,36.175,119254,30.86,30.925,21235
2020-09-08,30.1,30.225,79875,34.55,34.625,116357,29.64,29.4,20936
2020-09-09,,28.375,68755,,33.225,120991,,29.325,20653
2020-09-10,28.86,28.775,59164,32.85,32.675,125605,29.34,29.075,21027
2020-09-11,26.6,26.325,48617,31.84,31.875,133643,29.25,29.425,22234
2020-09-14,25.85,25.725,43347,31.15,31.375,138156,29.22,29.025,24756
2020-09-15,25.45,25.375,26839,30.4,30.425,146602,29.45,29.425,24377
2020-09-16,25.4,26.12,16098,30.35,30.525,153786,29.85,29.975,25572
2020-09-17,29.95,29.825,155365,30.52,30.575,40688,29.6,29.675,14890
2020-09-18,30.1,30.075,152028,30.76,30.675,43359,29.8,29.775,16542
2020-09-21,,31.225,148896,,31.675,46969,,30.275,17098
2020-09-22,31.42,31.375,142073,32.16,32.175,50288,30.65,30.575,16775
2020-09-23,32.55,32.475,135963,33.27,33.325,53890,31.07,31.075,17258
2020-09-24,32.25,32.225,133889,33.6,33.675,57702,30.96,31.025,17163
2020-09-25,31.27,31.225,128341,32.9,32.925,60414,30.35,30.325,17037
2020-09-28,31.0,30.825,122829,33.03,32.975,63867,29.99,29.925,17702
2020-09-29,29.95,29.775,121149,32.15,32.075,68184,29.65,29.625,17922
2020-09-30,30.5,30.375,119459,32.9,32.875,71047,29.87,29.875,17825
2020-10-01,30.7,30.675,116107,32.49,32.475,76357,30.15,30.15,17883
2020-10-02,31.95,32.075,112129,32.95,33.175,82819,30.55,30.575,18122
2020-10-05,30.86,30.825,102495,32.23,32.225,87166,29.85,29.85,18107
2020-10-06,31.55,31.225,98129,32.55,32.225,92686,30.2,29.975,18079
2020-10-07,30.0,30.025,92816,31.7,31.725,98268,29.75,29.725,17790
2020-10-08,28.0,28.125,88534,30.27,30.425,102738,28.99,28.925,17914
2020-10-09,26.8,26.875,88752,29.05,29.025,110451,27.91,27.95,18011
2020-10-12,26.2,26.325,82631,28.45,28.575,116223,27.6,27.625,19140
2020-10-13,26.88,26.775,74727,28.58,28.575,126095,27.6,27.525,18878
2020-10-14,27.15,27.075,66993,28.25,28.2,131637,27.4,27.4,18238
2020-10-15,27.6,27.575,58993,28.85,28.875,139218,27.8,27.7,17772
2020-10-16,27.9,27.875,51381,29.02,29.025,145441,27.97,27.975,17668
2020-10-19,28.85,29.175,45907,29.9,30.225,153145,28.47,28.575,18787
2020-10-20,29.6,29.275,37794,30.0,29.975,158782,28.7,28.7,19430
2020-10-21,30.0,29.07,22690,29.2,29.225,166841,28.15,28.225,20288
2020-10-22,28.85,28.825,160860,28.43,28.525,47511,27.6,27.625,14480
2020-10-23,28.8,28.775,151396,28.59,28.625,53771,27.6,27.625,14248
2020-10-26,,31.325,145006,,30.375,58407,,28.825,14328
2020-10-27,31.75,31.325,144271,31.12,30.925,63663,29.17,28.9,15083
2020-10-28,35.6,36.0,138909,34.05,34.725,70393,30.65,30.775,15177
2020-10-29,34.37,33.125,138259,33.4,32.575,78219,30.0,29.525,15757
2020-10-30,33.91,34.1,128466,33.5,34.075,83668,29.9,30.175,15201
2020-11-02,33.15,33.375,123409,32.95,33.175,92202,29.05,29.175,15920
2020-11-03,31.25,31.425,115064,31.35,31.575,101024,28.3,28.325,15669
2020-11-04,28.55,28.375,110494,28.95,29.175,108661,27.45,27.475,16223
2020-11-05,27.73,27.775,101547,28.72,28.775,116838,27.55,27.675,15750
2020-11-06,25.35,25.475,92374,27.1,27.175,122157,27.1,27.3,15955
2020-11-09,25.35,25.575,81333,26.05,26.275,127584,25.65,25.675,17100
2020-11-10,24.7,24.675,74412,25.53,25.425,134216,25.65,25.625,16853
2020-11-11,24.15,23.825,60451,24.9,24.975,135198,25.5,25.475,16429
2020-11-12,25.76,25.875,52329,26.43,26.575,141220,26.25,26.275,17034
2020-11-13,23.35,23.325,43976,25.0,25.075,148555,25.65,25.675,17240
2020-11-16,22.8,22.925,40713,24.45,24.525,150485,25.5,25.575,17768
2020-11-17,23.3,22.975,33858,24.2,24.025,161518,25.45,25.375,17805
2020-11-18,21.95,22.41,21928,25.0,24.875,172339,26.25,26.225,18292
2020-11-19,24.9,24.475,168441,26.2,25.925,46756,26.09,25.925,13457
2020-11-20,24.46,24.375,174080,25.85,25.825,60153,25.93,25.925,14015
2020-11-23,24.15,24.1,158178,25.7,25.725,60242,25.75,25.725,14182
2020-11-24,23.6,23.6,149344,25.4,25.625,65837,25.55,25.7,14126
2020-11-25,22.8,22.625,144624,24.87,24.825,71983,25.28,25.275,14515
2020-11-27,22.8,22.825,139039,24.9,25.025,78398,25.2,25.325,15012
2020-11-30,22.5,22.375,132188,24.58,24.575,83901,25.05,25.075,14713
2020-12-01,22.63,22.825,124050,24.3,24.425,93849,25.0,25.125,14644
2020-12-02,22.75,22.675,117095,24.32,24.325,107787,25.0,24.975,15166
2020-12-03,23.0,22.975,111326,24.4,24.475,114827,25.1,25.175,15261
2020-12-04,22.71,22.475,103334,24.27,24.225,123639,25.01,24.975,14983
2020-12-07,22.75,22.475,96120,24.54,24.325,132736,25.22,25.125,14974
2020-12-08,21.55,21.375,92600,23.68,23.625,145785,24.75,24.725,15315
2020-12-09,22.4,22.525,77892,24.2,24.375,151398,25.28,25.375,14786
2020-12-10,22.55,22.525,68958,24.65,24.675,162834,25.55,25.575,14726
2020-12-11,23.75,23.625,53258,25.62,25.575,172484,26.15,26.075,14768
2020-12-14,24.4,24.275,43859,26.15,26.125,179775,26.6,26.525,14988
2020-12-15,22.96,22.875,34475,24.8,24.975,189005,26.09,26.175,16091
2020-12-16,22.7,23.35,20522,24.25,24.1,193457,25.9,25.875,18439
2020-12-17,23.9,23.825,186940,25.4,25.425,50156,25.93,25.925,11874
2020-12-18,24.0,24.175,179516,25.55,25.725,55110,26.05,26.175,11630
2020-12-21,26.25,26.325,173692,27.0,27.125,58615,26.75,26.675,11881
2020-12-22,25.8,25.775,170490,26.9,26.925,68043,26.88,26.825,11999
2020-12-23,24.65,24.625,163838,26.05,26.175,69516,26.1,26.125,11997
2020-12-24,23.85,23.825,154833,25.66,25.625,74863,25.8,25.8,11832
2020-12-28,23.6,23.675,149254,25.44,25.575,79305,25.75,25.775,11903
2020-12-29,24.7,24.625,140881,26.43,26.425,86209,26.45,26.475,12065
2020-12-30,23.75,23.675,135225,25.65,25.625,92085,26.01,25.925,11866
2020-12-31,23.6,23.675,130550,25.48,25.575,99207,25.85,25.95,12020
2021-01-04,26.45,26.275,126320,27.19,27.125,104708,26.8,26.825,11997
2021-01-05,25.4,25.325,119409,26.7,26.425,118542,,26.425,12688
2021-01-06,24.7,25.125,111463,25.94,26.275,125335,26.0,26.225,12885
2021-01-07,23.2,23.225,104005,24.97,24.975,135313,,25.725,13144
2021-01-08,22.8,22.775,97478,24.82,24.825,144896,25.51,25.575,13876
2021-01-11,24.35,24.475,86283,26.05,26.175,160089,26.5,26.575,13762
2021-01-12,23.54,23.325,76470,25.51,25.425,167820,26.27,26.225,13664
2021-01-13,22.75,22.675,66181,24.98,25.075,173087,25.95,26.0,14288
2021-01-14,23.2,23.175,57587,25.32,25.325,186561,,26.475,14518
2021-01-15,24.6,23.775,49860,26.35,25.975,199189,27.15,26.925,16488
2021-01-19,23.2,23.225,40776,25.3,25.225,207088,26.86,26.875,17344
2021-01-20,22.5,22.59,18074,24.9,24.775,220268,26.65,26.675,21639
2021-01-21,24.6,24.525,219146,,26.225,64057,,26.975,13312
2021-01-22,24.85,24.875,213879,26.44,26.525,67546,27.02,27.075,13474
2021-01-25,25.85,25.9535,204641,27.3,27.4004,70859,27.61,27.6674,13882
2021-01-26,25.3,25.4095,195131,27.15,27.2267,78219,27.67,27.7888,13515
2021-01-27,33.05,31.5342,188249,31.8,31.2313,85902,30.12,29.9922,13820
2021-01-28,30.49,30.3946,179190,30.99,30.7199,102087,29.72,29.4496,14868
2021-01-29,32.85,32.3859,156932,32.4,32.4205,106120,30.58,30.5068,14172
2021-02-01,30.6,30.3302,154737,31.19,31.0263,104573,30.29,30.1151,13624
2021-02-02,27.35,27.5781,135918,28.59,28.7376,115650,28.85,28.9762,14274
2021-02-03,25.5,25.7794,120354,27.4,27.6514,121642,27.98,28.2887,13922
2021-02-04,24.3,24.2274,111756,,26.7436,125005,,28.05,13308
2021-02-05,24.2,24.0993,106565,26.71,26.65,141182,28.02,28.0456,15726
2021-02-08,23.85,23.8379,98018,26.55,26.5484,160581,28.1,28.1,15521
2021-02-09,23.7,23.7021,88467,26.62,26.6863,179909,28.4,28.5,15935
2021-02-10,23.75,23.7413,78401,27.07,27.2855,199573,29.0,29.2004,16638
2021-02-11,23.0,22.71,69886,26.9,26.692,217855,29.13,29.0421,18916
2021-02-12,21.4,21.3594,56795,25.9,25.8785,237454,28.58,28.75,19974
2021-02-16,21.6,21.2418,48842,26.1,26.1251,254503,29.1,29.0977,22865
2021-02-17,21.7,22.81,28089,25.76,25.6,270534,29.3,29.1871,27224
2021-02-18,25.85,25.8017,261677,28.7,28.65,58713,29.65,29.5825,22266
2021-02-19,24.9,24.7988,252403,27.97,27.8902,68153,29.37,29.3,22081
2021-02-22,25.6,25.9031,241118,28.36,28.6508,77603,29.65,29.85,23143
2021-02-23,25.05,24.748,230852,27.99,27.8272,85170,29.45,29.3,22531
2021-02-24,24.0,23.7595,217889,26.85,26.7495,91802,28.43,28.3886,23574
2021-02-25,28.3,28.215,203429,29.68,29.6522,98269,29.9,29.886,24417
2021-02-26,27.1,26.7444,204080,28.55,28.2329,109388,29.3,29.1549,22625
2021-03-01,24.55,24.6158,175182,26.77,26.9033,112608,28.1,28.1036,23639
2021-03-02,24.85,24.765,162956,27.05,27.0329,125026,28.48,28.5484,22731
2021-03-03,26.35,26.1275,147401,27.9,27.9008,134890,28.92,28.9505,23199
2021-03-04,27.45,27.521,145366,28.75,28.9361,147015,29.43,29.5554,22552
2021-03-05,25.1,25.0507,136244,27.28,27.2112,155714,28.35,28.3466,22615
2021-03-08,25.45,25.3667,121277,27.55,27.6657,160914,28.6,28.803,21964
2021-03-09,23.94,23.9726,106909,26.67,26.7188,172964,28.4,28.3688,22216
2021-03-10,23.45,23.5048,91327,26.38,26.4616,184273,28.17,28.2118,23400
2021-03-11,23.05,22.8882,83250,25.87,25.8013,197582,27.85,27.7066,24575
2021-03-12,22.05,21.9778,70848,25.44,25.4109,205276,27.81,27.7586,25092
2021-03-15,20.35,20.1006,60646,24.1,23.9781,213738,27.0,26.9892,27222
2021-03-16,19.95,19.9204,47687,24.0,24.047,225727,26.77,26.8014,28451
2021-03-17,20.2,20.8,33898,23.2,23.0025,232514,26.07,25.9829,31884
2021-03-18,24.16,24.3001,227580,25.75,25.8014,65258,26.95,27.0,24762
2021-03-19,23.55,23.315,223099,25.45,25.2669,67522,27.14,27.05,25367
2021-03-22,21.81,21.731,214012,23.92,23.9449,69024,25.76,25.85,26168
2021-03-23,,22.833,207222,,24.7467,74812,,26.2,25361
2021-03-24,22.9,22.9775,209764,24.65,24.7612,84767,26.0,26.1517,26122
2021-03-25,22.25,22.3056,193637,24.14,24.2012,86956,25.71,25.7045,26223
2021-03-26,21.45,21.3859,180052,23.39,23.3135,90656,25.2,25.1614,26695
2021-03-29,21.9,22.0032,169944,23.53,23.6502,92929,24.98,25.1,27671
2021-03-30,21.1,21.0321,162049,22.9,22.8076,102716,24.45,24.3811,29261
2021-03-31,20.75,20.734,155859,22.63,22.6758,105992,24.25,24.3,29868
2021-04-01,19.9,20.0824,147130,21.85,22.0336,111906,23.72,23.8539,29753
2021-04-05,19.45,19.5423,152207,21.44,21.4914,125573,23.35,23.35,30995
2021-04-06,19.65,19.561,132500,21.54,21.4864,129405,23.39,23.2518,32202
2021-04-07,18.85,18.986,125853,20.92,21.0655,135661,23.02,23.1,32733
2021-04-08,18.4,18.4887,118895,20.75,20.805,142140,23.03,23.05,33595
2021-04-09,18.45,18.1505,116389,20.97,20.8262,149704,23.26,23.1646,35039
2021-04-12,18.05,18.0039,112318,20.61,20.5653,153984,23.03,23.0074,35525
2021-04-13,17.8,17.6781,100790,20.55,20.4734,161344,23.2,23.1873,35906
2021-04-14,17.88,18.0989,90214,20.72,20.9333,170173,23.31,23.4063,36617
2021-04-15,17.2,17.1523,74708,20.3,20.2942,182154,23.21,23.1557,37150
2021-04-16,17.11,17.0019,67301,20.0,19.955,187716,22.81,22.85,38390
2021-04-19,17.65,17.657,56854,20.65,20.7006,198361,23.35,23.4524,39127
2021-04-20,18.96,18.6526,48111,21.25,21.0528,205798,23.95,23.9038,40393
2021-04-21,19.05,19.28,28759,20.2,19.9955,215177,23.45,23.1962,41099
2021-04-22,21.05,21.1658,208712,22.75,22.8048,57401,24.4,24.4389,23603
2021-04-23,20.35,20.4318,201584,22.15,22.191,62224,24.07,24.05,24565
2021-04-26,20.24,20.2051,192293,22.05,22.1001,66840,23.87,23.9507,27952
2021-04-27,19.85,19.7093,184260,21.67,21.6953,73582,23.48,23.5529,27510
2021-04-28,19.6,19.6632,175943,21.6,21.7018,78525,23.45,23.6549,25719
2021-04-29,19.68,19.5684,169114,21.67,21.598,82635,23.6,23.55,25670
2021-04-30,20.45,20.438,162237,22.2,22.2391,86985,24.0,23.976,25819
2021-05-03,19.75,19.7324,157419,21.51,21.5522,96982,23.4,23.4848,25595
2021-05-04,20.8,20.5493,143936,22.35,22.2357,108056,23.94,23.9,26283
2021-05-05,20.05,19.9784,137021,21.75,21.6758,117827,23.6,23.5,26102
2021-05-06,19.8,19.6892,125201,21.66,21.6227,125133,23.55,23.5,25760
2021-05-07,18.4,18.2917,118198,20.65,20.5424,131343,22.92,22.9005,26471
2021-05-10,19.75,19.4819,114740,21.4,21.3487,141465,23.4,23.3922,26727
2021-05-11,21.66,21.2388,95539,23.02,22.8487,153778,24.53,24.35,26177
2021-05-12,26.1,25.9725,82517,26.38,26.4334,164063,26.55,26.5172,25471
2021-05-13,22.7,22.6932,72038,24.11,24.0809,172288,25.16,24.8911,29038
2021-05-14,19.1,19.1312,58534,21.2,21.3668,171519,23.3,23.3341,30303
2021-05-17,19.65,19.9063,46726,21.79,22.1144,170255,23.65,23.8924,33594
2021-05-18,21.76,21.1438,32516,22.56,22.3794,177199,24.5,24.5043,34045
2021-05-19,24.3,25.21,18216,23.65,23.3861,183059,25.05,24.8198,36431
2021-05-20,22.1,22.1031,179446,23.64,23.6346,70670,24.7,24.6491,20784
2021-05-21,21.85,21.8453,169030,23.3,23.28,70314,24.3,24.3574,21003
2021-05-24,20.85,20.7569,162356,22.51,22.4758,73374,23.65,23.7,21395
2021-05-25,20.6,20.7012,161035,22.53,22.6499,78749,23.79,23.8974,20887
2021-05-26,19.65,19.6232,158196,21.6,21.6727,83322,23.2,23.2715,21198
2021-05-27,18.63,18.5669,149527,20.65,20.6488,87118,22.52,22.58,21159
2021-05-28,19.1,19.1343,144144,20.75,20.8509,91035,22.6,22.6626,21946
2021-06-01,19.4,19.5551,136027,21.22,21.3709,98213,22.75,22.8556,21787
2021-06-02,19.05,18.9248,128492,21.09,21.0457,104221,22.9,22.9165,24366
2021-06-03,19.3,19.2865,122617,21.4,21.3869,112316,23.15,23.15,24329
2021-06-04,18.29,18.1246,112656,20.45,20.3389,119860,22.55,22.4,25458
2021-06-07,17.65,17.6359,103740,20.0,20.0021,134958,22.25,22.2506,25863
2021-06-08,18.0,17.9012,94995,20.25,20.2319,143651,22.35,22.25,25521
2021-06-09,18.33,18.3797,86810,20.43,20.4981,154589,22.5,22.5785,25441
2021-06-10,17.03,16.9031,71742,19.53,19.443,165146,21.69,21.6078,26043
2021-06-11,16.58,16.5505,63061,18.84,18.8501,172028,21.35,21.3936,25363
2021-06-14,16.65,16.4514,54866,19.1,19.0759,177685,21.6,21.4883,26317
2021-06-15,17.1,17.1014,44068,19.3,19.5645,186259,21.75,21.802,27515
2021-06-16,17.1,16.38,29033,19.95,19.623,199310,22.15,21.9897,27689
2021-06-17,19.45,19.5146,195420,20.91,20.9062,66268,22.3,22.3196,19333
2021-06-18,21.5,21.339,187437,22.35,22.2601,70420,23.25,23.182,19378
2021-06-21,20.2,19.9159,191416,21.45,21.1897,82127,22.75,22.5711,21641
2021-06-22,18.75,18.8265,171626,20.35,20.5299,72586,22.09,22.2474,20647
2021-06-23,18.3,18.4413,165248,20.0,20.1918,74837,21.82,21.95,21006
2021-06-24,18.1,18.167,163908,19.77,19.853,78996,21.65,21.7,21286
2021-06-25,17.7,17.7017,158014,19.6,19.6252,83772,21.65,21.7276,21822
2021-06-28,17.75,17.7213,153865,19.5,19.516,87311,21.6,21.599,22975
2021-06-29,,18.1278,151974,,19.953,92137,,21.8899,23126
2021-06-30,17.85,17.9033,145227,19.7,19.7487,97333,21.86,21.8544,23303
2021-07-01,17.55,17.4735,138679,19.58,19.5447,101501,21.72,21.7,24768
2021-07-02,17.5,17.4706,136480,19.51,19.4999,106231,21.7,21.65,26666
2021-07-06,18.2,17.9987,128062,19.9,19.8513,117210,21.9,21.825,27975
2021-07-07,17.9,18.0485,127575,19.84,19.9455,126807,21.9,21.9514,28402
2021-07-08,19.75,19.545,109951,21.1,20.9988,129419,22.6,22.5539,29153
2021-07-09,17.9,17.7962,93692,19.9,19.8444,132129,22.0,21.9502,30017
2021-07-12,17.25,17.3713,80172,19.63,19.8395,142594,22.02,22.2,30127
2021-07-13,17.8,17.7342,73831,20.0,20.0157,150674,22.4,22.3518,31500
2021-07-14,17.17,17.047,68529,19.62,19.6029,149300,22.2,22.25,31577
2021-07-15,17.6,17.51,64714,19.9,19.8149,152024,22.3,22.2019,31254
2021-07-16,18.5,18.6228,54747,20.5,20.6339,159904,22.5,22.5793,31293
2021-07-19,22.02,22.738,47654,23.03,23.6675,165696,23.46,23.9996,30746
2021-07-20,19.84,19.9561,34977,21.43,21.4852,179549,23.4,23.3957,32553
2021-07-21,19.05,18.9,23615,20.05,20.1082,175636,22.43,22.5494,33208
2021-07-22,20.15,20.5665,167885,21.5,21.85,50876,22.7,22.8901,22528
2021-07-23,20.5,20.3675,164178,21.74,21.6506,55401,22.78,22.7003,22248
2021-07-26,20.1,20.1497,159138,21.58,21.6947,57211,22.7,22.8403,22292
2021-07-27,21.05,20.7147,153021,22.38,22.2005,61577,23.3,23.1721,21819
2021-07-28,20.45,20.1089,145155,22.05,21.7999,69704,23.1,22.9289,21657
2021-07-29,20.0,19.7092,139060,21.75,21.5483,74833,23.0,22.8,21517
2021-07-30,20.25,20.274,136906,21.95,22.0749,79565,23.11,23.2496,21600
2021-08-02,21.05,21.1496,132323,22.55,22.7197,86800,23.62,23.7,21238
2021-08-03,20.05,19.8525,124828,21.95,21.8428,92666,23.25,23.1793,21502
2021-08-04,19.91,19.8494,116995,21.75,21.7559,102044,23.17,23.1982,21897
2021-08-05,19.31,19.3129,109492,21.3,21.2892,105929,22.91,22.9,21835
2021-08-06,18.78,18.7024,102241,20.79,20.751,110914,22.57,22.5119,22220
2021-08-09,18.3,18.4231,100337,20.6,20.6867,122289,22.55,22.5513,21796
2021-08-10,18.05,17.9776,83888,20.38,20.3456,130269,22.42,22.4013,21887
2021-08-11,17.69,17.4443,74802,19.88,19.7318,139702,22.05,21.9304,22644
2021-08-12,16.85,17.0028,60471,19.28,19.3979,151259,21.45,21.5493,24765
2021-08-13,16.7,16.631,52384,19.6,19.486,157669,21.65,21.5587,27581
2021-08-16,16.6,16.504,45852,19.7,19.6237,168682,21.77,21.7125,29254
2021-08-17,18.15,17.5787,32675,20.44,20.1697,178736,22.55,22.3124,29095
2021-08-18,18.1,18.58,18213,21.65,21.7058,182103,23.2,23.3363,31769
2021-08-19,22.24,22.346,176232,23.2,23.1773,47908,23.5,23.386,23045
2021-08-20,20.56,20.5273,171142,22.16,22.1551,52372,22.97,22.9318,23133
2021-08-23,19.7,19.8468,155070,21.43,21.6622,53460,22.5,22.7243,23127
2021-08-24,19.65,19.7306,145894,21.55,21.6582,57268,22.75,22.75,23845
2021-08-25,19.25,19.2328,141750,21.28,21.2899,61783,22.46,22.5005,24393
2021-08-26,20.15,20.1229,139644,21.97,21.9501,67982,22.85,22.8592,24563
2021-08-27,19.05,18.9529,133813,21.25,21.1309,73456,22.35,22.2424,24856
2021-08-30,18.7,18.746,127508,20.95,20.9491,82187,22.19,22.2999,24887
2021-08-31,18.6,18.6212,120884,20.9,20.9074,93370,22.26,22.3,24811
2021-09-01,18.1,18.0805,117945,20.45,20.446,101300,22.0,21.9659,24912
2021-09-02,18.1,17.9632,114027,20.51,20.4432,110922,22.0,22.0,25104
2021-09-03,18.26,18.3528,106130,20.45,20.5624,120321,22.1,22.1502,25375
2021-09-07,18.92,18.8314,93209,20.91,20.9005,130789,22.45,22.448,25452
2021-09-08,19.1,18.7658,83747,21.13,20.9315,137162,22.74,22.6114,26084
2021-09-09,19.4,19.3716,72873,21.33,21.353,141837,22.85,22.8946,26808
2021-09-10,20.49,20.6249,61109,21.91,22.1543,150360,23.03,23.2004,27745
2021-09-13,19.25,19.298,48515,21.3,21.3321,161460,23.05,22.9873,29715
2021-09-14,19.65,19.715,31705,21.45,21.5605,171267,23.1,23.3061,32148
2021-09-15,19.4,19.79,18705,20.79,20.8379,178859,22.98,23.0433,35035
2021-09-16,20.7,20.5556,181572,22.2,22.0021,54462,23.9,23.85,21295
2021-09-17,22.35,21.9377,179482,23.2,22.9489,55561,24.4,24.3495,21363
2021-09-20,,24.4629,178989,,24.6975,59888,,25.4788,21570
2021-09-21,23.95,23.4294,179011,24.3,24.1154,66125,25.15,24.9932,21205
2021-09-22,21.95,22.0994,162750,23.02,23.1347,67371,24.25,24.3399,21666
2021-09-23,20.6,20.5996,149928,22.22,22.2012,70217,23.75,23.6541,20912
2021-09-24,19.8,19.8182,147211,21.48,21.6471,75904,23.25,23.45,20870
2021-09-27,20.4,20.1083,137748,21.8,21.6778,80841,23.51,23.4418,22536
2021-09-28,22.85,22.5173,128335,23.5,23.4435,84191,24.6,24.5862,24369
2021-09-29,22.73,22.9912,126936,23.61,23.7823,86816,24.68,24.7555,24396
2021-09-30,22.79,22.8678,118684,23.58,23.6859,89414,24.66,24.8007,24102
2021-10-01,21.56,21.994,112912,22.97,23.2158,92079,24.38,24.4823,24809
2021-10-04,22.69,22.681,107464,23.62,23.6992,97878,24.85,25.0296,24783
2021-10-05,21.55,21.7541,105706,23.0,23.0271,104985,24.55,24.424,25007
2021-10-06,21.25,21.2171,95434,22.65,22.6587,107118,24.29,24.2522,26596
2021-10-07,20.1,20.1013,91937,22.05,22.0851,111910,23.88,23.8978,26725
2021-10-08,20.0,19.7169,87817,21.75,21.6097,117703,23.88,23.8636,28123
2021-10-11,20.15,20.1505,82342,21.82,21.8565,128895,23.9,23.9,28849
2021-10-12,20.12,19.7169,82862,21.75,21.4506,138583,23.9,23.6,29308
2021-10-13,19.3,19.1506,73064,21.05,21.107,144324,23.42,23.4057,30200
2021-10-14,,17.6014,58411,,20.0046,156650,,22.7996,30772
2021-10-15,17.15,17.1727,48522,20.0,20.0983,172946,22.92,23.0032,31475
2021-10-18,16.85,16.618,42467,19.82,19.6962,185201,23.2,23.0615,33775
2021-10-19,16.05,15.9647,30764,19.6,19.5287,194415,23.0,23.0004,33808
2021-10-20,15.8,15.35,22330,19.3,19.3155,202460,22.72,22.7,34352
2021-10-21,18.95,18.6977,200818,20.85,20.6504,59435,23.35,23.2,22311
2021-10-22,19.2,19.1016,195650,21.2,21.1001,63202,23.58,23.4862,21901
2021-10-25,18.6,18.5505,189386,20.5,20.4983,69319,23.05,23.05,21612
2021-10-26,18.9,18.9246,181529,20.8,20.8037,74031,23.25,23.2502,21207
2021-10-27,19.25,19.3496,174572,21.15,21.2962,79883,23.46,23.6082,21605
2021-10-28,19.0,18.6503,170841,21.15,20.8493,84869,23.4,23.2,21774
2021-10-29,18.75,18.7793,163083,20.99,21.0533,92594,23.45,23.4754,22137
2021-11-01,18.45,18.3999,153018,20.8,20.8006,98265,23.4,23.3491,22717
2021-11-02,17.9,17.8505,149895,20.4,20.3509,107684,23.03,23.0429,23174
2021-11-03,17.21,17.1078,145897,19.77,19.7495,114360,22.55,22.5557,24192
2021-11-04,17.35,17.4041,138296,19.96,20.084,122107,22.84,22.9,24970
2021-11-05,18.4,18.4401,129653,20.4,20.5057,128391,23.22,23.222,24858
2021-11-08,18.4,18.4945,114423,20.45,20.5003,143038,23.23,23.25,25242
2021-11-09,18.9,18.9001,104278,20.85,20.827,147911,23.58,23.6,24945
2021-11-10,19.6,19.5268,90603,21.01,21.0045,156575,23.59,23.6217,24745
2021-11-11,18.66,18.7588,75949,20.71,20.7957,164011,23.3,23.3865,24910
2021-11-12,17.5,17.4182,62892,20.12,20.108,163684,23.09,23.1752,25975
2021-11-15,17.0,17.0011,51736,19.9,19.891,165126,23.05,23.132,29632
2021-11-16,16.45,16.7991,36344,19.95,20.0017,173275,23.1,23.2013,29836
2021-11-17,,16.34,20266,,20.2745,181233,,23.602,31142
2021-11-18,20.52,20.4995,177407,22.62,22.6455,56543,24.65,24.6,22105
2021-11-19,20.7,20.7994,172541,22.7,22.7497,60611,24.55,24.5716,22130
2021-11-22,20.95,21.1529,168609,22.92,23.0998,65916,24.75,24.85,22250
2021-11-23,20.7,20.563,164035,22.74,22.6656,69195,24.68,24.5712,22826
2021-11-24,20.25,20.348,157873,22.38,22.4538,74655,24.39,24.4247,23666
2021-11-26,25.9,26.5412,155049,26.45,27.0096,78450,26.98,27.1271,24605
2021-11-29,22.55,22.2041,172216,24.04,23.7474,82853,25.45,25.219,25124
2021-11-30,25.15,25.6865,144166,26.0,26.4777,79435,26.57,26.9063,25275
2021-12-01,26.96,27.8304,146216,27.43,27.964,86949,27.65,27.7563,26779
2021-12-02,,25.9392,134014,,26.905,89862,,27.0685,26351
2021-12-03,28.6,28.7301,132060,28.25,28.6173,94082,27.9,28.1169,26488
2021-12-06,25.9,25.8521,128602,26.7,26.6506,106727,27.05,27.0088,24557
2021-12-07,22.4,22.5437,114089,24.03,24.2002,106732,25.37,25.5536,24483
2021-12-08,20.75,20.8267,95356,22.95,23.0192,102965,24.75,24.891,25704
2021-12-09,21.65,21.5672,83147,23.62,23.5593,104825,25.15,25.1042,27632
2021-12-10,19.86,19.7975,79837,22.36,22.2662,105947,24.5,24.4502,28524
2021-12-13,20.45,20.5841,74342,22.94,23.1634,114949,25.01,25.2573,29960
2021-12-14,21.6,21.2857,67874,23.72,23.4828,117076,25.65,25.5411,30926
2021-12-15,19.2,19.0758,60912,21.9,21.9711,114855,24.4,24.4199,33450
2021-12-16,20.25,20.4217,55981,22.8,22.8188,122463,25.05,25.1453,35488
2021-12-17,20.97,21.0691,46798,23.42,23.5739,125241,25.5,25.6924,36700
2021-12-20,22.6,22.8089,37957,24.15,24.3107,132611,25.9,25.9998,37547
2021-12-21,,21.0726,31410,,23.1636,140535,,25.4724,36708
2021-12-22,21.05,20.83,16943,21.8,21.8007,137001,24.71,24.7126,38826
2021-12-23,21.7,21.6518,133680,23.35,23.3994,53687,25.55,25.5508,17631
2021-12-27,21.05,21.0053,132678,23.0,23.0302,56252,25.3,25.2561,17322
2021-12-28,20.5,20.5305,128450,22.56,22.6303,59201,24.95,24.9993,17977
2021-12-29,20.0,20.0072,124436,22.12,22.104,64959,24.75,24.6607,18548
2021-12-30,19.72,19.9439,118566,21.92,22.047,71223,24.65,24.7318,18741
2021-12-31,19.65,19.6745,115183,21.93,21.9705,75149,24.66,24.6913,19453
2022-01-03,19.05,18.8578,112053,21.53,21.4095,80989,24.45,24.3494,19807
2022-01-04,19.0,18.8692,110575,21.4,21.3187,88903,24.4,24.3035,21637
2022-01-05,20.95,20.7745,105508,22.7,22.6171,97226,25.1,25.0611,22746
2022-01-06,20.9,20.8496,99435,22.85,22.8491,103192,25.1,25.1,22978
2022-01-07,20.5,20.398,91440,22.2,22.0204,108267,24.55,24.5117,23246
2022-01-10,19.98,19.9034,77551,21.7,21.7049,118824,24.25,24.25,23498
2022-01-11,19.05,18.954,68454,21.0,20.9933,123055,23.86,23.8575,24547
2022-01-12,18.7,18.5814,62471,21.0,20.9713,135313,23.88,23.8495,25070
2022-01-13,20.45,20.4167,51618,22.2,22.0944,139506,24.6,24.5498,26636
2022-01-14,19.7,19.667,44239,21.8,21.7462,145021,24.3,24.1627,27246
2022-01-18,22.65,22.6197,35941,23.3,23.3922,149389,24.8,24.9708,28856
2022-01-19,22.25,22.79,18521,24.1,24.0687,158065,25.15,25.1404,30312
2022-01-20,25.45,24.9658,157315,25.55,25.1061,55562,25.75,25.5573,17212
2022-01-21,27.4,27.3086,149017,26.99,26.8399,59925,26.7,26.6309,16224
2022-01-24,28.1,28.0683,141983,27.48,27.4498,65873,26.8,26.6527,16262
2022-01-25,29.25,28.1645,148969,28.47,27.7313,76687,27.38,26.9042,18479
2022-01-26,28.6,28.633,134243,28.07,28.1099,80118,27.1,27.0837,17019
2022-01-27,27.97,28.8263,129385,27.85,28.486,86689,26.95,27.3178,17416
2022-01-28,27.1,26.8734,127036,27.12,27.0493,92900,26.5,26.3675,17099
2022-01-31,24.86,24.8523,123102,25.56,25.5448,99006,25.6,25.5759,17921
2022-02-01,22.83,22.7458,111441,23.92,23.9061,100848,24.61,24.5904,17948
2022-02-02,22.95,22.0259,102781,24.21,23.6318,100156,24.99,24.7158,18685
2022-02-03,23.9,25.7306,97533,24.75,26.0671,104418,25.32,26.1561,19805
2022-02-04,24.35,24.2613,90261,25.24,25.1484,108169,25.88,25.9505,20037
2022-02-07,23.35,23.6521,78090,24.3,24.5363,112763,25.25,25.4929,21036
2022-02-08,22.4,22.3116,71080,23.45,23.4098,116012,24.72,24.704,22381
2022-02-09,21.38,21.1561,62724,22.71,22.6687,119986,24.3,24.2478,23509
2022-02-10,24.2,24.2186,56620,24.6,24.5799,127093,25.3,25.3574,24197
2022-02-11,27.05,27.814,46115,27.16,27.69,129901,26.5,26.7377,25154
2022-02-14,,28.3374,37514,,27.7476,139493,,26.6707,24828
2022-02-15,25.85,25.3833,29487,25.5,25.5484,148527,25.7,25.6852,26307
2022-02-16,26.28,26.37,16539,24.55,24.4723,148969,24.95,24.9874,27397
2022-02-17,27.65,27.5683,143406,26.85,26.8288,49163,26.16,26.1945,20032
2022-02-18,28.25,28.1482,141732,27.3,27.2767,50157,26.55,26.5241,20496
2022-02-22,27.9,27.9601,137933,27.07,27.0851,54403,26.4,26.3987,20973
2022-02-23,29.75,29.6693,132927,28.55,28.5132,55771,27.4,27.3487,21108
2022-02-24,28.96,28.5487,128101,28.0,27.7218,62269,27.0,26.7573,21993
2022-02-25,27.35,27.2572,123842,27.0,26.9481,64650,26.33,26.2504,22667
2022-02-28,28.64,28.6169,109415,28.11,28.1501,69725,27.14,27.2058,22566
2022-03-01,31.5,32.1241,108857,30.32,30.6762,81892,28.6,28.7747,24395
2022-03-02,29.95,29.6145,104666,29.35,29.0901,90001,27.99,27.7414,28439
2022-03-03,29.75,29.9057,97084,29.39,29.4694,95084,28.1,28.1499,28729
2022-03-04,31.9,31.5274,90986,30.6,30.3012,100633,28.8,28.636,28093
2022-03-07,34.71,34.8105,87715,32.82,32.86,110365,30.52,30.467,28536
2022-03-08,34.15,33.9186,78322,32.8,32.6065,116230,30.62,30.3992,28465
2022-03-09,31.8,32.1193,64003,31.25,31.4927,121072,29.71,29.9072,28558
2022-03-10,30.25,30.4155,53501,29.93,30.1263,127290,29.1,29.3331,25499
2022-03-11,31.0,31.0024,46141,30.67,30.78,128404,29.8,29.8057,28399
2022-03-14,31.5,31.8036,33036,31.65,31.7235,132407,30.2,30.2362,28543
2022-03-15,31.85,32.28,25322,30.37,30.7261,146896,29.75,29.7888,29745
2022-03-16,27.45,27.5411,140543,27.8,27.9725,42562,28.17,28.2453,21418
2022-03-17,27.49,27.1143,134167,27.73,27.4593,42754,27.98,27.8498,21658
2022-03-18,25.6,25.6406,130598,26.03,26.2185,44870,26.74,26.9279,22127
2022-03-21,25.4,25.482,125594,26.05,26.1731,46082,26.85,27.037,21995
2022-03-22,24.9,24.9989,122255,25.68,25.7186,48200,26.6,26.6364,22425
2022-03-23,25.1,24.8925,121757,25.9,25.7515,51442,26.77,26.6245,22919
2022-03-24,24.25,24.2654,118612,25.45,25.4518,52649,26.5,26.4493,23153
2022-03-25,23.6,23.4552,119345,24.97,24.8564,55885,26.08,26.0502,24410
2022-03-28,22.95,22.9946,118054,24.65,24.6115,59857,25.87,25.8637,24930
2022-03-29,21.85,21.7532,115261,23.77,23.7145,65511,25.41,25.3995,25815
2022-03-30,21.99,22.07,118255,24.03,24.0735,71694,25.6,25.6294,27289
2022-03-31,23.1,23.469,117104,24.77,24.9877,77241,25.98,26.1055,27514
2022-04-01,22.48,22.3324,110852,24.37,24.2141,83146,25.95,25.85,27942
2022-04-04,21.1,20.9619,108390,23.26,23.1475,90644,25.41,25.3995,27970
2022-04-05,22.85,23.2559,105984,24.58,24.8412,98541,26.2,26.4059,28526
2022-04-06,24.05,23.7022,97099,25.55,25.3363,101712,26.87,26.7048,28806
2022-04-07,23.1,22.9769,89662,24.9,24.7128,109023,26.53,26.4327,29468
2022-04-08,22.9,22.8475,81168,24.65,24.7489,113989,26.4,26.4968,29511
2022-04-11,24.73,24.7042,73147,25.87,25.9219,119526,27.3,27.2829,30410
2022-04-12,24.9,25.0641,63293,26.1,26.2047,126605,27.45,27.4962,30799
2022-04-13,22.88,22.6858,54074,24.55,24.4289,131738,26.72,26.6828,30586
2022-04-14,23.61,23.4211,48842,25.02,25.0983,140725,27.09,27.1,32335
2022-04-18,22.65,22.9518,40373,24.6,24.7867,145701,26.93,27.0,32847
2022-04-19,21.6,21.1489,31641,23.81,23.5416,151676,26.37,26.1986,33488
2022-04-20,20.25,20.3,19137,22.94,22.9919,163190,25.8,25.7432,35562
2022-04-21,24.9,24.6907,163864,26.07,25.9855,57415,27.3,27.1802,21780
2022-04-22,28.25,27.9879,161221,28.35,28.2171,60928,28.57,28.4132,21077
2022-04-25,27.09,27.2576,153727,27.67,27.7051,63904,28.1,28.0507,21678
2022-04-26,31.1,30.3018,140263,30.28,29.9546,65648,29.55,29.4128,24216
2022-04-27,29.85,30.8249,137018,29.73,30.3942,70743,29.24,29.5974,26247
2022-04-28,29.15,29.2407,132611,29.25,29.2815,77854,28.91,28.9084,27759
2022-04-29,31.3,31.6487,124067,30.83,31.2085,82477,29.87,30.0042,29583
2022-05-02,30.85,30.9477,127178,30.86,30.9012,92648,29.94,29.9175,30840
2022-05-03,,28.8864,118623,,29.3377,101263,,29.101,29665
2022-05-04,26.05,25.762,109068,27.13,26.9854,97789,27.75,27.6445,31140
2022-05-05,30.95,31.3271,97961,30.95,31.3722,95887,30.18,30.533,31929
2022-05-06,30.8,30.8118,93655,30.83,30.789,101803,30.3,30.238,32511
2022-05-09,34.05,33.8168,90335,33.1,33.0703,108087,31.77,31.8375,35973
2022-05-10,32.5,32.254,81054,32.07,31.9614,117300,31.12,31.05,37782
2022-05-11,31.6,32.1627,72143,31.6,31.7389,117945,30.94,31.0612,36850
2022-05-12,31.5,31.2544,57991,31.5,31.261,118477,30.92,30.7749,37224
2022-05-13,29.0,28.8191,52549,29.35,29.3959,120558,29.72,29.767,39053
2022-05-16,27.85,27.5856,41910,28.25,28.0855,120651,29.24,29.1323,40847
2022-05-17,26.45,26.5988,34155,27.43,27.4896,124662,28.78,28.8758,40676
2022-05-18,,27.68,22524,31.58,31.5195,133429,31.1,30.9888,47012
2022-05-19,29.15,29.286,142017,29.66,29.7555,61309,29.79,29.7999,21307
2022-05-20,29.5,29.4224,128906,29.9,29.9611,58980,29.91,29.9942,20927
2022-05-23,28.85,29.0797,123105,29.64,29.828,59291,29.75,29.8946,20862
2022-05-24,29.24,29.1855,120019,29.88,29.8518,59533,29.9,29.9183,21153
2022-05-25,28.5,28.4859,114185,29.18,29.1357,63019,29.37,29.2999,20894
2022-05-26,28.21,28.0636,114654,29.1,29.0604,65038,29.32,29.4,20477
2022-05-27,26.8,26.8678,111667,28.15,28.174,68522,28.8,28.8016,20475
2022-05-31,26.42,26.4123,109444,27.78,27.7908,73147,28.62,28.6233,21048
2022-06-01,26.25,26.1937,98252,27.62,27.5714,80645,28.56,28.513,21825
2022-06-02,25.6,25.6001,93019,27.05,27.0828,85940,27.98,27.999,21360
2022-06-03,26.03,25.9627,89313,27.37,27.3039,92919,28.28,28.2206,21753
2022-06-06,25.65,25.5854,85281,27.0,26.9709,97547,28.13,28.0834,21970
2022-06-07,24.85,24.6805,79175,26.36,26.3045,103839,27.65,27.6105,22567
2022-06-08,24.77,24.6993,72346,26.23,26.256,108249,27.56,27.6113,23523
2022-06-09,26.27,26.4245,63906,27.35,27.4994,117964,28.35,28.3854,23381
2022-06-10,28.15,28.2892,56224,28.92,29.0858,124407,29.55,29.7342,24227
2022-06-13,33.39,33.4687,49665,32.8,32.8934,130276,31.77,31.8321,26651
2022-06-14,33.0,32.5815,36213,31.9,31.8115,144280,31.24,31.1679,28334
2022-06-15,32.25,31.0,22758,29.75,30.0306,147622,29.78,30.0002,27488
2022-06-16,32.05,31.9206,137391,31.49,31.4868,49478,31.17,31.2868,16959
2022-06-17,30.9,30.902,139880,30.67,30.6829,52148,30.53,30.549,18369
2022-06-21,30.05,30.3228,126698,29.95,30.1912,52919,29.9,30.0804,17755
2022-06-22,29.15,29.0105,124030,29.27,29.1196,54779,29.64,29.5169,17665
2022-06-23,29.2,29.0073,119358,29.3,29.1839,55840,29.62,29.548,17812
2022-06-24,28.35,28.4774,118057,28.7,28.7909,58776,29.1,29.2078,17937
2022-06-27,27.4,27.4118,115796,27.99,28.0439,61211,28.81,28.8687,18134
2022-06-28,28.49,28.3331,110641,28.82,28.7361,62760,29.41,29.35,18896
2022-06-29,28.08,28.3335,105908,28.67,28.8152,65919,29.37,29.46,20129
2022-06-30,28.83,28.5623,105890,29.31,29.1774,70824,29.85,29.779,21239
2022-07-01,27.8,27.689,101775,28.56,28.5603,75775,29.4,29.35,20797
2022-07-05,27.85,27.7261,98419,28.65,28.5555,75844,29.39,29.35,21118
2022-07-06,27.27,27.1987,90482,28.21,28.1548,82581,29.2,29.1124,21141
2022-07-07,26.9,26.85,87249,27.96,27.8975,86495,28.94,28.95,21249
2022-07-08,26.05,26.049,83766,27.4,27.3988,93363,28.57,28.5997,22127
2022-07-11,27.1,27.186,78666,28.05,28.1191,98541,29.07,29.0959,21633
2022-07-12,27.4,27.3879,70998,28.25,28.2453,105014,29.25,29.2429,21891
2022-07-13,27.26,26.8636,63760,28.15,27.8784,111998,29.4,29.217,22491
2022-07-14,26.9,26.8663,55261,28.0,27.9454,115883,29.47,29.45,24172
2022-07-15,25.35,25.2066,49324,26.6,26.5589,121913,28.73,28.667,25096
2022-07-18,25.6,25.7016,43201,27.25,27.3971,128853,29.02,29.1,25382
2022-07-19,24.6,24.83,36414,26.9,27.0352,138087,28.67,28.7279,25919
2022-07-20,24.5,24.37,26977,26.45,26.2684,153944,28.42,28.3347,26642
2022-07-21,25.88,25.7437,157110,27.37,27.2669,49602,28.36,28.3024,20060
2022-07-22,25.58,25.5044,158001,27.16,27.1502,52869,28.3,28.25,20274
2022-07-25,25.4,25.2141,152305,27.12,27.0384,58103,28.27,28.254,21021
2022-07-26,25.7,25.9513,148938,27.18,27.4397,63447,28.26,28.4308,21330
2022-07-27,25.0,25.0001,142484,26.65,26.6903,71070,27.84,27.7891,21515
2022-07-28,23.49,23.667,140474,25.4,25.5516,75498,26.97,27.0761,21525
2022-07-29,23.41,23.4158,133452,25.3,25.3817,80752,26.76,26.8004,22600
2022-08-01,24.18,24.2144,132201,26.02,26.0517,89959,27.2,27.2053,22789
2022-08-02,24.63,24.6115,125798,26.35,26.3001,99081,27.58,27.55,23581
2022-08-03,23.2,23.1634,115902,25.23,25.1488,105682,26.9,26.8053,23189
2022-08-04,23.21,23.2001,110630,25.28,25.2502,111075,27.13,27.0804,23471
2022-08-05,22.6,22.4476,106546,24.9,24.7969,119863,27.01,26.9262,23513
2022-08-08,22.65,22.6589,100216,24.86,24.8737,126108,26.97,27.0,25089
2022-08-09,22.85,22.989,90710,24.93,25.0329,138046,27.13,27.177,25669
2022-08-10,21.45,21.3507,83487,23.66,23.5999,146825,26.3,26.2852,25764
2022-08-11,21.45,21.4995,71280,23.76,23.8495,162310,26.3,26.4526,26894
2022-08-12,21.15,21.1867,61494,23.55,23.6234,171878,26.11,26.161,27536
2022-08-15,20.5,20.426,51287,23.32,23.2003,182761,25.95,25.8656,28674
2022-08-16,20.0,20.0006,40511,23.4,23.4392,191713,25.97,25.997,30347
2022-08-17,20.5,20.11,25786,23.35,23.2813,203244,26.15,26.1235,30925
2022-08-18,23.0,22.9999,203178,25.0,24.9003,49737,26.28,26.2515,32038
2022-08-19,24.2,24.1028,201084,25.97,25.8998,52806,26.85,26.801,33070
2022-08-22,25.66,25.8208,197152,26.82,27.0156,55734,27.38,27.5276,35198
2022-08-23,25.42,25.3302,188994,26.67,26.6492,61246,27.36,27.3133,37618
2022-08-24,24.3,24.3501,179042,25.93,25.9673,63347,26.88,26.9,37579
2022-08-25,23.62,23.5977,173748,25.4,25.3689,67040,26.5,26.45,37580
2022-08-26,26.2,26.1802,167887,27.2,27.1727,72542,27.62,27.5971,38328
2022-08-29,26.27,26.0278,157130,27.16,27.0047,77284,27.55,27.4183,39256
2022-08-30,26.26,26.4608,145318,27.26,27.4382,79209,27.63,27.7,39670
2022-08-31,25.83,25.7939,138284,26.97,26.9681,82837,27.55,27.5299,41259
2022-09-01,25.71,25.6212,128231,26.79,26.7581,85095,27.31,27.3007,42085
2022-09-02,25.65,25.9363,117158,26.7,26.8979,86436,27.27,27.4027,41768
2022-09-06,26.75,26.7579,109276,27.41,27.429,90837,27.58,27.5699,42216
2022-09-07,25.0,24.8966,104100,26.17,26.0503,98682,26.89,26.8494,44155
2022-09-08,24.2,24.3161,96849,25.67,25.7286,103567,26.6,26.6791,45018
2022-09-09,23.85,23.9496,93352,25.52,25.5941,109968,26.52,26.55,46068
2022-09-12,23.83,23.9193,90979,25.25,25.3904,120173,26.21,26.2524,46134
2022-09-13,26.75,26.745,85671,27.5,27.5215,128880,27.65,27.7117,45724
2022-09-14,26.03,26.4161,76347,27.26,27.4742,135494,27.58,27.749,48478
2022-09-15,26.58,26.3637,59217,27.47,27.3471,147254,27.72,27.6262,48735
2022-09-16,26.15,26.2206,48220,27.1,27.2494,151594,27.55,27.6538,50003
2022-09-19,25.65,25.7761,39792,26.41,26.5139,154353,26.93,26.9633,51672
2022-09-20,26.9,26.9999,27239,27.31,27.3749,163980,27.31,27.3399,52007
2022-09-21,26.9,26.65,18221,28.45,28.1968,166720,27.85,27.7963,54934
2022-09-22,27.9,28.0956,163266,27.77,27.8839,54820,28.52,28.5707,34391
2022-09-23,30.15,29.8592,154071,29.22,29.1893,57936,29.44,29.4666,34094
2022-09-26,30.95,30.9247,152606,30.17,30.0988,61592,30.34,30.2518,34966
2022-09-27,31.05,31.383,143364,30.34,30.5638,65850,30.32,30.4467,34783
2022-09-28,29.95,29.8919,139251,29.6,29.6506,70831,29.83,29.87,35137
2022-09-29,30.96,30.9432,129946,30.39,30.3747,73177,30.34,30.3998,33850
2022-09-30,31.32,31.516,124630,30.83,31.0717,77651,30.59,30.7021,34650
2022-10-03,29.89,29.9893,119361,29.69,29.8482,83574,29.92,30.05,34449
2022-10-04,28.85,28.7999,113748,28.84,28.8294,86398,29.57,29.6329,34539
2022-10-05,28.81,28.9643,105117,28.95,29.0451,88236,29.57,29.65,34402
2022-10-06,30.0,29.9193,98733,29.88,29.8446,91168,30.18,30.1417,36060
2022-10-07,31.6,31.1984,92130,31.3,31.0177,96911,31.05,30.8566,36806
2022-10-10,32.0,32.1078,88293,31.64,31.7382,106885,31.37,31.3971,37468
2022-10-11,32.5,32.754,83369,31.97,32.1758,114029,31.68,31.812,38010
2022-10-12,32.2,32.1735,74941,31.85,31.7784,121644,31.63,31.5907,38152
2022-10-13,30.85,31.0521,65142,30.86,30.9996,128486,30.85,30.9239,36916
2022-10-14,31.9,31.9297,60746,31.62,31.5866,132763,31.4,31.4505,37773
2022-10-17,31.15,31.1798,49540,30.75,30.879,137629,30.85,30.9932,42606
2022-10-18,30.63,30.8564,33021,29.94,30.1507,145799,30.3,30.4497,45024
2022-10-19,31.4,31.77,20923,30.39,30.3978,150508,30.57,30.5401,46197
2022-10-20,30.05,29.9629,141414,29.6,29.739,81639,30.13,30.1879,18986
2022-10-21,29.7,29.9854,137350,29.5,29.6699,85780,29.95,30.0822,19118
2022-10-24,29.54,29.3523,135692,29.42,29.333,88767,29.85,29.8417,19160
2022-10-25,28.4,28.1854,132261,28.55,28.3979,90959,29.32,29.1948,19282
2022-10-26,27.37,27.4876,132020,27.79,27.8973,92769,28.77,28.7988,19514
2022-10-27,27.4,26.9184,128985,27.7,27.4362,93021,28.77,28.5658,19558
2022-10-28,26.15,26.2602,125309,26.8,26.9064,95663,28.05,28.1066,19685
2022-10-31,26.01,25.8753,122168,26.47,26.3996,99610,27.87,27.8803,21830
2022-11-01,25.8,25.634,119483,26.12,26.0041,103117,27.58,27.5008,22324
2022-11-02,26.3,26.4475,116695,26.6,26.6968,112219,27.85,27.9225,22409
2022-11-03,25.8,25.6701,111900,26.1,26.0972,120573,27.52,27.5414,23154
2022-11-04,25.5,25.5286,106709,25.79,25.8355,123047,27.15,27.1215,25530
2022-11-07,25.25,25.1559,100282,25.53,25.5002,129091,27.0,26.9986,25402
2022-11-08,26.1,26.1017,90856,26.24,26.1902,132047,27.44,27.4466,25877
2022-11-09,26.95,26.857,78582,27.0,27.0025,143502,28.13,28.15,26341
2022-11-10,24.76,24.6297,68924,25.78,25.6828,150931,27.36,27.4042,26622
2022-11-11,24.05,23.95,64807,25.55,25.4502,157425,27.52,27.5676,29495
2022-11-14,24.08,24.237,55197,25.2,25.3841,154601,27.46,27.5344,30611
2022-11-15,25.05,24.584,37886,25.75,25.75,158718,27.76,27.6879,30935
2022-11-16,24.4,24.93,24319,25.12,25.0542,165085,27.45,27.3626,31438
2022-11-17,24.78,24.7666,160722,26.77,26.6705,69012,27.66,27.6044,14879
2022-11-18,24.5,24.515,160323,26.49,26.5116,71720,27.39,27.4309,14900
2022-11-21,23.84,23.8139,158505,25.97,25.9522,76730,27.0,26.9589,14823
2022-11-22,22.95,22.9505,157036,25.27,25.2737,79507,26.41,26.4,14669
2022-11-23,22.5,22.4026,157354,24.85,24.8493,79375,26.08,26.1,15770
2022-11-25,22.6,22.4869,152914,25.1,25.1004,82272,26.33,26.3245,15593
2022-11-28,23.45,23.4033,152995,25.88,25.8527,87487,26.98,26.958,15898
2022-11-29,23.13,23.0397,148103,25.52,25.4652,89805,26.79,26.7008,16678
2022-11-30,21.9,22.122,147314,24.5,24.6671,94148,25.96,26.05,16932
2022-12-01,21.73,21.5747,142859,24.47,24.3418,99330,25.85,25.8,17374
2022-12-02,21.25,21.2041,139674,24.05,23.878,104531,25.57,25.464,18422
2022-12-05,21.66,21.6851,133219,24.32,24.2994,110466,25.76,25.7989,19267
2022-12-06,22.47,22.4502,126551,24.8,24.7988,117279,25.97,25.919,20972
2022-12-07,22.85,22.8621,119527,25.11,25.1489,121160,26.09,26.0906,21345
2022-12-08,22.45,22.3978,114468,24.67,24.6494,126148,25.79,25.7,21390
2022-12-09,23.25,23.1016,108690,25.2,25.0979,133060,26.07,26.05,21505
2022-12-12,23.19,23.1023,102371,24.9,24.9368,140393,25.78,25.7,22087
2022-12-13,21.75,21.6885,93716,24.05,23.9474,144210,25.35,25.2148,23171
2022-12-14,20.6,20.6262,90360,23.08,23.2012,153500,24.88,24.9517,22992
2022-12-15,22.4,22.3075,79444,24.7,24.62,164602,26.0,25.9043,24552
2022-12-16,22.56,22.4507,65568,24.62,24.681,165030,26.18,26.2505,25124
2022-12-19,22.3,22.147,47238,24.15,24.0198,168203,25.92,25.9009,27071
2022-12-20,21.49,21.4848,39037,23.9,23.9359,168706,25.72,25.7922,26900
2022-12-21,20.55,20.25,30820,23.0,23.0131,168713,25.1,25.15,28601
2022-12-22,24.34,24.2555,163089,25.35,25.301,60728,26.43,26.4667,20129
2022-12-23,23.6,23.6302,154262,24.9,24.8909,61564,26.05,26.0975,20538
2022-12-27,23.4,23.4524,148900,24.74,24.8001,64401,25.98,26.0455,20771
2022-12-28,23.51,23.5481,143406,24.78,24.7588,66834,25.98,26.0094,20858
2022-12-29,23.15,23.2091,138336,24.48,24.4999,70419,25.83,25.7996,21523
2022-12-30,23.15,23.0981,131831,24.55,24.5453,73917,25.8,25.8754,21987
2023-01-03,23.07,23.0514,127347,24.13,24.0825,78972,25.38,25.3501,22210
2023-01-04,22.6,22.401,116347,23.53,23.3757,90899,24.9,24.7676,23333
2023-01-05,22.71,22.6516,112296,23.55,23.5365,103752,24.85,24.8493,23577
2023-01-06,22.16,22.1957,103625,22.91,22.9488,108668,24.15,24.2499,24104
2023-01-09,22.42,22.2669,94065,23.17,23.0757,115604,24.28,24.2261,24077
2023-01-10,21.15,21.0949,84003,22.23,22.1945,115436,23.75,23.6533,25424
2023-01-11,21.25,21.2004,71026,22.26,22.3485,128931,23.6,23.6512,25662
2023-01-12,19.95,19.82,61546,21.45,21.252,139449,23.16,23.05,26256
2023-01-13,19.35,19.4988,59795,20.6,20.7317,148414,22.53,22.6009,27101
2023-01-17,19.6,19.3155,53668,20.98,20.9452,152753,22.66,22.5505,28411
2023-01-18,19.09,19.09,29990,21.61,21.6874,167225,23.21,23.3032,30910
2023-01-19,21.61,21.7451,160694,22.52,22.6023,63155,23.53,23.6013,17100
2023-01-20,21.01,21.086,152097,22.0,22.032,64421,23.03,23.05,17356
2023-01-23,20.78,20.7548,150376,21.81,21.8469,68158,22.73,22.7992,17612
2023-01-24,20.0,19.9502,146614,21.02,21.0023,70100,22.14,22.1314,17716
2023-01-25,20.0,19.9583,140845,21.05,21.0531,73175,22.08,22.1008,17327
2023-01-26,19.75,19.6703,139210,20.81,20.8311,74940,21.88,21.8581,17557
2023-01-27,19.5,19.3177,136577,20.5,20.4616,80269,21.6,21.5505,18172
2023-01-30,20.1,20.0481,135418,20.86,20.874,86928,21.68,21.7,19109
2023-01-31,19.45,19.5257,130070,20.37,20.4806,91289,21.4,21.45,19593
2023-02-01,18.75,18.7506,124812,19.91,19.9559,96515,21.08,21.103,19446
2023-02-02,19.6,19.2989,120441,20.54,20.3479,102476,21.47,21.4375,21126
2023-02-03,19.35,19.3373,115059,20.52,20.5476,109211,21.75,21.749,20901
2023-02-06,19.95,20.0124,106609,20.92,20.95,116713,21.86,21.8905,20815
2023-02-07,19.49,19.2146,88724,20.56,20.3507,119785,21.66,21.5013,20999
2023-02-08,20.1,20.0524,81607,21.2,21.1509,128262,22.16,22.1994,21502
2023-02-09,20.67,20.8103,70513,21.67,21.7857,136549,22.52,22.5861,22286
2023-02-10,20.8,20.9304,60492,21.96,22.0492,143571,22.97,23.04,22395
2023-02-13,19.86,19.9144,50881,21.18,21.2484,152466,22.21,22.2398,24046
2023-02-14,18.95,18.6489,40203,20.55,20.4267,158117,21.88,21.7511,25449
2023-02-15,18.9,18.69,28930,20.05,20.0523,165163,21.63,21.5989,28080
2023-02-16,21.2,21.1605,169720,21.92,21.901,63097,22.55,22.4986,24501
2023-02-17,21.4,21.2482,164384,22.04,21.9486,66179,22.61,22.5497,26575
2023-02-21,23.0,22.9011,157884,23.36,23.2459,69445,23.57,23.4162,27243
2023-02-22,22.05,22.2109,153353,22.65,22.7161,76750,23.04,23.0623,26883
2023-02-23,21.34,21.3726,143011,22.11,22.1509,76916,22.67,22.7034,26469
2023-02-24,22.25,22.1873,143848,22.89,22.8954,80263,23.26,23.2586,26754
2023-02-27,21.28,21.3317,138460,22.21,22.25,84258,22.8,22.805,27285
2023-02-28,20.95,20.7757,137496,21.9,21.7518,87544,22.59,22.5178,27359
2023-03-01,20.96,21.0322,134572,21.98,22.0497,89601,22.74,22.75,28437
2023-03-02,20.27,20.2009,130705,21.32,21.2499,93708,22.2,22.1453,28570
2023-03-03,19.4,19.4984,127537,20.67,20.7153,96967,21.71,21.7949,29438
2023-03-06,19.2,19.2202,127241,20.35,20.3629,101457,21.4,21.3988,30201
2023-03-07,19.78,19.7516,126833,20.85,20.8009,106318,21.77,21.7092,29856
2023-03-08,19.27,19.3052,124081,20.39,20.4505,110283,21.46,21.5,29983
2023-03-09,21.86,21.7964,120248,22.47,22.4264,115848,22.85,22.7315,31405
2023-03-10,23.85,24.1808,117032,24.38,24.7848,121966,24.05,24.3023,31644
2023-03-13,25.1,25.3724,103226,25.32,25.5333,122517,24.84,24.9612,33042
2023-03-14,23.58,23.7017,91311,23.78,23.9083,130235,24.08,24.0946,32941
2023-03-15,25.85,25.8129,81246,25.89,25.8726,125212,25.57,25.5061,34464
2023-03-16,23.23,23.0155,76752,23.76,23.5506,130802,24.25,24.0992,38753
2023-03-17,25.8,25.6342,61049,26.1,26.1463,125547,25.95,25.8912,39274
2023-03-20,24.17,24.1683,50177,24.93,24.942,137279,25.32,25.2939,40118
2023-03-21,21.44,21.5908,40117,22.93,22.7699,144874,23.9,23.7942,40630
2023-03-22,21.2,20.68,25670,23.65,23.5,147289,24.14,24.0129,42952
2023-03-23,23.93,24.2236,143920,24.23,24.4969,60316,24.86,25.0509,27249
2023-03-24,23.35,23.2241,140161,24.01,23.959,64774,24.89,24.85,27584
2023-03-27,22.24,22.2674,130045,23.05,23.0993,73720,24.08,24.1503,28922
2023-03-28,21.7,21.6995,123540,22.65,22.7125,76341,23.88,23.9466,29028
2023-03-29,20.89,20.9309,120841,22.12,22.1493,80576,23.51,23.5488,29901
2023-03-30,20.95,20.8277,121297,22.2,22.1587,84615,23.66,23.6487,29537
2023-03-31,20.75,20.7642,121031,22.1,22.1285,87494,23.58,23.5941,29896
2023-04-03,20.31,20.2095,122889,21.7,21.5513,91209,23.2,23.15,29805
2023-04-04,20.6,20.5997,119687,21.96,21.9997,97198,23.7,23.7,30265
2023-04-05,20.54,20.4184,117748,21.95,21.8447,104041,23.81,23.7114,31620
2023-04-06,20.05,19.9781,110966,21.52,21.4985,107019,23.55,23.55,31248
2023-04-10,19.83,19.804,107431,21.22,21.2259,115304,23.16,23.1518,30425
2023-04-11,19.8,19.7666,96642,21.01,20.971,123257,23.07,23.0515,31723
2023-04-12,20.03,19.9518,89483,21.06,21.0517,133519,23.06,23.0262,31567
2023-04-13,18.87,18.7342,76681,20.5,20.4359,144944,22.72,22.6998,31776
2023-04-14,18.2,18.3523,74067,20.05,20.09,154243,22.6,22.699,31787
2023-04-17,17.5,17.416,65631,19.63,19.5767,166169,22.25,22.2023,32655
2023-04-18,17.05,17.0513,54447,19.5,19.4442,171210,22.41,22.35,31617
2023-04-19,17.35,16.75,44912,19.48,19.4007,178970,22.51,22.4901,36621
2023-04-20,19.83,19.8376,180323,21.75,21.8001,78481,23.22,23.2567,25633
2023-04-21,19.45,19.4083,178300,21.69,21.638,83115,23.23,23.2056,25033
2023-04-24,19.3,19.3262,177780,21.59,21.5595,88695,23.21,23.2,24764
2023-04-25,20.65,21.0194,175105,22.67,22.9737,94065,23.98,24.1974,25254
2023-04-26,20.3,20.4248,163504,22.39,22.4992,99395,23.82,23.8532,24773
2023-04-27,19.3,19.4461,157530,21.73,21.8142,103777,23.51,23.5998,24362
2023-04-28,18.45,18.4361,155973,21.3,21.3015,107070,23.44,23.4596,25605
2023-05-01,18.65,18.1693,157686,21.15,20.8044,112950,23.25,23.053,25425
2023-05-02,19.34,19.3402,152672,21.51,21.4668,119634,23.51,23.497,26397
2023-05-03,20.41,19.9541,142166,22.33,21.9995,126128,24.15,23.867,25744
2023-05-04,21.2,21.1905,136398,22.93,22.9204,133703,24.5,24.4942,26256
2023-05-05,19.4,19.2868,128905,21.45,21.347,137951,23.52,23.4507,27255
2023-05-08,19.05,19.0021,122559,20.95,20.9454,143820,23.29,23.2469,27668
2023-05-09,19.35,19.4202,114879,21.29,21.3303,150642,23.37,23.3529,28452
2023-05-10,18.9,18.8504,106494,20.78,20.7546,157157,23.04,23.0052,29079
2023-05-11,18.61,18.6032,91197,20.52,20.5239,170249,22.78,22.75,30004
2023-05-12,18.6,18.5431,74648,20.6,20.5509,181120,22.9,22.8989,29972
2023-05-15,17.75,17.801,66128,20.11,20.0649,190929,22.51,22.4984,30312
2023-05-16,18.2,18.282,55056,20.5,20.6437,201924,22.93,23.0341,33157
2023-05-17,17.6,17.12,41766,19.86,19.9815,210985,22.48,22.5355,34044
2023-05-18,19.15,19.1473,211994,20.93,20.9557,62162,22.95,22.9476,24941
2023-05-19,19.8,19.6485,210068,21.6,21.4995,65269,23.39,23.3141,25112
2023-05-22,19.65,19.671,213525,21.44,21.4467,69643,23.23,23.249,25557
2023-05-23,20.1,20.0458,211830,21.63,21.6473,71029,23.25,23.2192,25661
2023-05-24,20.64,20.9965,205969,21.91,22.2087,75280,23.25,23.3834,26534
2023-05-25,20.48,20.4261,196856,21.85,21.811,82130,23.17,23.1973,26824
2023-05-26,19.4,19.5822,188019,20.92,21.0499,83179,22.5,22.578,26552
2023-05-30,18.94,18.967,183560,20.59,20.6501,87678,22.36,22.4002,26231
2023-05-31,18.91,18.8651,182815,20.45,20.446,86902,22.22,22.2006,27300
2023-06-01,17.69,17.7047,175261,19.36,19.393,92546,21.38,21.3847,27476
2023-06-02,17.05,16.9463,173759,18.85,18.7589,97700,20.95,20.8548,27604
2023-06-05,16.53,16.5014,176062,18.37,18.3393,108728,20.63,20.65,27374
2023-06-06,15.45,15.4181,172160,17.43,17.372,116609,19.92,19.8306,28526
2023-06-07,15.45,15.4509,170086,17.5,17.4953,120950,19.98,19.9692,31483
2023-06-08,15.03,15.0127,164847,17.07,17.0487,124616,19.51,19.5489,32453
2023-06-09,15.2,15.2378,163594,17.08,17.1289,132519,19.48,19.5,33919
2023-06-12,15.5,15.5628,157631,17.05,17.1041,142761,19.42,19.4521,34809
2023-06-13,15.27,15.3191,154073,17.11,17.1144,154368,19.56,19.4069,36145
2023-06-14,14.7,14.778,143295,16.6,16.6008,164939,19.23,19.1996,36290
2023-06-15,15.05,15.103,130075,17.08,17.0878,185300,19.32,19.3663,38012
2023-06-16,14.34,14.3454,109438,16.53,16.4772,193120,19.07,19.0387,38430
2023-06-20,13.96,14.0254,90572,16.5,16.5246,209038,19.05,19.1516,39780
2023-06-21,13.65,13.44,65716,16.2,16.179,219541,18.87,18.8955,41585
2023-06-22,15.79,15.7789,210771,17.31,17.3498,74363,19.49,19.5147,22617
2023-06-23,16.0,15.9547,207498,17.55,17.569,80259,19.61,19.6497,22865
2023-06-26,16.01,15.9957,202865,17.37,17.3156,83279,19.42,19.3864,22883
2023-06-27,15.6,15.5616,197787,16.86,16.8875,88613,18.92,18.9136,23620
2023-06-28,15.11,14.9918,192710,16.4,16.3695,92079,18.5,18.4171,24512
2023-06-29,15.23,15.3281,192219,16.61,16.692,97633,18.65,18.7015,24778
2023-06-30,15.05,15.011,186584,16.43,16.4003,102722,18.39,18.3489,25034
2023-07-03,14.94,14.8946,184692,16.35,16.3515,108358,18.35,18.3001,24528
2023-07-05,15.29,15.2825,178380,16.5,16.4596,113863,18.32,18.3032,24535
2023-07-06,16.25,16.1652,172019,17.29,17.2288,122714,18.93,18.8058,25865
2023-07-07,15.86,15.8619,149204,16.89,16.8278,125311,18.57,18.568,25257
2023-07-10,15.76,15.7747,140333,16.75,16.6988,128986,18.37,18.2623,25222
2023-07-11,15.45,15.5525,127594,16.55,16.5759,140343,18.22,18.2499,25931
2023-07-12,14.31,14.2934,114621,15.78,15.7668,153304,17.77,17.7998,27245
2023-07-13,14.19,14.1923,107742,15.91,15.9364,169720,17.75,17.7809,28497
2023-07-14,13.77,13.8048,93950,15.75,15.7526,182595,17.67,17.6507,29395
2023-07-17,13.65,13.699,80619,15.8,15.7475,193728,17.65,17.6492,29782
2023-07-18,13.25,13.3001,67440,15.53,15.5365,201361,17.67,17.6887,31167
2023-07-19,13.05,13.02,52183,15.86,15.905,214730,17.91,17.9643,33948
2023-07-20,15.8,15.846,210789,17.27,17.2747,84657,18.38,18.402,24865
2023-07-21,15.7,15.611,203008,17.07,17.0242,85719,18.32,18.2505,25002
2023-07-24,15.4,15.3804,196657,16.67,16.6594,87082,18.0,18.0372,24496
2023-07-25,15.25,15.3462,196728,16.72,16.7516,95764,18.0,18.0412,24631
2023-07-26,14.91,14.8878,192879,16.42,16.3968,95761,17.95,17.7564,25229
2023-07-27,15.61,15.6879,190019,16.87,16.9633,100028,18.06,18.1504,24825
2023-07-28,15.1,14.9886,183797,16.65,16.5351,104114,17.95,17.8723,24586
2023-07-31,14.89,14.8634,176455,16.36,16.3393,106920,17.78,17.7893,24584
2023-08-01,15.19,15.0724,169039,16.65,16.5652,111813,18.05,17.958,24988
2023-08-02,16.84,16.7022,164161,17.86,17.7566,117664,18.8,18.6964,25210
2023-08-03,16.6,16.7483,148624,17.65,17.6502,119411,18.69,18.5998,25921
2023-08-04,17.35,17.5076,134525,18.06,18.1354,124345,18.88,18.9659,25237
2023-08-07,16.2,16.2943,128871,17.3,17.4,129976,18.38,18.4,24663
2023-08-08,16.53,16.4955,118042,17.71,17.7233,134837,18.73,18.7513,25297
2023-08-09,16.31,16.3469,101339,17.57,17.5875,140518,18.61,18.6862,25684
2023-08-10,16.09,16.0072,89470,17.66,17.6997,153730,18.63,18.6997,25302
2023-08-11,15.3,15.3536,76033,17.06,17.0503,166436,18.27,18.2671,25274
2023-08-14,14.83,14.8456,70704,16.76,16.7773,176837,18.02,18.0094,25735
2023-08-15,16.22,16.1726,60667,17.82,17.696,190620,18.81,18.6718,28043
2023-08-16,16.6,16.28,33330,17.96,18.0118,202050,18.88,18.9,29602
2023-08-17,18.9,18.8548,202874,19.22,19.2015,63501,19.5,19.4809,33576
2023-08-18,18.5,18.4487,197902,18.98,18.925,63857,19.34,19.3215,34598
2023-08-21,18.0,17.8493,189340,18.61,18.5019,66118,19.17,19.1004,34782
2023-08-22,17.91,17.901,184937,18.66,18.6903,67003,19.2,19.2,35222
2023-08-23,16.95,17.2933,178905,17.9,18.1989,67972,18.76,18.9479,34645
2023-08-24,18.1,18.0102,180681,18.88,18.7774,70737,19.32,19.2506,34584
2023-08-25,17.3,17.1776,176578,18.2,18.0894,72248,18.79,18.7024,35135
2023-08-28,16.45,16.4326,175084,17.52,17.5005,76431,18.42,18.3914,35334
2023-08-29,15.89,15.9027,175942,17.16,17.1967,80963,18.05,18.0956,36295
2023-08-30,15.32,15.3029,181322,16.7,16.7006,84752,17.85,17.8474,38212
2023-08-31,15.0,15.0438,177526,16.37,16.3736,86580,17.6,17.5568,38482
2023-09-01,14.8,14.7971,177857,16.24,16.2094,93259,17.51,17.5005,39494
2023-09-05,15.15,14.9927,173594,16.35,16.1975,100994,17.55,17.3754,39997
2023-09-06,15.3,15.3467,168193,16.43,16.4978,107567,17.61,17.6503,41476
2023-09-07,15.28,15.3022,161903,16.45,16.439,111081,17.55,17.5266,42489
2023-09-08,14.89,14.9405,153613,16.11,16.1484,116305,17.31,17.35,42876
2023-09-11,14.62,14.5844,150723,15.87,15.8099,121662,17.07,17.0011,43648
2023-09-12,14.6,14.6385,142084,15.8,15.8595,134811,17.08,17.1065,44223
2023-09-13,13.95,13.9985,128389,15.61,15.665,147789,16.99,17.0239,44530
2023-09-14,13.37,13.3689,116005,15.25,15.2378,165582,16.66,16.6338,44753
2023-09-15,14.15,14.2528,106590,15.74,15.7721,182042,17.0,17.0499,46587
2023-09-18,14.03,14.0971,91451,15.61,15.6816,186207,16.87,16.9971,47833
2023-09-19,14.1,14.0519,78843,15.58,15.5728,195948,16.87,16.8653,49298
2023-09-20,13.86,13.96,59594,16.21,16.1696,204092,17.21,17.1619,51172
2023-09-21,17.65,17.4859,198304,17.9,17.7975,69910,18.82,18.7003,33974
2023-09-22,17.5,17.4916,197291,17.85,17.8893,70675,18.77,18.7711,33995
2023-09-25,17.31,17.4974,185838,17.85,17.9872,72075,18.77,18.8471,33915
2023-09-26,18.98,19.1742,181046,19.1,19.2555,76035,19.66,19.7753,34677
2023-09-27,18.28,18.3022,175451,18.72,18.75,82612,19.5,19.533,36409
2023-09-28,17.25,17.3515,161354,17.95,18.0194,83214,18.9,18.9518,37076
2023-09-29,17.59,17.7712,147790,18.12,18.2463,82633,19.07,19.0997,38658
2023-10-02,17.81,17.8507,147897,18.18,18.238,84004,19.07,19.1012,38413
2023-10-03,19.7,19.6564,143625,19.78,19.7982,88845,20.32,20.3569,39358
2023-10-04,18.75,18.5177,137978,19.09,18.9066,98444,20.0,19.8887,40845
2023-10-05,18.4,18.1998,121244,18.85,18.7461,98698,19.85,19.7946,40855
2023-10-06,17.95,18.0342,113795,18.36,18.4171,101933,19.49,19.5364,41202
2023-10-09,17.75,17.6467,111895,18.26,18.2263,104701,19.49,19.5047,41444
2023-10-10,17.15,16.9878,100314,17.71,17.6168,109243,19.05,18.9991,41432
2023-10-11,16.38,16.5021,91545,17.22,17.3537,119069,18.69,18.7492,41569
2023-10-12,16.95,16.9479,83570,17.7,17.7476,126771,19.02,19.0499,42660
2023-10-13,19.35,19.2567,71947,19.85,19.9214,137902,20.47,20.498,43273
2023-10-16,17.3,17.1597,61868,18.06,17.978,161477,19.44,19.4412,43071
2023-10-17,17.97,17.8484,45883,18.6,18.4362,166823,19.85,19.744,42279
2023-10-18,18.35,18.37,32103,19.36,19.5967,174256,20.31,20.4353,43448
2023-10-19,20.68,20.5549,168034,20.6,20.5479,85798,21.4,21.4,22438
2023-10-20,20.99,20.725,164775,20.91,20.6987,89719,21.7,21.5508,23391
2023-10-23,19.8,20.0003,161959,19.82,20.0471,93190,20.85,20.9987,23023
2023-10-24,19.09,19.0875,158423,19.27,19.2673,95267,20.47,20.4436,23280
2023-10-25,20.23,20.3008,152304,20.31,20.3601,96810,21.22,21.2528,22570
2023-10-26,20.44,20.5375,151267,20.39,20.4999,99188,21.27,21.4001,23093
2023-10-27,21.0,21.1865,149992,21.05,21.2116,107287,21.73,21.7921,23517
2023-10-30,19.75,19.5901,148463,19.8,19.707,115203,20.82,20.7507,23983
2023-10-31,18.35,18.1268,142627,18.72,18.6006,117815,20.11,20.001,24301
2023-11-01,17.35,17.3005,134070,17.9,17.8499,118730,19.37,19.386,24850
2023-11-02,16.58,16.5565,133555,17.34,17.3431,125199,19.0,18.9959,24604
2023-11-03,16.05,16.1519,132750,16.88,16.9746,127811,18.62,18.6878,24764
2023-11-06,15.7,15.6461,132026,16.41,16.3841,132664,18.23,18.1808,24892
2023-11-07,15.45,15.5014,121101,16.29,16.3245,139889,18.05,18.0501,26078
2023-11-08,15.25,15.1093,113168,16.08,16.046,148632,17.8,17.76,25524
2023-11-09,15.85,15.8874,104670,16.57,16.6544,160917,18.2,18.259,26056
2023-11-10,15.24,14.8991,97021,16.2,15.997,172986,17.92,17.7479,27105
2023-11-13,14.83,14.8035,89199,15.87,15.8467,181653,17.73,17.7487,28315
2023-11-14,14.4,14.2701,73339,15.7,15.7429,189863,17.7,17.7465,31440
2023-11-15,14.21,14.22,58152,15.38,15.3507,204180,17.42,17.4,35682
2023-11-16,15.2,15.1459,198995,16.65,16.6024,79034,17.82,17.7983,16593
2023-11-17,14.9,14.9042,202078,16.42,16.4004,85943,17.66,17.6514,16734
2023-11-20,14.8,14.776,201903,16.3,16.3301,91027,17.57,17.5997,17523
2023-11-21,14.43,14.4523,205075,16.01,16.0213,97463,17.29,17.3169,17591
2023-11-22,14.59,14.5628,207364,16.21,16.2486,100013,17.53,17.5001,18727
2023-11-24,13.91,13.8496,199944,15.71,15.6449,97354,17.05,17.05,18620
2023-11-27,13.95,13.9533,194382,15.73,15.7645,100868,17.1,17.159,20234
2023-11-28,13.85,13.7842,191946,15.55,15.5543,103628,16.92,17.0,20774
2023-11-29,13.97,13.9997,190074,15.82,15.8501,108752,17.25,17.2985,21081
2023-11-30,13.75,13.7578,184953,15.58,15.5681,111436,17.08,17.0682,21189
2023-12-01,13.7,13.6982,182983,15.48,15.5089,115510,16.95,16.9426,22274
2023-12-04,13.85,13.8006,183584,15.58,15.549,118917,17.12,17.0943,22358
2023-12-05,13.65,13.663,171188,15.45,15.417,127013,17.08,17.0492,22861
2023-12-06,13.8,13.737,163510,15.53,15.5667,135031,17.11,17.0546,23131
2023-12-07,13.78,13.7485,157151,15.55,15.5478,141303,17.08,17.0468,23097
2023-12-08,13.34,13.3417,149948,15.08,15.0638,144901,16.7,16.7125,24051
2023-12-11,12.93,12.9471,144725,14.77,14.7916,152268,16.41,16.4632,24527
2023-12-12,12.35,12.4035,138766,14.38,14.3962,161018,16.21,16.2408,24909
2023-12-13,12.25,12.1843,132730,14.2,14.2146,171258,15.97,15.9564,26506
2023-12-14,12.35,12.3048,118470,14.15,14.1515,176928,15.76,15.7502,27810
2023-12-15,12.57,12.4649,104419,14.65,14.6252,186591,16.23,16.2005,27090
2023-12-18,12.46,12.4176,87232,14.7,14.6414,190633,16.45,16.4015,29892
2023-12-19,12.53,12.409,74877,14.88,14.8894,199410,16.77,16.8408,31615
2023-12-20,12.4,12.31,57726,15.7,15.8061,205173,17.45,17.5288,38544
2023-12-21,15.44,15.4414,203972,16.53,16.5186,73710,17.79,17.7491,22807
2023-12-22,15.15,15.0372,191887,16.33,16.296,71505,17.66,17.6056,22760
2023-12-26,14.55,14.6063,183299,15.9,15.9198,72953,17.35,17.4363,22166
2023-12-27,13.98,13.9935,176588,15.36,15.3641,74873,16.96,16.9596,22445
2023-12-28,14.0,13.9837,169980,15.28,15.3042,76050,16.91,16.9323,22813
2023-12-29,14.08,14.0512,159417,15.32,15.2954,78768,16.96,16.9511,22898
2024-01-02,14.15,14.1016,155569,15.21,15.1958,81584,16.9,16.9256,22795
2024-01-03,14.7,14.6997,147043,15.62,15.6212,91211,17.18,17.2375,23646
2024-01-04,14.65,14.6618,138810,15.6,15.6042,95883,17.06,17.0503,23387
2024-01-05,14.25,14.2034,135169,15.13,15.0979,102149,16.7,16.7522,23823
2024-01-08,13.88,13.7975,127386,14.82,14.7882,114126,16.39,16.3543,25059
2024-01-09,13.45,13.4039,120090,14.42,14.4285,123752,16.23,16.1637,25333
2024-01-10,13.2,13.3453,111126,14.2,14.2977,132456,15.93,15.98,25926
2024-01-11,13.05,13.0512,100243,14.22,14.2522,144157,16.05,16.0936,28028
2024-01-12,13.35,13.1811,89191,14.6,14.4647,157739,16.23,16.1801,30621
2024-01-16,13.9,13.9544,71833,14.91,14.9876,170627,16.57,16.649,33129
2024-01-17,14.6,15.13,40287,15.5,15.5187,176034,16.9,16.9048,34139
2024-01-18,14.98,15.0037,166540,15.96,15.9966,68776,16.9,16.8506,23064
2024-01-19,14.53,14.6052,159629,15.6,15.6997,72987,16.52,16.5964,23498
2024-01-22,14.08,14.0804,160982,15.17,15.1727,76243,16.21,16.2495,24108
2024-01-23,13.7,13.7002,158069,14.85,14.7723,80692,15.97,15.9702,24235
2024-01-24,14.04,14.038,157976,15.1,15.1205,83869,16.18,16.1927,24532
2024-01-25,14.21,14.2261,151034,15.28,15.309,86161,16.25,16.25,25500
2024-01-26,14.14,14.1173,146863,15.17,15.1767,87010,16.21,16.2044,25678
2024-01-29,14.2,14.2508,145298,15.23,15.2503,87867,16.25,16.2493,25658
2024-01-30,14.1,13.9929,144239,15.1,15.0432,93360,16.25,16.1571,25750
2024-01-31,14.88,14.8735,139677,15.72,15.6748,97815,16.71,16.698,25457
2024-02-01,14.39,14.6977,128233,15.36,15.5533,104107,16.43,16.5651,25750
2024-02-02,14.65,14.5473,131029,15.56,15.5485,111723,16.65,16.6477,26265
2024-02-05,14.05,13.9557,116288,15.1,15.0004,116599,16.41,16.3504,26629
2024-02-06,13.55,13.5521,108449,14.68,14.6468,124384,16.1,16.084,28095
2024-02-07,13.37,13.3847,99413,14.57,14.6441,137080,16.02,16.0502,27670
2024-02-08,13.31,13.3452,88762,14.5,14.5328,150274,15.91,15.9002,28220
2024-02-09,13.35,13.3705,74971,14.67,14.6955,162612,16.1,16.0511,27850
2024-02-12,13.8,13.8034,66096,15.0,14.9534,171819,16.46,16.4437,28255
2024-02-13,15.6,15.7525,54340,15.85,16.0148,175374,16.95,17.0777,31834
2024-02-14,14.8,14.32,32459,15.06,15.1396,181878,16.56,16.6396,33889
2024-02-15,15.03,15.0189,173906,15.97,15.9688,66151,17.0,16.9976,19554
2024-02-16,15.01,14.9515,173746,15.94,15.8956,67956,16.9,16.8545,20938
2024-02-20,15.55,15.5273,174117,16.25,16.2898,71745,17.06,17.0744,20770
2024-02-21,15.03,15.3494,173823,15.78,16.0978,75226,16.62,16.8518,20686
2024-02-22,14.94,15.0348,172578,15.83,15.9232,75372,16.8,16.8555,21839
2024-02-23,14.45,14.4301,171048,15.43,15.4033,80369,16.51,16.4997,21826
2024-02-26,14.31,14.2522,168676,15.29,15.2524,80267,16.4,16.3985,22396
2024-02-27,14.0,13.9981,170295,15.02,15.0229,83549,16.19,16.1982,22671
2024-02-28,14.33,14.2232,168644,15.27,15.2325,86687,16.38,16.3504,23159
2024-02-29,14.1,14.0088,161857,15.05,15.0507,85669,16.25,16.1965,23661
2024-03-01,14.03,14.0481,156841,15.06,15.0964,88562,16.22,16.2484,24084
2024-03-04,14.06,14.0297,155672,15.05,15.051,95094,16.35,16.3005,24035
2024-03-05,14.68,14.703,149080,15.57,15.6063,102041,16.72,16.75,24228
2024-03-06,14.81,14.7897,138072,15.61,15.6097,107588,16.72,16.7416,24390
2024-03-07,14.6,14.6174,136615,15.55,15.6174,114371,16.77,16.8,24670
2024-03-08,15.05,15.0773,135395,15.92,15.9453,116684,17.0,16.9768,25444
2024-03-11,14.9,14.8956,122139,15.77,15.8192,117161,16.92,16.991,24314
2024-03-12,13.94,13.9606,111393,15.11,15.1004,126214,16.6,16.5708,25392
2024-03-13,13.78,13.7973,102663,15.04,15.0363,137834,16.5,16.5363,26842
2024-03-14,14.35,14.342,91505,15.37,15.4042,147023,16.8,16.8239,27309
2024-03-15,14.6,14.5984,78186,15.7,15.6778,150190,17.08,17.05,28632
2024-03-18,14.34,14.3579,58461,15.32,15.3308,159186,16.75,16.8047,31613
2024-03-19,13.85,13.9448,50322,14.97,14.9214,167225,16.58,16.5473,33920
2024-03-20,14.05,14.17,37422,14.5,14.5645,174399,16.21,16.2474,35313
2024-03-21,14.46,14.4567,173026,15.53,15.5371,70282,17.06,17.0507,24921
2024-03-22,14.55,14.4814,176974,15.6,15.5795,76948,17.1,17.1,25250
2024-03-25,14.4,14.4005,175955,15.5,15.4969,80731,17.02,17.0491,24812
2024-03-26,14.32,14.3463,174616,15.37,15.3954,82271,16.88,16.8667,25717
2024-03-27,14.1,14.0661,174395,15.17,15.1988,84505,16.77,16.751,26492
2024-03-28,14.4,14.3687,172941,15.39,15.4185,88184,16.91,16.9181,27629
2024-04-01,14.61,14.5022,164365,15.51,15.4306,92454,16.97,16.9033,28055
2024-04-02,14.91,14.9996,155883,15.75,15.7777,97180,17.19,17.1511,28162
2024-04-03,14.91,14.9446,147774,15.64,15.644,96462,17.07,17.0482,28624
2024-04-04,15.95,15.8308,139186,16.39,16.2118,99450,17.54,17.4391,27887
2024-04-05,16.01,16.0774,130103,16.48,16.5142,105048,17.59,17.6036,29704
2024-04-08,15.3,15.347,119782,15.95,15.9546,110411,17.18,17.1689,29918
2024-04-09,14.98,15.0753,113407,15.82,15.8977,115334,17.14,17.1587,29971
2024-04-10,15.46,15.3171,100663,16.26,16.1527,127381,17.46,17.3896,30306
2024-04-11,15.0,15.0239,89245,15.88,15.8992,138056,17.27,17.2502,30960
2024-04-12,17.05,17.0882,78864,17.2,17.1165,142568,18.12,18.0994,31287
2024-04-15,18.55,18.4081,62923,18.1,18.0133,168529,18.71,18.6336,34341
2024-04-16,18.15,18.2475,51773,17.4,17.4557,176511,18.15,18.1448,37834
2024-04-17,17.95,18.03,37418,17.25,17.2093,187563,18.02,18.0257,38051
2024-04-18,17.35,17.3829,183669,17.66,17.6459,68381,18.33,18.3,24810
2024-04-19,17.8,17.8354,179901,17.91,17.9513,72218,18.46,18.4681,25568
2024-04-22,16.38,16.4697,177618,16.72,16.8052,76165,17.48,17.5977,26349
2024-04-23,15.8,15.7943,174607,16.25,16.2121,80274,17.24,17.25,27521
2024-04-24,15.96,15.6252,168277,16.27,16.0272,81398,17.2,17.1001,25879
2024-04-25,15.6,16.0018,164150,15.98,16.2415,80980,16.95,17.0974,26312
2024-04-26,15.45,15.3964,166012,15.93,15.9111,84109,17.01,17.0439,27874
2024-04-29,15.15,15.1678,156190,15.68,15.6545,87304,16.75,16.7073,27596
2024-04-30,15.81,15.6634,155014,16.08,15.952,90755,17.02,16.9,27364
2024-05-01,15.7,15.7081,157353,16.01,16.0814,91032,17.07,17.1499,28104
2024-05-02,14.99,15.1632,155745,15.5,15.6452,91081,16.65,16.7,28773
2024-05-03,14.55,14.5915,153673,15.13,15.1674,93788,16.37,16.4438,28592
2024-05-06,14.18,14.1983,153948,14.71,14.7946,99608,15.98,16.0147,31660
2024-05-07,14.15,14.0973,153835,14.71,14.7108,103961,16.01,15.9924,31407
2024-05-08,13.95,13.9112,148561,14.61,14.6128,112249,15.92,15.902,31814
2024-05-09,13.81,13.8112,146840,14.55,14.5709,125309,15.75,15.8005,32204
2024-05-10,13.58,13.5511,144388,14.42,14.3785,137512,15.7,15.6798,33068
2024-05-13,13.75,13.8191,139175,14.49,14.5261,142466,15.7,15.7482,33736
2024-05-14,13.56,13.5162,125307,14.23,14.2591,151018,15.55,15.5143,33777
2024-05-15,12.95,12.879,115915,13.8,13.7759,153991,15.18,15.1692,34461
2024-05-16,12.9,12.8347,109590,13.81,13.7394,163730,15.25,15.1545,33696
2024-05-17,12.68,12.6503,98754,13.61,13.6146,174608,15.01,14.9726,35239
2024-05-20,12.55,12.5725,80377,13.65,13.6021,190078,15.03,15.0423,36196
2024-05-21,12.21,12.1979,70644,13.37,13.3887,203425,14.95,14.9519,40567
2024-05-22,12.05,12.0,85640,13.58,13.6649,226923,15.13,15.1602,47281
2024-05-23,13.85,13.8561,198641,14.67,14.6702,88571,15.72,15.7015,34981
2024-05-24,13.4,13.4272,192498,14.32,14.3147,89035,15.4,15.4017,33995
2024-05-28,13.75,13.7256,188543,14.57,14.5635,90372,15.7,15.6498,34956
2024-05-29,14.48,14.3394,184741,15.07,14.9519,89903,15.99,15.8939,35755
2024-05-30,14.4,14.2928,178426,14.97,14.903,92685,15.85,15.8,36830
2024-05-31,13.72,13.7896,176424,14.55,14.5813,97564,15.57,15.6,36568
2024-06-03,13.68,13.6535,172154,14.51,14.5124,106761,15.65,15.65,37511
2024-06-04,13.65,13.7165,166494,14.51,14.5892,108545,15.74,15.7012,37363
2024-06-05,13.38,13.3525,162657,14.35,14.3946,114071,15.57,15.5689,36909
2024-06-06,13.27,13.2562,159425,14.31,14.3165,122065,15.65,15.6504,35944
2024-06-07,13.0,13.0098,143150,14.25,14.2232,126822,15.54,15.5563,35023
2024-06-10,13.05,13.0295,135289,14.23,14.2355,140278,15.61,15.5988,35232
2024-06-11,13.0,12.9694,123633,14.27,14.2445,149965,15.61,15.5579,36367
2024-06-12,12.58,12.5556,108053,13.98,13.9677,159267,15.47,15.4633,37704
2024-06-13,12.44,12.4105,100384,13.95,13.9653,169980,15.53,15.5663,41023
2024-06-14,13.0,12.9549,81802,14.44,14.4134,188433,15.92,15.9165,44121
2024-06-17,12.8,12.8015,71514,14.32,14.3193,192579,15.92,15.9138,46597
2024-06-18,12.6,12.39,50052,14.35,14.2961,201999,16.02,16.0063,51455
2024-06-20,14.79,14.7681,200124,15.67,15.6549,73712,18.82,18.8413,38190
2024-06-21,14.55,14.4458,197686,15.37,15.3433,75827,18.5,18.5466,39697
2024-06-24,14.41,14.3967,190138,15.26,15.2751,80071,18.43,18.4474,41671
2024-06-25,14.12,14.077,185065,15.02,14.9865,83748,18.28,18.2478,42168
2024-06-26,13.95,13.9083,177449,14.91,14.8901,88904,18.15,18.1553,42645
2024-06-27,13.78,13.7587,177412,14.8,14.818,91616,18.05,18.0683,42928
2024-06-28,14.01,14.0228,170134,14.93,14.9402,97157,18.2,18.1775,43921
2024-07-01,13.4,13.4175,170281,14.4,14.4308,105560,17.7,17.7177,43062
2024-07-02,13.23,13.206,169656,14.27,14.296,112822,17.62,17.6556,42647
2024-07-03,13.3,13.2699,166667,14.35,14.3482,117784,17.7,17.704,43921
2024-07-05,13.33,13.3033,159790,14.4,14.3738,121426,17.7,17.7007,43723
2024-07-08,13.1,13.082,150801,14.16,14.1818,126968,17.53,17.501,46311
2024-07-09,13.05,12.9957,143829,14.23,14.2194,136011,17.58,17.596,46572
2024-07-10,12.96,12.9335,129539,14.2,14.1545,147759,17.52,17.5033,48242
2024-07-11,13.12,13.1184,115312,14.25,14.1965,159677,17.7,17.648,49334
2024-07-12,12.85,12.8311,100532,13.96,14.0232,172956,17.44,17.45,49850
2024-07-15,13.14,13.1369,85553,14.25,14.219,190725,17.55,17.6476,50417
2024-07-16,13.09,13.1593,64088,14.26,14.3356,197943,17.57,17.5344,53693
2024-07-17,13.9,13.89,44980,14.75,14.808,202603,17.76,17.75,56416
2024-07-18,15.3,15.2934,200133,16.06,16.0481,99747,17.67,17.6026,46007
2024-07-19,15.9,15.9169,198566,16.55,16.5074,102397,17.86,17.8074,47653
2024-07-22,15.1,15.0439,185843,15.81,15.7971,105748,17.47,17.4441,47162
2024-07-23,14.82,14.9323,180132,15.67,15.6963,105236,17.47,17.4629,46553
2024-07-24,17.06,17.072,179426,17.4,17.4566,108063,18.28,18.4485,46874
2024-07-25,17.18,17.1444,179669,17.59,17.5661,113662,18.52,18.4857,48534
2024-07-26,16.08,16.1771,174334,16.65,16.718,116032,18.0,18.0386,48634
2024-07-29,15.96,15.9722,171084,16.43,16.3991,112176,17.67,17.6552,48030
2024-07-30,16.6,16.4855,165261,16.95,16.8294,115547,18.06,17.9172,48847
2024-07-31,15.83,15.9994,162110,16.38,16.4934,118797,17.62,17.7019,50202
2024-08-01,17.7,17.4669,155571,17.95,17.8469,123507,18.57,18.4267,50188
2024-08-02,22.5,21.8527,166539,22.1,21.9844,133792,20.67,20.3808,50391
2024-08-05,31.0,32.0986,174657,29.25,30.3911,160896,23.85,22.9263,48832
2024-08-06,24.36,25.7702,164777,23.5,24.8657,173725,21.75,22.2332,42921
2024-08-07,25.75,25.0766,145439,24.2,23.5773,157519,22.26,21.6744,42304
2024-08-08,22.3,22.6885,135726,21.36,21.7279,155109,20.52,20.7343,41565
2024-08-09,19.59,19.4971,131166,19.0,18.8533,165246,19.13,19.1152,41650
2024-08-12,19.5,19.4647,119550,18.91,18.8303,162989,19.09,19.083,40828
2024-08-13,17.65,17.5452,104909,17.5,17.4046,150749,18.06,18.0924,41632
2024-08-14,16.3,16.2453,95947,16.31,16.2629,153066,17.53,17.4984,42327
2024-08-15,15.35,15.3485,86295,15.8,15.7452,153775,17.39,17.397,43338
2024-08-16,15.4,15.2799,70698,15.84,15.6896,165498,17.57,17.5287,45024
2024-08-19,14.8,14.7848,62725,15.4,15.3728,173373,17.45,17.4539,46045
2024-08-20,16.0,15.8801,53311,16.1,16.0407,185431,17.9,17.8498,47455
2024-08-21,15.9,16.11,36547,16.22,16.228,182319,17.92,17.8956,49984
2024-08-22,16.9,17.0095,179077,18.95,19.0438,85802,17.88,17.95,35438
2024-08-23,15.9,15.9286,175279,18.0,18.0591,87002,17.42,17.5,34570
2024-08-26,16.03,15.947,174095,18.02,17.9583,95498,17.42,17.3805,34503
2024-08-27,15.5,15.5794,170479,17.6,17.6572,99431,17.17,17.2426,34687
2024-08-28,16.55,16.5703,168765,18.34,18.3952,105708,17.44,17.5,35812
2024-08-29,15.75,15.9351,164212,17.8,17.8579,108306,17.35,17.3845,35238
2024-08-30,15.4,15.411,159923,17.39,17.4021,115697,17.08,17.1761,36023
2024-09-03,19.08,19.1208,153840,20.21,20.1829,126212,18.8,18.6716,36496
2024-09-04,19.6,19.5445,143341,20.56,20.5578,115861,19.17,19.219,35208
2024-09-05,18.86,18.7523,136448,19.77,19.6891,118701,18.7,18.6073,36379
2024-09-06,20.95,20.4643,128868,21.35,20.9192,122344,19.75,19.5009,35734
2024-09-09,18.61,18.7253,123714,19.57,19.7187,128211,18.82,18.9989,36084
2024-09-10,18.37,18.2864,110034,19.45,19.3349,127999,18.76,18.6579,36467
2024-09-11,17.45,17.2328,102292,18.73,18.6085,137158,18.22,18.2002,36944
2024-09-12,17.0,16.9479,88397,18.55,18.5068,140078,18.12,18.0901,37557
2024-09-13,16.75,16.703,81125,18.48,18.4866,139398,18.12,18.1037,38519
2024-09-16,17.18,17.0904,72309,18.7,18.6622,146262,18.25,18.202,39939
2024-09-17,17.7,17.8331,61106,18.94,19.032,159409,18.36,18.4,40526
2024-09-18,17.8,18.69,48126,18.89,18.7393,156996,18.26,18.1747,44270
2024-09-19,18.0,18.0222,151168,17.79,17.7952,68647,18.0,18.0413,19959
2024-09-20,18.06,17.9542,154204,17.77,17.7076,75287,18.23,18.175,20011
2024-09-23,18.0,18.0066,149839,17.73,17.7088,78408,18.21,18.2458,19167
2024-09-24,18.09,18.0531,148282,17.67,17.6609,79970,18.15,18.15,18652
2024-09-25,18.23,18.3144,145808,17.83,17.9062,82867,18.27,18.325,17628
2024-09-26,18.3,18.2977,143921,17.84,17.844,84940,18.29,18.3125,18564
2024-09-27,19.31,19.2552,138493,18.58,18.5204,88682,18.87,18.8006,18287
2024-09-30,18.8,18.8425,132550,18.15,18.0975,91589,18.57,18.5507,18530
2024-10-01,20.55,20.4666,129809,19.39,19.2892,97653,19.33,19.2505,18344
2024-10-02,20.07,20.1015,117314,19.1,19.1061,100162,19.23,19.2026,19787
2024-10-03,21.2,21.0732,113917,19.95,19.9132,107187,19.69,19.6626,19974
2024-10-04,20.4,20.2031,109594,19.25,19.1629,113354,19.25,19.1521,22146
2024-10-07,22.35,22.5656,105833,20.57,20.6485,119068,20.13,20.1784,22623
2024-10-08,21.45,21.4558,98657,19.94,19.894,129552,19.67,19.6,24183
2024-10-09,21.04,20.8987,87134,19.46,19.3484,133784,19.37,19.28,24755
2024-10-10,21.4,21.3948,76457,19.65,19.5553,135339,19.35,19.3256,24869
2024-10-11,21.2,21.1276,73262,19.37,19.3402,140606,19.2,19.1481,26316
2024-10-14,20.01,20.2002,62400,18.52,18.6485,147071,18.62,18.6993,27841
2024-10-15,21.15,20.9675,47302,19.31,19.305,152290,18.89,18.8781,27686
2024-10-16,20.95,20.97,31067,19.1,19.0531,167511,18.73,18.7436,30000
2024-10-17,18.75,18.7641,163509,18.25,18.3153,65405,18.63,18.6692,22725
2024-10-18,18.26,18.3002,156764,17.92,17.9419,69842,18.35,18.3,23333
2024-10-21,18.35,18.3564,155256,17.9,17.9371,70699,18.27,18.2,24103
2024-10-22,18.35,18.2834,152729,17.94,17.844,75570,18.22,18.1201,24182
2024-10-23,19.15,19.274,150646,18.52,18.6272,80723,18.68,18.7004,25620
2024-10-24,18.95,18.9021,150301,18.36,18.3654,84431,18.6,18.5905,27601
2024-10-25,19.9,19.8968,145439,19.03,19.0437,88191,19.07,19.0395,28645
2024-10-28,18.76,18.7978,144048,18.25,18.2452,87700,18.51,18.5059,30163
2024-10-29,18.72,18.7575,132838,18.19,18.1953,91206,18.5,18.4815,31000
2024-10-30,19.33,19.3182,132764,18.57,18.5536,90915,18.77,18.7486,33011
2024-10-31,20.86,20.9579,132420,19.69,19.7307,94854,19.57,19.633,34259
2024-11-01,20.45,20.488,135055,19.41,19.4768,100893,19.58,19.5857,34565
2024-11-04,19.45,19.5077,128927,18.69,18.7211,102659,19.17,19.2484,33851
2024-11-05,18.23,18.3442,128966,17.82,17.8957,106253,18.46,18.5604,33600
2024-11-06,16.24,16.246,126945,16.26,16.2785,109613,17.6,17.6488,33721
2024-11-07,15.7,15.6411,121088,15.85,15.8303,108340,17.25,17.3117,33342
2024-11-08,15.5,15.4969,108681,15.78,15.7606,111758,17.13,17.1343,34385
2024-11-11,15.45,15.4861,101611,15.7,15.7216,126938,17.05,17.0498,37026
2024-11-12,15.3,15.2572,92014,15.76,15.7362,127949,17.17,17.1037,37790
2024-11-13,14.5,14.544,85185,15.45,15.4598,138997,16.97,17.008,38823
2024-11-14,14.69,14.64,79868,15.46,15.4412,151680,17.09,17.0525,39972
2024-11-15,16.3,16.3884,74212,16.28,16.3703,151845,17.47,17.5401,41711
2024-11-18,15.7,15.6117,61475,15.87,15.8517,158592,17.2,17.1169,41097
2024-11-19,16.7,16.4181,56070,16.4,16.4057,166723,17.35,17.3817,43669
2024-11-20,16.25,16.65,40989,16.85,16.9522,170459,17.52,17.6208,45075
2024-11-21,16.85,16.7716,165426,17.27,17.2813,51131,17.68,17.6589,22508
2024-11-22,16.03,16.0654,158320,16.8,16.8433,53620,17.42,17.4395,23246
2024-11-25,15.4,15.4492,152277,16.4,16.4269,56725,17.13,17.1334,24013
2024-11-26,15.29,15.2541,150663,16.36,16.3418,61588,17.07,17.05,24110
2024-11-27,15.15,15.169,140768,16.21,16.2576,64443,17.09,17.1,23902
2024-11-29,14.85,14.8517,141396,16.0,16.0529,69878,16.92,16.9509,24145
2024-12-02,14.75,14.7128,142188,16.03,16.0326,75677,16.93,16.951,24017
2024-12-03,14.53,14.5309,141863,15.9,15.937,84318,16.92,16.9246,24103
2024-12-04,14.69,14.6572,141650,16.15,16.0881,88980,17.17,17.1257,25321
2024-12-05,14.57,14.6032,135665,16.17,16.201,97132,17.37,17.4064,26222
2024-12-06,14.25,14.2855,129011,15.91,15.9521,102024,17.25,17.2002,26240
2024-12-09,14.76,14.7355,122070,16.31,16.2983,120566,17.48,17.4485,27245
2024-12-10,14.56,14.6523,108380,16.18,16.2662,130226,17.42,17.4826,27897
2024-12-11,14.36,14.2842,99551,16.23,16.1838,137043,17.51,17.4792,28268
2024-12-12,14.51,14.4062,87920,16.36,16.2991,144795,17.64,17.5294,28080
2024-12-13,14.55,14.519,77885,16.32,16.2782,153392,17.62,17.553,28656
2024-12-16,14.75,14.6997,67152,16.6,16.6091,162718,17.85,17.8536,28756
2024-12-17,15.75,15.7483,53837,17.0,16.9531,170941,18.15,18.0051,30988
2024-12-18,15.4,15.66,36176,20.15,19.762,175955,19.85,19.5909,32478
2024-12-19,21.45,21.7113,172334,20.89,21.0178,59064,20.41,20.5019,20629
2024-12-20,18.28,18.2606,169747,18.65,18.5862,58264,18.88,18.8148,21764
2024-12-23,16.95,17.0257,131736,17.52,17.56,57635,18.01,18.0335,21141
2024-12-24,15.95,15.9878,125835,16.83,16.8502,58682,17.5,17.4978,21294
2024-12-26,16.06,16.0329,118289,16.95,16.9782,59028,17.65,17.6809,20622
2024-12-27,16.95,16.9415,120952,17.53,17.5586,63990,18.13,18.155,20780
2024-12-30,17.4,17.3868,115878,17.89,17.7923,67550,18.41,18.3619,20798
2024-12-31,17.48,17.5177,116482,17.86,17.8708,70547,18.26,18.3,20271
2025-01-02,17.81,17.9098,113246,18.24,18.2685,71791,18.51,18.525,21096
2025-01-03,16.8,16.6858,112194,17.5,17.4356,76912,18.0,18.0453,21657
2025-01-06,16.5,16.5686,109326,17.32,17.3787,83402,17.92,17.95,22713
2025-01-07,17.8,17.8805,103440,18.14,18.2637,87970,18.47,18.541,22167
2025-01-08,17.75,17.7197,98549,18.23,18.1515,93262,18.6,18.5943,22470
2025-01-09,17.95,17.9667,96385,18.34,18.325,99364,18.71,18.725,22735
2025-01-10,19.12,19.0119,95972,19.31,19.2947,99207,19.5,19.4822,22772
2025-01-13,18.44,18.5959,87331,18.77,18.9083,105811,19.28,19.3986,25161
2025-01-14,18.1,18.2081,78856,18.45,18.5544,111436,19.02,19.15,26943
2025-01-15,16.18,16.101,70024,17.16,17.063,114869,18.3,18.2011,26975
2025-01-16,16.35,16.189,64698,17.21,17.0997,126669,18.22,18.1258,28207
2025-01-17,16.3,16.1792,60197,17.26,17.2382,136228,18.21,18.1962,29065
2025-01-21,15.15,15.2423,50303,16.45,16.5367,148736,17.81,17.8871,30993
2025-01-22,14.8,15.53,45313,16.76,16.7432,180736,17.97,17.9972,33634
2025-01-23,16.47,16.4733,171319,17.32,17.3441,53406,18.1,18.0658,23730
2025-01-24,16.41,16.382,172763,17.32,17.2994,60173,18.11,18.1,24005
2025-01-27,17.56,17.6133,173161,17.98,18.0353,63761,18.5,18.5458,24418
2025-01-28,16.98,16.939,167410,17.6,17.4803,68356,18.22,18.1012,24815
2025-01-29,16.88,16.8431,157695,17.47,17.4988,71434,18.08,18.1508,24925
2025-01-30,16.8,16.7092,143967,17.58,17.5228,73102,18.27,18.2,25797
2025-01-31,17.44,17.3586,149145,18.05,17.986,76459,18.61,18.5735,26072
2025-02-03,17.35,17.9108,142492,17.83,18.1335,82549,18.35,18.5657,26709
2025-02-04,17.45,17.2011,133697,17.87,17.7673,88625,18.39,18.3596,27224
2025-02-05,16.75,16.7703,124858,17.43,17.491,91022,18.16,18.1534,26978
2025-02-06,16.63,16.5795,121666,17.45,17.4335,97722,18.26,18.2266,27322
2025-02-07,17.4,17.3458,120848,17.9,17.9512,109886,18.5,18.5979,28324
2025-02-10,16.75,16.7021,114246,17.52,17.5244,123941,18.33,18.3432,28588
2025-02-11,16.8,16.7694,105152,17.55,17.5614,136461,18.36,18.3663,28819
2025-02-12,16.67,16.8012,91278,17.37,17.4799,146585,18.3,18.3503,28607
2025-02-13,16.14,16.1349,80249,17.26,17.2427,161220,18.25,18.2424,29419
2025-02-14,16.1,16.0117,74835,17.21,17.1818,174006,18.29,18.2528,30908
2025-02-18,15.5,15.6602,64320,17.13,17.1256,189988,18.35,18.3509,31904
2025-02-19,15.65,15.94,42906,17.0,16.9066,215031,18.35,18.3013,33503
2025-02-20,16.95,17.0326,211031,17.82,17.8579,66004,18.62,18.675,28314
2025-02-21,18.2,18.3007,209878,18.64,18.699,69559,19.2,19.2722,29184
2025-02-24,18.32,18.4302,199225,18.72,18.7684,72767,19.17,19.2111,30190
2025-02-25,18.37,18.4836,197932,18.71,18.7907,77349,19.1,19.1997,30427
2025-02-26,17.8,18.1337,202055,18.36,18.6034,83183,18.91,19.0654,31334
2025-02-27,19.23,19.3063,185070,19.4,19.4276,87569,19.62,19.6,32080
2025-02-28,18.93,18.8291,178805,19.11,19.0461,94514,19.32,19.2665,32831
2025-03-03,20.37,20.6577,159440,20.21,20.4435,98521,20.09,20.2539,32742
2025-03-04,20.72,21.2409,157837,20.36,20.7993,106817,20.11,20.3531,34650
2025-03-05,20.37,20.1269,145869,20.08,19.9017,118299,20.02,19.9178,35497
2025-03-06,22.46,22.8281,128821,21.57,21.7923,112127,20.95,21.0459,35684
2025-03-07,21.85,21.6254,130499,20.89,20.7863,118476,20.37,20.3179,36183
2025-03-10,24.77,24.9344,120265,22.65,22.7978,125516,21.48,21.5779,36194
2025-03-11,24.69,24.6115,112322,22.86,22.7661,139707,21.5,21.3482,37386
2025-03-12,23.25,23.0749,101839,21.93,21.7139,141848,21.0,20.852,37140
2025-03-13,24.3,24.4101,87357,22.57,22.6331,137268,21.37,21.3918,35736
2025-03-14,21.75,21.5211,82752,20.87,20.6804,139409,20.47,20.3716,35529
2025-03-17,20.75,20.8352,66883,19.91,19.9169,144855,20.02,20.0499,36881
2025-03-18,21.45,21.63,44411,20.45,20.4806,150165,20.25,20.2462,42189
2025-03-19,19.66,19.7513,149493,19.66,19.7468,58530,19.99,20.0075,28403
2025-03-20,19.35,19.4005,151454,19.47,19.4706,60219,19.85,19.85,28846
2025-03-21,19.27,19.4179,148844,19.4,19.4739,62452,19.7,19.725,28500
2025-03-24,18.15,18.0635,149540,18.51,18.4989,63013,19.03,19.0011,28125
2025-03-25,18.18,18.2072,143535,18.62,18.6554,63227,19.17,19.2068,27252
2025-03-26,18.9,18.8445,143295,19.18,19.1501,63729,19.62,19.6042,29333
2025-03-27,18.99,18.9763,141122,19.15,19.1588,65141,19.61,19.5999,29325
2025-03-28,21.25,20.9817,140325,20.78,20.5492,70140,20.71,20.5654,29050
2025-03-31,21.02,20.8435,135351,20.68,20.4872,74700,20.7,20.6017,29425
2025-04-01,20.88,20.8794,128228,20.53,20.5138,79628,20.63,20.603,29718
2025-04-02,22.0,20.1562,127234,21.39,20.0227,86861,21.2,20.2121,29528
2025-04-03,26.25,26.3753,123726,24.02,24.1926,93473,23.04,23.1737,28797
2025-04-04,32.55,32.4976,127660,28.55,28.5193,103944,25.55,25.223,30975
2025-04-07,32.9,33.1708,126661,27.85,28.1411,124721,24.65,24.7871,30692
2025-04-08,39.5,39.1728,122555,32.05,31.4333,141085,26.65,26.1705,29194
2025-04-09,28.1,28.6489,107141,24.9,25.1944,145512,22.8,23.0388,29308
2025-04-10,35.2,35.8622,96134,29.3,29.871,140436,25.78,26.2681,26976
2025-04-11,34.45,34.6376,85254,28.7,28.8917,139516,25.9,26.0575,28825
2025-04-14,30.0,29.8594,73725,25.85,25.6983,142506,24.73,24.6117,29049
2025-04-15,30.35,29.9025,56404,25.66,25.4674,144332,24.41,24.2518,30540
2025-04-16,31.65,31.91,48836,27.45,27.6258,155587,25.57,25.6292,29984
2025-04-17,26.5,26.7284,152688,25.57,25.7621,55997,24.3,24.4628,20003
2025-04-21,28.3,28.4469,142772,26.97,27.0167,57208,25.42,25.4703,19855
2025-04-22,26.53,26.5397,142040,25.76,25.7021,58617,24.7,24.6164,20713
2025-04-23,25.25,25.4379,134380,24.73,24.8708,60822,23.98,24.1003,19773
2025-04-24,24.42,24.5677,131027,23.97,24.0525,65384,23.42,23.4981,18883
2025-04-25,23.5,23.4981,126886,23.26,23.2525,66684,22.96,22.9311,18722
2025-04-28,23.75,23.682,121229,23.39,23.3132,69136,23.08,23.0221,18286
2025-04-29,23.4,23.3847,118254,23.13,23.1101,72084,22.9,22.9144,18226
2025-04-30,23.75,24.0109,116868,23.39,23.5652,75068,23.0,23.1285,18819
2025-05-01,23.77,23.5699,112111,23.42,23.261,77865,22.9,22.875,18788
2025-05-02,22.6,22.4818,108565,22.5,22.4001,81498,22.24,22.1815,18916
2025-05-05,23.2,23.1838,102898,22.82,22.8084,85544,22.45,22.4467,19239
2025-05-06,24.4,24.1076,101654,23.72,23.5229,85440,23.06,22.9304,19113
2025-05-07,23.46,23.3234,99345,23.07,22.9534,87911,22.7,22.5837,19932
2025-05-08,22.36,22.2923,95203,22.35,22.229,89594,22.27,22.2029,19602
2025-05-09,21.95,22.0058,89797,22.05,22.092,94223,22.05,22.0502,19862
2025-05-12,18.55,18.571,83445,19.35,19.4058,101021,20.19,20.2463,20995
2025-05-13,18.6,18.4379,79661,19.43,19.2945,103125,20.2,20.1009,20025
2025-05-14,18.85,18.7805,71512,19.8,19.744,106675,20.31,20.3,20860
2025-05-15,18.2,18.2334,63179,19.4,19.4628,115264,20.2,20.2,21348
2025-05-16,18.4,17.9271,58277,19.71,19.4121,122402,20.48,20.2867,23791
2025-05-19,18.16,18.2044,52813,19.6,19.6515,130705,20.55,20.5326,24305
2025-05-20,17.97,18.0043,46267,19.43,19.4966,139213,20.48,20.5439,25405
2025-05-21,18.6,19.12,38219,20.95,20.7904,149975,21.6,21.5437,27308
2025-05-22,20.55,20.6395,149444,21.13,21.2388,52620,21.51,21.5937,13458
2025-05-23,22.08,22.0425,141399,22.29,22.2839,56311,22.22,22.1977,13219
2025-05-27,19.55,19.7008,136656,20.45,20.522,58971,21.05,21.125,13793
2025-05-28,19.65,19.92,126029,20.52,20.7911,60582,21.18,21.375,14008
2025-05-29,20.06,19.9594,122531,20.95,20.8552,63827,21.55,21.4994,14166
2025-05-30,20.07,20.0219,116444,21.06,21.0379,67625,21.66,21.6301,14220
2025-06-02,19.65,19.7059,115036,20.8,20.8963,73947,21.53,21.5518,14118
2025-06-03,19.2,19.204,113953,20.55,20.574,80078,21.4,21.3969,15112
2025-06-04,19.3,19.1474,112230,20.55,20.498,89081,21.46,21.427,16389
2025-06-05,19.77,19.5782,110500,21.02,20.8932,95342,21.85,21.7479,17149
2025-06-06,18.65,18.5314,107536,20.15,20.1545,107756,21.3,21.2991,19298
2025-06-09,18.35,18.3048,103105,20.0,20.0001,114814,21.25,21.2498,19850
2025-06-10,18.15,18.1408,98167,20.0,19.971,123697,21.28,21.273,20991
2025-06-11,18.4,18.3462,88738,20.06,20.0947,131132,21.32,21.3921,22967
2025-06-12,18.76,18.7455,80085,20.26,20.2997,139165,21.48,21.5012,24211
2025-06-13,21.07,21.2716,68709,21.66,21.8201,147288,22.18,22.2977,25435
2025-06-16,19.15,19.1942,52180,20.24,20.2816,160672,21.46,21.4256,26175
2025-06-17,21.05,20.9935,42779,21.45,21.4052,163124,22.03,22.0164,27161
2025-06-18,21.0,20.68,31586,20.83,20.8053,174120,21.65,21.7515,28401
2025-06-20,21.1,21.1254,170466,21.55,21.6516,55948,22.01,22.0492,18355
2025-06-23,20.65,20.7581,161982,21.35,21.499,60245,21.81,21.9051,19060
2025-06-24,19.3,19.2484,156904,20.4,20.446,65448,21.2,21.25,19054
2025-06-25,19.05,19.0176,157509,20.23,20.2389,70883,21.11,21.125,19205
2025-06-26,18.95,18.9112,156567,20.2,20.1218,77960,21.02,21.0009,19743
2025-06-27,18.85,18.8523,157037,20.17,20.1951,85570,21.05,21.05,20012
2025-06-30,18.78,18.7125,151319,20.17,20.0976,95881,21.18,21.107,20623
2025-07-01,18.7,18.6524,149744,20.16,20.1918,103836,21.17,21.1988,21689
2025-07-02,18.55,18.5591,145250,20.1,20.1827,115102,21.1,21.1492,22404
2025-07-03,18.4,18.3205,141741,20.12,20.0767,126117,21.13,21.1484,23395
2025-07-07,18.84,18.729,134777,20.35,20.2403,143330,21.32,21.2764,23445
2025-07-08,17.9,18.0173,122679,19.71,19.8183,148133,21.01,21.0967,23611
2025-07-09,17.16,17.0818,112640,19.33,19.2593,156128,20.97,20.9447,24381
2025-07-10,16.85,16.8712,91655,19.15,19.1121,171536,20.85,20.8516,25251
2025-07-11,17.3,17.1231,79509,19.25,19.1936,184716,20.98,20.95,25649
2025-07-14,17.25,17.3381,64647,19.38,19.4824,198893,21.1,21.1922,25577
2025-07-15,17.31,16.9855,49909,19.54,19.3911,216178,21.33,21.225,27144
2025-07-16,16.6,16.74,38256,19.46,19.5255,232530,21.45,21.4448,28483
2025-07-17,19.3,19.4451,231274,20.85,20.9494,65831,21.6,21.675,25090
2025-07-18,19.08,19.141,227746,20.75,20.8192,70334,21.52,21.575,25758
2025-07-21,19.0,19.0016,225101,20.69,20.6923,76091,21.49,21.5,26406
2025-07-22,18.93,18.8975,218818,20.71,20.705,79035,21.58,21.575,26592
2025-07-23,17.96,18.0956,214091,19.92,20.0524,83372,20.98,21.0497,28418
2025-07-24,18.06,18.0782,208549,19.85,19.8785,93051,20.95,20.925,28747
2025-07-25,17.91,17.8844,204569,19.77,19.7887,106905,20.85,20.875,28525
2025-07-28,17.3,17.3948,200691,19.25,19.3055,113167,20.62,20.6513,28738
2025-07-29,17.95,17.8434,198847,19.73,19.7103,122950,21.06,21.0472,29070
2025-07-30,17.5,17.9038,196617,19.45,19.7879,131160,20.93,21.1474,29726
2025-07-31,18.05,17.9566,186062,19.94,19.8708,136989,21.24,21.2383,30200
2025-08-01,19.9,19.8518,182198,21.05,21.1103,147590,21.8,21.8711,31496
2025-08-04,17.95,18.1045,162389,19.85,19.9853,146957,21.3,21.35,33468
2025-08-05,18.4,18.3111,154653,20.17,20.1609,157972,21.4,21.425,33874
2025-08-06,17.68,17.6048,147755,19.6,19.5688,165300,21.12,21.125,34531
2025-08-07,17.7,17.7978,142125,19.56,19.7075,171893,21.13,21.2403,35257
2025-08-08,16.75,16.868,134734,19.05,19.1604,180344,20.95,21.025,36395
2025-08-11,16.95,16.9014,128717,19.35,19.2976,191777,21.07,21.05,37338
2025-08-12,15.9,15.8937,119500,18.5,18.5508,210113,20.69,20.7008,38322
2025-08-13,15.75,15.6455,113164,18.52,18.4996,226038,20.75,20.7982,39849
2025-08-14,15.81,15.7256,103082,18.55,18.5444,234839,20.9,20.851,41797
2025-08-15,15.78,15.7742,90735,18.45,18.4744,248658,21.02,20.9712,43612
2025-08-18,15.33,15.3206,76818,17.95,18.009,258215,20.67,20.7001,46671
2025-08-19,15.5,15.5738,62405,18.35,18.3931,267074,20.82,20.85,48476
2025-08-20,,15.41,48660,18.25,18.3008,276905,20.89,20.8919,49193
2025-08-21,18.65,18.6088,263156,20.35,20.3754,68656,21.25,21.2194,42856
2025-08-22,17.05,16.9975,255319,19.0,19.0513,79197,20.25,20.25,43574
2025-08-25,17.04,17.0172,243586,19.11,19.1565,84528,20.38,20.4086,43758
2025-08-26,16.8,16.8867,236685,19.08,19.0898,95577,20.37,20.3513,44745
2025-08-27,16.94,16.9045,229788,19.18,19.1748,105411,20.46,20.475,44970
2025-08-28,16.8,16.6525,225259,19.11,19.0363,116048,20.38,20.3437,45137
2025-08-29,17.08,17.149,219457,19.32,19.3442,125087,20.52,20.5023,44884
2025-09-02,17.5,17.7246,206335,19.66,19.8497,138053,20.74,20.8488,44930
2025-09-03,17.15,17.1889,190201,19.36,19.4266,145332,20.63,20.675,45193
2025-09-04,16.53,16.5962,183082,18.81,18.8515,159760,20.25,20.2998,44960
2025-09-05,16.8,16.7106,168171,18.95,18.8991,172509,20.39,20.3452,46552
2025-09-08,16.35,16.3618,156944,18.52,18.5378,187443,20.08,20.0956,47112
2025-09-09,16.25,16.2916,142190,18.4,18.4396,203333,20.03,20.0471,48137
2025-09-10,16.19,16.1314,127726,18.41,18.3931,220482,20.05,20.075,49274
2025-09-11,15.65,15.6473,114863,18.02,17.995,229818,19.82,19.775,50945
2025-09-12,15.65,15.5928,97235,18.01,17.9471,242750,19.82,19.8021,51062
2025-09-15,15.8,15.7566,87145,18.16,18.1366,253513,19.91,19.8901,52772
2025-09-16,15.95,16.1034,64956,18.35,18.4512,266497,20.13,20.1956,55435
2025-09-17,16.15,15.86,44851,17.71,17.7786,286223,19.85,19.8121,57589
2025-09-18,17.65,17.677,268685,19.2,19.25,82035,20.85,20.875,27705
2025-09-19,17.7,17.7179,259799,19.26,19.2825,85695,20.85,20.85,28579
2025-09-22,18.02,18.0476,256033,19.5,19.534,90696,20.98,21.025,29155
2025-09-23,18.25,18.34,250824,19.68,19.708,95756,21.15,21.125,29930
2025-09-24,17.95,18.0413,241043,19.4,19.5247,100061,20.95,20.9883,32316
2025-09-25,18.33,18.3333,231186,19.72,19.7125,101708,21.01,21.089,33502
2025-09-26,17.5,17.4931,227624,19.07,19.0568,109062,20.59,20.6004,34129
2025-09-29,17.75,17.7466,222010,19.35,19.2967,115782,20.72,20.7076,35428
2025-09-30,17.75,17.588,216507,19.35,19.2492,120874,20.75,20.6885,35524
2025-10-01,17.6,17.5014,211838,19.2,19.1491,130355,20.7,20.625,36032
2025-10-02,17.8,17.842,207857,19.31,19.3483,139302,20.73,20.7481,37153
2025-10-03,17.8,17.7273,206019,19.25,19.2466,148423,20.76,20.7078,37860
2025-10-06,17.6,17.602,197708,19.1,19.1017,159063,20.68,20.6869,38085
2025-10-07,18.05,18.1013,188106,19.4,19.491,163760,20.85,20.9001,39593
2025-10-08,17.55,17.6497,177054,19.05,19.2059,173848,20.73,20.8488,41156
2025-10-09,17.7,17.7004,170713,19.23,19.2535,186972,20.8,20.8323,41781
2025-10-10,22.05,21.0095,164304,21.98,21.2344,190158,22.2,21.7221,42023
2025-10-13,19.1,19.0245,147297,19.7,19.6943,200737,21.06,21.0103,45508
2025-10-14,20.45,20.2857,121671,20.5,20.4843,216585,21.5,21.4438,43792
2025-10-15,20.85,20.7228,98704,20.69,20.6812,222962,21.55,21.5508,44123
2025-10-16,24.09,24.0259,88123,22.42,22.4142,225331,22.42,22.4458,44871
2025-10-17,20.8,20.9137,84821,20.63,20.7096,241125,21.5,21.5525,45663
2025-10-20,18.4,18.4487,72251,19.15,19.1805,242844,20.66,20.7632,46531
2025-10-21,18.05,18.018,60074,19.15,19.0436,248360,20.97,20.9398,44438
2025-10-22,18.0,18.7,49746,19.35,19.3039,254707,20.95,20.9497,45608
2025-10-23,18.85,18.9203,241328,19.55,19.6218,85277,21.22,21.2528,29345
2025-10-24,18.6,18.6373,237664,19.32,19.3431,91458,21.0,21.0442,29834
2025-10-27,18.0,18.0336,218262,18.9,18.9361,104941,20.78,20.7958,29812
2025-10-28,18.53,18.5732,218262,19.36,19.4043,104941,21.02,21.0507,29812
2025-10-29,18.85,18.9367,211957,19.65,19.6877,112681,21.25,21.2,30284
2025-10-30,18.6,19.108,207148,19.55,19.9203,119379,21.2,21.4,30774
2025-10-31,19.1,19.1308,202975,19.87,19.9632,127981,21.48,21.55,30579
2025-11-03,18.85,18.938,195578,19.85,19.8978,131821,21.56,21.6476,31404
2025-11-04,19.75,19.7605,187255,20.42,20.5025,141910,22.0,22.0476,32106
2025-11-05,19.0,18.9114,177203,19.77,19.7592,152667,21.55,21.5399,33656
2025-11-06,19.85,20.053,166379,20.25,20.3851,159557,21.65,21.797,32861
2025-11-07,19.8,19.8557,154239,20.13,20.2058,164768,21.68,21.7142,34903
2025-11-10,18.41,18.5012,132779,19.2,19.2457,166803,21.35,21.3321,34716
2025-11-11,18.35,18.3268,117347,19.3,19.2449,180009,21.43,21.4016,35255
2025-11-12,18.35,18.3384,109057,19.45,19.3997,191847,21.55,21.4824,35731
2025-11-13,20.35,20.4452,96027,20.5,20.5383,206049,22.2,22.2674,35797
2025-11-14,19.9,20.0738,79389,20.15,20.1248,214610,21.87,21.8839,35797
2025-11-17,22.0,22.0493,69195,21.15,21.1688,224609,22.46,22.4459,39088
2025-11-18,24.6,23.9669,54650,22.0,21.7706,241367,22.85,22.7919,40077
2025-11-19,23.85,23.9,44228,20.91,21.2323,260130,22.4,22.5745,44340
2025-11-20,22.85,22.867,241371,23.19,23.2206,69732,23.24,23.2497,40216
2025-11-21,21.5,21.5533,245665,22.35,22.4099,79296,22.88,22.995,41501
2025-11-24,19.95,19.8948,223757,21.05,21.1013,84747,22.05,22.1486,41473
2025-11-25,19.35,19.3179,205930,20.62,20.5594,90982,21.77,21.7869,41320
2025-11-26,18.71,18.7431,191745,20.13,20.1608,103430,21.44,21.5011,41288
2025-11-28,18.2,18.2687,181730,19.81,19.867,109298,21.25,21.2931,40490
2025-12-01,18.35,18.3442,179513,19.8,19.8539,119662,21.21,21.2461,39283
2025-12-02,18.0,17.9472,171965,19.7,19.5901,129761,21.14,21.075,39733
2025-12-03,17.78,17.7946,161980,19.55,19.5796,138561,21.01,21.005,40144
2025-12-04,17.55,17.5422,149992,19.42,19.4156,142568,20.87,20.8879,41107
2025-12-05,17.3,17.2631,138922,19.23,19.2329,149800,20.73,20.6916,40763
2025-12-08,17.54,17.6046,131069,19.45,19.4845,158047,20.78,20.7924,40475
2025-12-09,17.71,17.609,123028,19.53,19.4999,164173,20.82,20.7861,40295
2025-12-10,16.71,16.6644,114363,18.87,18.8164,172311,20.46,20.392,40891
2025-12-11,16.1,16.2564,106909,18.43,18.5716,181988,20.2,20.3348,41272
2025-12-12,16.7,16.5715,94367,18.62,18.5508,189545,20.36,20.3253,42108
2025-12-15,16.53,16.5036,77950,18.54,18.5302,197673,20.4,20.3945,43512
2025-12-16,16.75,16.3399,62790,18.65,18.5123,205120,20.43,20.3579,43610
2025-12-17,16.45,16.01,50065,18.74,18.8033,217312,20.49,20.5525,45050
2025-12-18,18.3,18.1867,210176,19.7,19.6653,60423,20.76,20.7414,20835
2025-12-19,17.4,17.4453,202838,19.02,19.1272,68879,20.2,20.275,21046
2025-12-22,16.9,16.8537,203742,18.67,18.6258,74264,20.01,20.0185,20801
2025-12-23,16.95,16.9364,200246,18.69,18.7306,83062,20.08,20.075,21561
2025-12-24,16.9,16.8532,194209,18.8,18.8012,88282,20.15,20.1446,21904
2025-12-26,16.81,16.8173,190880,18.85,18.8394,92164,20.27,20.275,22352
2025-12-29,16.65,16.6251,184437,18.57,18.5604,96103,20.32,20.3192,22663
2025-12-30,16.36,16.3736,182104,18.4,18.3952,107350,20.28,20.2983,24325
2025-12-31,16.5,16.5325,178667,18.49,18.534,113897,20.45,20.4533,24019
2026-01-02,16.1,16.1271,176523,18.3,18.2916,118916,20.31,20.3364,24535
2026-01-05,16.4,16.4125,170480,18.4,18.406,125565,20.45,20.415,24451
2026-01-06,16.25,16.2426,163432,18.17,18.1904,133554,20.28,20.2506,24770
2026-01-07,16.7,16.6914,153581,18.34,18.3472,139568,20.4,20.4018,25282
2026-01-08,16.51,16.5193,144437,18.07,18.1492,153522,20.11,20.1069,24988
2026-01-09,16.15,16.1552,124113,17.85,17.8657,161562,19.89,19.8974,26424
2026-01-12,16.1,16.1224,115977,17.9,17.9274,169904,19.8,19.8394,28112
2026-01-13,16.62,16.5992,105667,18.35,18.3897,176892,20.04,20.0436,29854
2026-01-14,17.41,17.287,95647,18.82,18.8191,183019,20.31,20.3161,31305
2026-01-15,16.45,16.5041,80882,18.26,18.2809,186583,20.02,20.0113,31580
2026-01-16,16.65,16.6389,70154,18.38,18.3596,193953,20.08,20.0074,34097
2026-01-20,19.9,20.2228,58018,20.25,20.3916,201328,20.88,20.8282,36687
2026-01-21,19.9,18.82,33407,18.4,18.4095,214034,19.95,19.9829,35138
2026-01-22,18.0,17.9803,198934,18.95,19.0033,71190,20.18,20.2074,19804
2026-01-23,18.43,18.346,194745,19.29,19.2365,74716,20.33,20.3209,20206
2026-01-26,18.3,18.2753,189434,19.28,19.2337,80232,20.45,20.4289,20395
2026-01-27,18.56,18.594,181133,19.47,19.5249,83502,20.55,20.5506,20622
2026-01-28,18.4,18.6005,177316,19.43,19.5362,90898,20.53,20.5548,23239
2026-01-29,18.75,18.7805,170017,19.64,19.6838,94613,20.74,20.7598,23869
2026-01-30,19.1,19.0448,164073,19.95,19.8981,103977,20.88,20.8492,25770
2026-02-02,17.95,17.9118,159257,19.06,19.0652,110498,20.47,20.484,26756
2026-02-03,18.94,18.9085,146774,19.55,19.6359,116421,20.72,20.7581,27023
2026-02-04,19.03,19.2928,134201,19.7,19.8792,124545,20.89,20.9529,27289
2026-02-05,21.29,20.8475,120546,21.07,20.8342,129979,21.5,21.3531,27581
2026-02-06,19.14,19.1365,109772,19.7,19.7066,141111,20.75,20.7951,29564
2026-02-09,18.41,18.2983,102613,19.2,19.128,151405,20.51,20.5002,29265
2026-02-10,18.75,18.8064,93840,19.5,19.5156,155459,20.7,20.7508,29365
2026-02-11,18.7,18.6671,82016,19.48,19.4505,165355,20.74,20.7506,29868
2026-02-12,20.5,20.6575,73725,20.45,20.6289,173634,21.12,21.1586,29973
2026-02-13,21.2,21.029,63053,20.91,20.8254,174287,21.29,21.2514,30519
2026-02-17,20.15,20.0571,52702,20.18,20.2175,197275,20.98,20.9516,32332
2026-02-18,19.85,19.69,29082,20.15,20.1587,204499,21.0,21.0277,32735
2026-02-19,20.65,20.7531,199359,21.2,21.242,60830,21.47,21.4928,26844
2026-02-20,20.15,20.2231,196763,20.75,20.8381,66288,21.17,21.2463,27574
2026-02-23,21.01,21.0977,192642,21.3,21.4043,67621,21.5,21.5567,27752
2026-02-24,20.35,20.2524,187751,20.93,20.9235,74627,21.39,21.3637,29483
2026-02-25,19.3,19.4492,183345,20.2,20.3214,81089,21.15,21.25,29667
2026-02-26,19.98,19.7561,180958,20.7,20.5453,79625,21.4,21.3441,34394
2026-02-27,20.55,20.6361,174670,21.15,21.1511,85249,21.62,21.625,34664
2026-03-02,21.11,20.932,167052,21.35,21.2758,91593,21.71,21.6521,35341
2026-03-03,22.4,22.1056,158818,22.27,22.0885,102306,22.05,21.9922,36392
2026-03-04,21.34,21.2017,155159,21.41,21.3553,116325,21.64,21.6426,37463
2026-03-05,22.86,22.9737,149756,22.37,22.4869,120840,22.13,22.1696,37879
2026-03-06,26.4,26.9657,146400,24.57,25.0027,126441,23.24,23.4272,37872
2026-03-09,23.89,23.5673,146104,23.04,22.9911,142230,22.82,22.7182,38978
2026-03-10,24.75,25.0953,120958,23.71,23.9178,148962,23.3,23.3577,38243
2026-03-11,24.0,23.5823,109144,23.14,22.9478,156079,22.9,22.8433,37882
2026-03-12,25.59,25.8135,90513,24.16,24.3687,161702,23.5,23.5988,37994
2026-03-13,26.59,26.3706,81741,24.92,24.7996,171729,23.93,23.8697,38752
2026-03-16,23.7,23.3145,73168,23.1,22.99,191092,22.9,22.8783,41737
2026-03-17,22.45,22.3122,55487,22.8,22.7161,194774,22.85,22.796,43399
2026-03-18,23.16,22.89,43078,24.9,24.6547,201949,24.1,23.9278,45638
2026-03-19,23.85,23.9468,205909,23.5,23.5295,55676,23.75,23.8003,23063
2026-03-20,25.2,25.7467,185428,24.35,24.7511,56751,24.22,24.4545,23551
2026-03-23,24.15,24.3024,178997,23.53,23.6039,63670,23.51,23.5468,23863
2026-03-24,24.32,24.9404,168461,23.62,24.1512,69531,23.57,23.8887,23786
2026-03-25,24.3,24.2885,157646,23.75,23.8017,75172,23.63,23.6968,24129
2026-03-26,25.83,26.2588,151260,24.75,25.0986,78983,24.21,24.3952,24365
2026-03-27,28.3,28.49,150515,26.35,26.4912,85887,25.26,25.3,25221
2026-03-30,28.49,28.2082,151855,26.56,26.4497,97744,25.42,25.3519,26395
2026-03-31,24.97,25.0224,136856,24.37,24.412,104677,24.34,24.4093,27138
2026-04-01,24.35,24.4503,117673,23.87,23.9092,108519,23.93,23.8982,26461
2026-04-02,24.58,24.4806,108340,24.0,23.9468,113057,23.9,23.825,26385
2026-04-06,23.76,23.843,101048,23.28,23.3132,118146,23.46,23.532,27200
2026-04-07,24.56,24.9752,91471,23.77,23.9995,125135,23.62,23.7045,27903
2026-04-08,22.0,21.6653,81927,22.15,21.9085,132458,22.61,22.5195,28618
2026-04-09,20.26,20.2766,75991,21.22,21.2162,148133,22.11,22.1403,28797
2026-04-10,20.11,20.4077,70722,21.35,21.5654,149523,22.26,22.3728,27690
2026-04-13,19.15,19.304,65064,20.63,20.7147,163463,21.77,21.8378,27510
2026-04-14,18.55,18.5981,56312,20.4,20.4795,168159,21.6,21.649,28033
2026-04-15,18.15,17.38,48955,20.51,20.5903,179662,21.69,21.7102,28978
2026-04-16,20.45,20.4999,183803,21.02,21.021,66252,21.95,21.925,21291
2026-04-17,20.4,20.2916,185277,21.01,20.945,70551,21.92,21.8505,21399
2026-04-20,20.45,20.5949,188642,21.2,21.2929,73226,22.08,22.1072,21571
2026-04-21,20.79,20.9532,184733,21.36,21.5196,76823,22.19,22.3009,21229
2026-04-22,20.6,20.6508,174077,21.29,21.3167,80462,22.17,22.1967,21071
2026-04-23,20.8,20.6595,173626,21.35,21.3194,84997,22.24,22.2092,21534
2026-04-24,20.8,20.8574,169908,21.45,21.5145,85911,22.26,22.2935,23031
2026-04-27,20.05,20.0502,172497,21.1,21.0997,89054,22.17,22.1997,23183
2026-04-28,19.7,19.7201,168662,20.73,20.7805,94237,21.99,22.0042,23578
2026-04-29,20.35,20.2515,168970,21.27,21.1753,100454,22.28,22.1941,23279
2026-04-30,19.4,19.4774,160614,20.62,20.6453,112643,21.85,21.85,23507
2026-05-01,19.76,19.6928,161738,20.89,20.7897,116403,22.01,21.8827,23659
2026-05-04,20.0,19.9531,153654,21.03,21.045,127819,22.16,22.125,24094
2026-05-05,19.55,19.7775,145309,20.88,21.0615,134167,22.07,22.2148,25145
2026-05-06,19.25,19.3268,139328,20.65,20.6964,141237,21.93,21.9174,25434
2026-05-07,19.3,19.0668,128429,20.7,20.5952,143854,21.96,21.855,25796
2026-05-08,19.1,19.2159,124874,20.63,20.6846,151215,21.95,21.9683,26941
2026-05-11,19.45,19.4709,114700,20.93,20.99,162971,22.18,22.225,28378
2026-05-12,19.05,19.0069,102369,20.59,20.5673,175085,22.0,21.959,29741
2026-05-13,18.9,19.0526,90522,20.89,20.9198,185091,22.24,22.25,31455
2026-05-14,18.4,18.3627,81933,20.53,20.5377,192328,22.18,22.1917,31581
2026-05-15,19.23,19.106,72521,20.63,20.6563,205389,22.21,22.2302,32512
2026-05-18,17.7,17.6228,61871,20.3,20.281,223795,22.15,22.0921,33260
2026-05-19,17.6,17.81,49803,20.36,20.4174,241402,22.16,22.1966,34595
2026-05-20,20.0,19.9922,236783,21.49,21.491,61754,22.33,22.325,26599
2026-05-21,19.4,19.3516,225859,21.16,21.129,65877,22.13,22.1,26134
2026-05-22,19.65,19.5327,219886,21.25,21.2031,72373,22.19,22.1961,25385
2026-05-26,18.8,18.8709,212366,20.64,20.7092,75748,21.88,21.925,25446
2026-05-27,18.33,18.3995,201548,20.41,20.4518,82714,21.67,21.7057,25592
2026-05-28,17.91,17.9751,193903,20.13,20.2218,90922,21.55,21.5825,25710
2026-05-29,17.6,17.5883,185403,19.91,19.9449,98196,21.41,21.4,26296
2026-06-01,18.06,18.0701,179595,20.42,20.4065,104194,21.73,21.7163,26786
2026-06-02,17.7,17.6984,174351,20.22,20.2431,116722,21.67,21.6631,28221
2026-06-03,17.81,17.6055,169461,20.46,20.3183,124831,21.83,21.7692,29887
2026-06-04,17.11,16.997,164149,19.75,19.6678,136788,21.53,21.475,31763
2026-06-05,19.65,19.1698,154967,20.75,20.4832,149532,21.93,21.775,32083
2026-06-08,18.7,18.7394,147368,20.1,20.1442,161517,21.6,21.5038,32470
2026-06-09,18.95,19.0027,135132,20.41,20.5199,172018,21.62,21.6951,31463
2026-06-10,20.85,20.6899,109514,21.48,21.4626,176863,22.22,22.1764,30907
2026-06-11,19.2,19.2403,98416,20.5,20.4894,187714,21.73,21.7018,31156
2026-06-12,17.9,17.9717,82200,19.63,19.6632,195889,21.35,21.3794,32691
2026-06-15,16.2,16.1117,74306,18.45,18.36,198621,20.72,20.6482,33056
2026-06-16,16.35,16.1227,69064,18.45,18.4177,204810,20.74,20.7353,32552
2026-06-17,15.91,16.2,55224,19.1,19.255,210733,20.93,21.0532,32915
2026-06-18,18.48,18.4931,207242,19.87,19.9209,66498,21.4,21.4074,21777
2026-06-22,18.45,18.4508,197666,19.65,19.6583,67097,21.25,21.2632,21073
2026-06-23,19.4,19.5058,200554,20.17,20.2839,71301,21.36,21.4538,21038
2026-06-24,18.9,19.4291,194083,19.75,20.1412,71787,21.1,21.3003,20920
2026-06-25,19.0,19.1066,188762,19.74,19.8393,76075,20.95,21.0067,20384
2026-06-26,19.35,19.0598,180528,19.95,19.8178,78898,21.1,21.0124,22970
2026-06-29,18.45,18.415,175261,19.3,19.2634,80108,20.71,20.7081,24990
2026-06-30,18.05,17.9507,167790,19.02,18.949,82938,20.43,20.4355,23202
2026-07-01,18.21,18.1033,161681,19.17,19.0954,90100,20.5,20.4532,24085
2026-07-02,17.95,17.9017,161832,19.02,18.9641,96910,20.5,20.4017,24910
2026-07-06,17.2,17.2517,154546,18.58,18.6039,98392,20.27,20.2819,25218
2026-07-07,17.55,17.5525,151782,18.68,18.6997,105708,20.33,20.3756,26134
2026-07-08,18.25,17.927,150335,19.02,18.8545,111765,20.5,20.3755,25810
2026-07-09,17.4,17.4187,129970,18.65,18.6556,123568,20.36,20.3936,26983
2026-07-10,16.94,16.9545,124043,18.3,18.2982,129926,20.26,20.3151,27636
2026-07-13,17.9,17.7668,119551,18.8,18.7312,143934,20.49,20.4488,27835
2026-07-14,17.28,17.3067,106776,18.5,18.5165,151749,20.36,20.3535,28141
2026-07-15,16.56,16.5489,99668,18.15,18.0542,161202,20.17,20.165,28683
2026-07-16,17.4,17.2746,93746,18.66,18.508,170021,20.4,20.325,28811
2026-07-17,18.9,18.8036,83798,19.25,19.3004,177151,20.67,20.6588,30118
2026-07-20,18.54,18.4507,65654,19.05,18.9656,180861,20.53,20.4529,31149
2026-07-21,17.14,17.0397,55073,18.43,18.4089,191178,20.32,20.3423,31927
2026-07-22,17.45,17.22,47415,18.4,18.5033,201857,20.4,20.4316,32330
2026-07-23,19.38,19.5133,197194,20.11,20.2246,68981,21.09,21.1439,25858
2026-07-24,19.25,19.231,189562,19.95,19.9851,74066,21.12,21.0986,25799
2026-07-27,19.15,19.1398,185693,19.83,19.8291,76141,20.92,20.907,25956
2026-07-28,19.05,18.9983,173484,19.71,19.7005,83894,20.85,20.8506,26028
2026-07-29,20.37,20.3094,168762,20.65,20.5776,85099,21.34,21.2464,25526
2026-07-30,18.75,18.7716,166083,19.67,19.6787,91737,20.94,20.932,26770
2026-07-31,18.4,18.1046,162902,19.42,19.2499,94496,20.77,20.742,26734
2026-08-03,17.85,17.9466,159237,19.08,19.1787,96018,20.62,20.6516,27181
2026-08-04,17.95,18.0473,157864,19.2,19.2542,103864,20.65,20.6749,27296
2026-08-05,17.6,17.4302,151170,18.78,18.7083,112046,20.35,20.3508,29053
2026-08-06,17.2,17.0952,144819,18.6,18.5409,120958,20.35,20.3008,28109
2026-08-07,17.01,16.9913,138116,18.67,18.6639,126912,20.46,20.4527,28363
2026-08-10,16.97,16.9577,128110,18.6,18.5975,134027,20.49,20.4542,28629
2026-08-11,16.75,16.7881,119081,18.41,18.4293,144811,20.37,20.375,29077
2026-08-12,16.06,16.0226,107570,18.02,17.9686,152310,20.17,20.121,29515
2026-08-13,15.93,16.001,94437,18.07,18.1145,163032,20.21,20.1982,30406
2026-08-14,15.6,15.5594,81738,17.9,17.9201,174382,20.22,20.2031,30649
2026-08-17,15.6,15.6125,72645,18.04,18.0529,190798,20.41,20.3841,31108
2026-08-18,16.0,15.8653,60340,18.2,18.1906,211674,20.42,20.3678,30724
2026-08-19,15.4,15.29,49633,17.55,17.6066,221384,20.05,20.0943,30414
2026-08-20,17.78,17.8009,218065,19.41,19.4505,66130,20.32,20.3457,31344
2026-08-21,17.5,17.5022,214155,19.11,19.1499,68168,20.06,20.0995,31733
2026-08-24,17.55,17.589,211143,19.12,19.1282,73138,20.0,20.0294,32579
2026-08-25,17.2,17.2042,206225,18.93,18.9246,77109,19.87,19.85,32704
2026-08-26,17.05,17.1549,201227,18.78,18.8535,81132,19.71,19.7494,32937
2026-08-27,16.7,16.6614,194291,18.55,18.5279,86389,19.52,19.4975,33392
2026-08-28,16.9,16.9353,186341,18.73,18.7002,93439,19.56,19.5021,33702
2026-08-31,16.58,16.5603,183101,18.42,18.4425,103215,19.26,19.25,34254
2026-09-01,17.18,17.2528,172712,18.81,18.8535,110883,19.41,19.4024,35004
2026-09-02,,16.5528,172964,,18.385,123472,,19.246,37018
2026-09-03,16.15,16.1381,158884,18.1,18.1013,133964,19.08,19.0998,37927
2026-09-04,16.25,16.2669,152255,18.07,18.1384,144340,19.0,18.975,39863
2026-09-08,16.66,16.6283,142562,18.45,18.402,153579,19.3,19.2512,41291
2026-09-09,17.1,17.052,125228,18.62,18.6248,169390,19.45,19.4338,44177
