Date,SP500,VIX,VXc1,VXc2,VXc4
2007-09-10,1451.699951171875,27.3799991607666,26.72,24.67,22.1
2007-09-11,1471.489990234375,25.270000457763672,25.01,23.62,21.63
2007-09-12,1471.56005859375,24.959999084472656,24.94,23.88,21.77
2007-09-13,1483.949951171875,24.760000228881836,24.85,23.76,21.47
2007-09-14,1484.25,24.920000076293945,24.8,23.78,21.49
2007-09-17,1476.6500244140625,26.479999542236328,25.37,24.34,21.69
2007-09-18,1519.780029296875,20.350000381469727,20.18,21.39,20.48
2007-09-19,1529.030029296875,20.030000686645508,20.57,20.23,20.1
2007-09-20,1518.75,20.450000762939453,20.82,20.75,20.16
2007-09-21,1525.75,19.0,19.87,19.98,19.63
2007-09-24,1517.72998046875,19.3700008392334,19.71,19.91,19.55
2007-09-25,1517.2099609375,18.600000381469727,19.88,20.11,19.49
2007-09-26,1525.4200439453125,17.6299991607666,19.03,19.56,19.24
2007-09-27,1531.3800048828125,17.0,18.72,19.39,19.16
2007-09-28,1526.75,18.0,18.92,19.79,19.48
2007-10-01,1547.0400390625,17.84000015258789,18.43,19.34,19.26
2007-10-02,1546.6300048828125,18.489999771118164,18.92,19.69,19.62
2007-10-03,1539.5899658203125,18.799999237060547,19.1,19.99,19.79
2007-10-04,1542.8399658203125,18.440000534057617,19.26,20.15,19.86
2007-10-05,1557.5899658203125,16.90999984741211,17.93,19.27,19.09
2007-10-08,1552.5799560546875,17.459999084472656,18.2,19.51,19.28
2007-10-09,1565.1500244140625,16.1200008392334,17.06,18.64,18.76
2007-10-10,1562.469970703125,16.670000076293945,17.31,18.62,18.92
2007-10-11,1554.4100341796875,18.8799991607666,18.53,19.8,19.6
2007-10-12,1561.800048828125,17.729999542236328,17.95,19.45,19.55
2007-10-15,1548.7099609375,19.25,19.17,20.41,20.43
2007-10-16,1538.530029296875,20.020000457763672,20.03,21.33,21.08
2007-10-17,1541.239990234375,18.540000915527344,21.07,20.95,21.12
2007-10-18,1540.0799560546875,18.5,21.09,20.92,21.01
2007-10-19,1500.6300048828125,22.959999084472656,22.54,22.3,21.85
2007-10-22,1506.3299560546875,21.63999938964844,22.27,21.74,21.83
2007-10-23,1519.5899658203125,20.40999984741211,21.56,21.23,21.4
2007-10-24,1515.8800048828125,20.799999237060547,22.01,21.57,21.63
2007-10-25,1514.4000244140625,21.170000076293945,21.71,21.68,21.62
2007-10-26,1535.280029296875,19.559999465942383,20.73,21.04,21.25
2007-10-29,1540.97998046875,19.8700008392334,20.27,20.91,21.22
2007-10-30,1531.02001953125,21.06999969482422,20.96,21.64,21.77
2007-10-31,1549.3800048828125,18.530000686645508,19.06,20.3,20.89
2007-11-01,1508.43994140625,23.209999084472656,22.33,22.46,22.37
2007-11-02,1509.6500244140625,23.010000228881836,22.98,23.07,23.19
2007-11-05,1502.1700439453125,24.309999465942383,23.94,23.91,23.8
2007-11-06,1520.27001953125,21.38999938964844,22.45,22.92,23.18
2007-11-07,1475.6199951171875,26.489999771118164,25.22,25.23,25.15
2007-11-08,1474.77001953125,26.15999984741211,25.24,25.05,24.97
2007-11-09,1453.699951171875,28.5,26.96,26.36,26.04
2007-11-12,1439.1800537109375,31.09000015258789,27.64,26.64,26.21
2007-11-13,1481.050048828125,24.100000381469727,24.65,24.82,24.6
2007-11-14,1470.5799560546875,25.940000534057617,25.3,25.15,24.81
2007-11-15,1451.1500244140625,28.059999465942383,27.42,26.7,26.1
2007-11-16,1458.739990234375,25.489999771118164,26.04,26.45,25.98
2007-11-19,1433.27001953125,26.010000228881836,25.61,26.92,26.46
2007-11-20,1439.699951171875,24.8799991607666,25.08,26.18,26.28
2007-11-21,1416.77001953125,26.84000015258789,26.81,26.74,26.25
2007-11-23,1440.699951171875,25.61000061035156,25.86,25.98,25.91
2007-11-26,1407.219970703125,28.90999984741211,27.32,26.97,26.38
2007-11-27,1428.22998046875,26.280000686645508,26.65,26.53,26.07
2007-11-28,1469.02001953125,24.11000061035156,24.56,24.66,24.53
2007-11-29,1469.719970703125,23.969999313354492,24.86,24.77,24.61
2007-11-30,1481.1400146484375,22.8700008392334,24.19,24.37,24.36
2007-12-03,1472.4200439453125,23.61000061035156,24.29,24.56,24.29
2007-12-04,1462.7900390625,23.790000915527344,24.48,24.83,24.67
2007-12-05,1485.010009765625,22.530000686645508,23.06,23.95,24.01
2007-12-06,1507.3399658203125,20.959999084472656,21.67,22.94,23.06
2007-12-07,1504.6600341796875,20.850000381469727,21.97,23.27,23.21
2007-12-10,1515.9599609375,20.739999771118164,21.28,22.92,23.03
2007-12-11,1477.6500244140625,23.59000015258789,22.92,23.91,23.79
2007-12-12,1486.5899658203125,22.469999313354492,22.19,23.76,23.47
2007-12-13,1488.4100341796875,22.559999465942383,22.04,23.95,23.91
2007-12-14,1467.949951171875,23.270000457763672,22.64,24.66,24.36
2007-12-17,1445.9000244140625,24.520000457763672,23.75,25.45,25.09
2007-12-18,1454.97998046875,22.63999938964844,22.55,24.57,24.33
2007-12-19,1453.0,21.68000030517578,24.42,24.38,24.22
2007-12-20,1460.1199951171875,20.579999923706055,24.17,24.1,23.92
2007-12-21,1484.4599609375,18.469999313354492,23.1,23.29,23.25
2007-12-24,1496.449951171875,18.600000381469727,22.18,22.95,22.97
2007-12-26,1497.6600341796875,18.65999984741211,22.02,22.79,22.92
2007-12-27,1476.27001953125,20.260000228881836,22.72,23.52,23.45
2007-12-28,1478.489990234375,20.739999771118164,22.81,23.72,23.46
2007-12-31,1468.3599853515625,22.5,23.12,24.19,23.95
2008-01-02,1447.1600341796875,23.170000076293945,23.86,24.49,24.32
2008-01-03,1447.1600341796875,22.489999771118164,23.42,24.52,24.26
2008-01-04,1411.6300048828125,23.940000534057617,24.68,25.3,24.83
2008-01-07,1416.1800537109375,23.790000915527344,24.12,24.81,24.45
2008-01-08,1390.18994140625,25.43000030517578,25.54,25.9,25.35
2008-01-09,1409.1300048828125,24.1200008392334,24.89,25.78,24.76
2008-01-10,1420.3299560546875,23.450000762939453,24.07,24.95,24.36
2008-01-11,1401.02001953125,23.68000030517578,24.96,26.15,25.92
2008-01-14,1416.25,22.899999618530273,23.36,25.1,25.07
2008-01-15,1380.949951171875,23.34000015258789,24.04,25.24,25.1
2008-01-16,1373.199951171875,24.3799991607666,24.99,25.03,24.94
2008-01-17,1333.25,28.459999084472656,26.97,26.62,26.36
2008-01-18,1325.18994140625,27.18000030517578,27.24,26.71,26.19
2008-01-22,1310.5,31.010000228881836,27.73,26.38,25.77
2008-01-23,1338.5999755859375,29.020000457763672,26.4,25.3,24.98
2008-01-24,1352.0699462890625,27.780000686645508,26.43,25.34,25.2
2008-01-25,1330.6099853515625,29.079999923706055,26.75,25.8,25.63
2008-01-28,1353.9599609375,27.780000686645508,26.16,25.37,25.13
2008-01-29,1362.300048828125,27.31999969482422,26.25,25.25,25.11
2008-01-30,1355.81005859375,27.6200008392334,26.14,25.56,25.27
2008-01-31,1378.550048828125,26.200000762939453,25.64,25.31,24.78
2008-02-01,1395.4200439453125,24.020000457763672,24.95,24.66,24.24
2008-02-04,1380.8199462890625,25.989999771118164,25.81,25.56,24.51
2008-02-05,1336.6400146484375,28.239999771118164,27.39,26.92,25.92
2008-02-06,1326.449951171875,28.969999313354492,28.19,27.6,26.53
2008-02-07,1336.9100341796875,27.65999984741211,27.62,27.25,26.01
2008-02-08,1331.2900390625,28.010000228881836,28.39,27.63,26.88
2008-02-11,1339.1300048828125,27.600000381469727,27.88,26.97,26.22
2008-02-12,1348.8599853515625,26.329999923706055,27.06,26.72,25.9
2008-02-13,1367.2099609375,24.8799991607666,26.0,25.81,25.33
2008-02-14,1348.8599853515625,25.540000915527344,26.28,26.18,25.75
2008-02-15,1349.989990234375,25.020000457763672,26.07,25.93,25.5
2008-02-19,1348.780029296875,25.59000015258789,25.61,25.7,24.96
2008-02-20,1360.030029296875,24.399999618530273,25.45,25.41,24.88
2008-02-21,1342.530029296875,25.1200008392334,25.42,25.45,24.88
2008-02-22,1353.1099853515625,24.059999465942383,24.87,24.83,24.62
2008-02-25,1371.800048828125,23.030000686645508,24.17,24.34,24.15
2008-02-26,1381.2900390625,21.899999618530273,23.71,24.18,24.07
2008-02-27,1380.02001953125,22.690000534057617,23.88,24.45,24.15
2008-02-28,1367.6800537109375,23.530000686645508,24.58,25.1,24.75
2008-02-29,1330.6300048828125,26.540000915527344,26.1,26.36,25.85
2008-03-03,1331.3399658203125,26.280000686645508,26.16,26.25,25.69
2008-03-04,1326.75,25.520000457763672,25.72,25.79,25.5
2008-03-05,1333.699951171875,24.600000381469727,24.83,25.38,24.85
2008-03-06,1304.3399658203125,27.549999237060547,26.76,26.99,26.23
2008-03-07,1293.3699951171875,27.489999771118164,26.91,26.87,25.94
2008-03-10,1273.3699951171875,29.3799991607666,27.75,27.6,26.56
2008-03-11,1320.6500244140625,26.36000061035156,26.11,26.09,25.28
2008-03-12,1308.77001953125,27.219999313354492,26.68,26.92,26.01
2008-03-13,1315.47998046875,27.290000915527344,26.75,27.02,26.17
2008-03-14,1288.1400146484375,31.15999984741211,29.03,28.52,27.24
2008-03-17,1276.5999755859375,32.2400016784668,30.57,28.54,27.1
2008-03-18,1330.739990234375,25.790000915527344,25.95,26.2,25.13
2008-03-19,1298.4200439453125,29.84000015258789,27.41,26.53,26.2
2008-03-20,1329.510009765625,26.6200008392334,27.0,26.08,25.8
2008-03-24,1349.8800048828125,25.729999542236328,26.35,25.71,25.6
2008-03-25,1352.989990234375,25.719999313354492,26.32,25.87,25.56
2008-03-26,1341.1300048828125,26.079999923706055,26.95,26.32,26.14
2008-03-27,1325.760009765625,25.8799991607666,26.64,26.46,26.05
2008-03-28,1315.219970703125,25.709999084472656,26.6,26.59,26.24
2008-03-31,1322.699951171875,25.61000061035156,26.01,26.3,25.78
2008-04-01,1370.1800537109375,22.68000030517578,24.0,24.85,24.58
2008-04-02,1367.530029296875,23.43000030517578,24.64,25.03,24.74
2008-04-03,1369.31005859375,23.209999084472656,24.27,24.94,24.54
2008-04-04,1370.4000244140625,22.450000762939453,23.96,24.95,24.68
2008-04-07,1372.5400390625,22.420000076293945,23.01,24.26,24.2
2008-04-08,1365.5400390625,22.36000061035156,23.02,24.07,24.01
2008-04-09,1354.489990234375,22.809999465942383,23.63,24.66,24.59
2008-04-10,1360.550048828125,21.979999542236328,22.85,24.33,24.15
2008-04-11,1332.8299560546875,23.459999084472656,23.91,24.98,25.14
2008-04-14,1328.3199462890625,23.81999969482422,23.84,24.88,24.99
2008-04-15,1334.4300537109375,22.780000686645508,22.87,24.41,24.59
2008-04-16,1364.7099609375,20.530000686645508,22.96,23.23,23.46
2008-04-17,1365.56005859375,20.3700008392334,23.03,23.55,23.44
2008-04-18,1390.3299560546875,20.1299991607666,22.2,22.84,23.18
2008-04-21,1388.1700439453125,20.5,21.92,22.43,22.92
2008-04-22,1375.93994140625,20.8700008392334,22.1,22.62,23.21
2008-04-23,1379.9300537109375,20.260000228881836,21.86,22.41,23.11
2008-04-24,1388.8199462890625,20.059999465942383,21.23,22.05,22.87
2008-04-25,1397.8399658203125,19.59000015258789,20.69,21.52,22.4
2008-04-28,1396.3699951171875,19.63999938964844,20.54,21.33,22.05
2008-04-29,1390.93994140625,20.239999771118164,20.81,21.59,22.38
2008-04-30,1385.5899658203125,20.790000915527344,21.24,22.14,22.45
2008-05-01,1409.3399658203125,18.8799991607666,19.86,20.95,21.51
2008-05-02,1413.9000244140625,18.18000030517578,19.66,20.63,21.47
2008-05-05,1407.489990234375,18.899999618530273,19.69,20.99,21.6
2008-05-06,1418.260009765625,18.209999084472656,18.82,20.26,21.34
2008-05-07,1392.5699462890625,19.729999542236328,19.7,21.21,22.08
2008-05-08,1397.6800537109375,19.399999618530273,19.67,21.25,22.17
2008-05-09,1388.280029296875,19.40999984741211,19.84,21.45,22.29
2008-05-12,1403.5799560546875,17.790000915527344,18.94,20.82,21.87
2008-05-13,1403.0400390625,17.979999542236328,18.7,20.78,21.88
2008-05-14,1408.6600341796875,17.65999984741211,18.3,20.32,21.68
2008-05-15,1423.5699462890625,16.299999237060547,17.43,19.88,21.37
2008-05-16,1425.3499755859375,16.469999313354492,17.15,20.14,21.69
2008-05-19,1426.6300048828125,17.010000228881836,16.64,19.76,21.73
2008-05-20,1413.4000244140625,17.579999923706055,17.37,20.82,22.68
2008-05-21,1390.7099609375,18.59000015258789,22.14,23.58,23.76
2008-05-22,1394.3499755859375,18.049999237060547,21.72,23.56,23.7
2008-05-23,1375.9300537109375,19.549999237060547,22.23,24.04,24.22
2008-05-27,1385.3499755859375,19.63999938964844,21.49,23.7,23.78
2008-05-28,1390.8399658203125,19.06999969482422,21.33,23.25,23.59
2008-05-29,1398.260009765625,18.13999938964844,19.97,22.07,23.11
2008-05-30,1400.3800048828125,17.829999923706055,19.38,21.77,22.99
2008-06-02,1385.6700439453125,19.829999923706055,20.64,22.8,23.48
2008-06-03,1377.6500244140625,20.239999771118164,21.07,23.18,23.84
2008-06-04,1377.199951171875,20.799999237060547,21.3,23.09,24.02
2008-06-05,1404.050048828125,18.6299991607666,19.91,22.13,23.46
2008-06-06,1360.6800537109375,23.559999465942383,22.98,23.94,24.66
2008-06-09,1361.760009765625,23.1200008392334,22.7,23.43,24.59
2008-06-10,1358.43994140625,23.18000030517578,22.72,23.47,24.36
2008-06-11,1335.489990234375,24.1200008392334,23.75,24.05,24.74
2008-06-12,1339.8699951171875,23.329999923706055,22.85,23.88,24.78
2008-06-13,1360.030029296875,21.219999313354492,21.62,23.0,23.89
2008-06-16,1360.1400146484375,20.950000762939453,20.86,22.74,23.44
2008-06-17,1350.9300537109375,21.1299991607666,21.05,22.68,23.43
2008-06-18,1337.81005859375,22.239999771118164,23.35,23.37,23.85
2008-06-19,1342.8299560546875,21.579999923706055,22.93,23.17,23.45
2008-06-20,1317.9300537109375,22.8700008392334,23.51,23.43,23.72
2008-06-23,1318.0,22.63999938964844,23.51,23.49,23.61
2008-06-24,1314.2900390625,22.420000076293945,23.63,23.7,23.54
2008-06-25,1321.969970703125,21.13999938964844,22.61,22.75,23.01
2008-06-26,1283.1500244140625,23.93000030517578,24.72,24.25,24.21
2008-06-27,1278.3800048828125,23.440000534057617,24.55,24.18,24.18
2008-06-30,1280.0,23.950000762939453,24.19,23.93,24.02
2008-07-01,1284.9100341796875,23.649999618530273,24.19,23.8,23.85
2008-07-02,1261.52001953125,25.920000076293945,25.53,24.95,24.55
2008-07-03,1262.9000244140625,24.780000686645508,25.39,24.69,24.33
2008-07-07,1252.31005859375,25.780000686645508,25.85,24.78,24.69
2008-07-08,1273.699951171875,23.149999618530273,23.96,23.54,23.44
2008-07-09,1244.68994140625,25.229999542236328,25.47,24.69,24.51
2008-07-10,1253.3900146484375,25.59000015258789,25.61,24.86,24.52
2008-07-11,1239.489990234375,27.489999771118164,27.15,25.25,24.78
2008-07-14,1228.300048828125,28.479999542236328,28.03,25.89,24.93
2008-07-15,1214.9100341796875,28.540000915527344,28.43,26.12,25.3
2008-07-16,1245.3599853515625,25.100000381469727,24.72,24.48,23.57
2008-07-17,1260.3199462890625,25.010000228881836,24.25,23.99,23.14
2008-07-18,1260.6800537109375,24.049999237060547,24.05,23.8,23.03
2008-07-21,1260.0,23.049999237060547,23.4,23.44,22.77
2008-07-22,1277.0,21.18000030517578,22.47,22.74,22.36
2008-07-23,1282.18994140625,21.309999465942383,22.43,22.78,22.71
2008-07-24,1252.5400390625,23.440000534057617,23.55,23.72,23.66
2008-07-25,1257.760009765625,22.90999984741211,23.45,23.63,23.6
2008-07-28,1234.3699951171875,24.229999542236328,24.25,24.24,24.11
2008-07-29,1263.199951171875,22.030000686645508,22.68,22.99,23.17
2008-07-30,1284.260009765625,21.209999084472656,21.57,22.1,22.52
2008-07-31,1267.3800048828125,22.940000534057617,22.77,22.94,23.01
2008-08-01,1260.31005859375,22.56999969482422,22.95,23.04,23.09
2008-08-04,1249.010009765625,23.489999771118164,22.78,23.01,23.06
2008-08-05,1284.8800048828125,21.13999938964844,21.44,22.12,22.42
2008-08-06,1289.18994140625,20.229999542236328,20.7,21.58,22.38
2008-08-07,1266.0699462890625,21.149999618530273,21.51,22.52,22.88
2008-08-08,1296.3199462890625,20.65999984741211,20.91,21.87,22.69
2008-08-11,1305.3199462890625,20.1200008392334,20.29,21.68,22.65
2008-08-12,1289.5899658203125,21.170000076293945,21.28,22.46,23.02
2008-08-13,1285.8299560546875,21.549999237060547,21.5,22.93,23.24
2008-08-14,1292.9300537109375,20.34000015258789,20.8,22.15,22.68
2008-08-15,1298.199951171875,19.579999923706055,20.18,21.92,22.71
2008-08-18,1278.5999755859375,20.979999542236328,20.66,22.21,23.01
2008-08-19,1266.68994140625,21.280000686645508,21.0,22.93,23.53
2008-08-20,1274.5400390625,20.420000076293945,22.45,23.16,22.73
2008-08-21,1277.719970703125,19.81999969482422,22.19,23.25,22.73
2008-08-22,1292.199951171875,18.809999465942383,21.59,22.92,22.74
2008-08-25,1266.8399658203125,20.969999313354492,22.64,23.45,23.3
2008-08-26,1271.510009765625,20.489999771118164,22.4,23.24,23.15
2008-08-27,1281.6600341796875,19.760000228881836,21.8,22.94,22.88
2008-08-28,1300.6800537109375,19.43000030517578,21.12,22.68,22.61
2008-08-29,1282.8299560546875,20.649999618530273,21.7,22.99,22.95
2008-09-02,1277.5799560546875,21.989999771118164,22.08,23.19,23.16
2008-09-03,1274.97998046875,21.43000030517578,21.64,23.1,23.2
2008-09-04,1236.8299560546875,24.030000686645508,23.78,24.31,24.03
2008-09-05,1242.31005859375,23.059999465942383,23.08,23.98,23.56
2008-09-08,1267.7900390625,22.63999938964844,21.99,23.39,23.18
2008-09-09,1224.510009765625,25.469999313354492,24.22,24.71,24.09
2008-09-10,1232.0400390625,24.520000457763672,23.59,24.31,23.79
2008-09-11,1249.050048828125,24.38999938964844,23.83,24.49,23.68
2008-09-12,1251.699951171875,25.65999984741211,24.68,24.57,23.97
2008-09-15,1192.699951171875,31.700000762939453,28.84,25.73,24.73
2008-09-16,1213.5999755859375,30.299999237060547,29.68,25.17,24.49
2008-09-17,1156.3900146484375,36.220001220703125,26.61,25.93,25.58
2008-09-18,1206.510009765625,33.099998474121094,25.31,25.01,24.78
2008-09-19,1255.0799560546875,32.06999969482422,24.74,24.38,24.37
2008-09-22,1207.0899658203125,33.849998474121094,26.56,25.41,25.39
2008-09-23,1188.219970703125,35.720001220703125,29.02,26.85,26.1
2008-09-24,1185.8699951171875,35.189998626708984,28.65,26.68,25.68
2008-09-25,1209.1800537109375,32.81999969482422,27.74,25.99,25.32
2008-09-26,1213.27001953125,34.7400016784668,28.64,26.25,25.43
2008-09-29,1106.4200439453125,46.720001220703125,32.69,29.84,27.87
2008-09-30,1166.3599853515625,39.38999938964844,30.66,28.22,26.77
2008-10-01,1161.06005859375,39.810001373291016,31.87,28.85,27.0
2008-10-02,1114.280029296875,45.2599983215332,34.1,30.64,27.8
2008-10-03,1099.22998046875,45.13999938964844,35.67,31.2,28.05
2008-10-06,1056.8900146484375,52.04999923706055,37.37,31.94,28.66
2008-10-07,996.22998046875,53.68000030517578,41.83,34.32,29.73
2008-10-08,984.9400024414062,57.529998779296875,45.56,35.39,30.2
2008-10-09,909.9199829101562,63.91999816894531,52.3,37.68,31.6
2008-10-10,899.219970703125,69.94999694824219,56.71,38.31,32.42
2008-10-13,1003.3499755859376,54.9900016784668,50.64,36.07,30.52
2008-10-14,998.010009765625,55.130001068115234,49.05,37.94,31.38
2008-10-15,907.8400268554688,69.25,58.18,42.7,34.49
2008-10-16,946.4299926757812,67.61000061035156,63.88,42.78,34.71
2008-10-17,940.5499877929688,70.33000183105469,63.25,47.04,36.08
2008-10-20,985.4000244140624,52.970001220703125,52.31,45.05,34.22
2008-10-21,955.0499877929688,53.11000061035156,52.8,43.8,34.95
2008-10-22,896.780029296875,69.6500015258789,48.33,39.71,36.03
2008-10-23,908.1099853515624,67.80000305175781,50.02,40.14,36.48
2008-10-24,876.77001953125,79.12999725341797,55.82,43.56,39.23
2008-10-27,848.9199829101562,80.05999755859375,59.29,44.88,39.98
2008-10-28,940.510009765625,66.95999908447266,53.7,42.77,37.16
2008-10-29,930.0900268554688,69.95999908447266,56.41,44.16,38.47
2008-10-30,954.0900268554688,62.900001525878906,55.37,44.2,38.84
2008-10-31,968.75,59.88999938964844,54.57,44.93,39.34
2008-11-03,966.2999877929688,53.68000030517578,51.96,44.71,39.0
2008-11-04,1005.75,47.72999954223633,46.43,41.86,37.84
2008-11-05,952.77001953125,54.560001373291016,50.2,43.85,40.11
2008-11-06,904.8800048828124,63.68000030517578,57.58,47.8,42.51
2008-11-07,930.989990234375,56.099998474121094,54.65,47.48,42.02
2008-11-10,919.2100219726562,59.97999954223633,56.19,48.2,42.73
2008-11-11,898.9500122070312,61.439998626708984,58.38,49.38,43.54
2008-11-12,852.2999877929688,66.45999908447266,63.71,52.92,45.13
2008-11-13,911.2899780273438,59.83000183105469,56.87,50.03,44.28
2008-11-14,873.2899780273438,66.30999755859375,62.9,53.51,46.09
2008-11-17,850.75,69.1500015258789,67.95,56.25,47.43
2008-11-18,859.1199951171875,67.63999938964844,67.04,57.29,48.59
2008-11-19,806.5800170898438,74.26000213623047,62.9,56.87,47.34
2008-11-20,752.4400024414062,80.86000061035156,66.23,59.77,50.58
2008-11-21,800.030029296875,72.66999816894531,62.78,56.9,49.06
2008-11-24,851.8099975585938,64.69999694824219,58.64,54.15,46.78
2008-11-25,857.3900146484375,60.900001525878906,57.18,52.61,45.43
2008-11-26,887.6799926757812,54.91999816894531,53.18,50.85,43.61
2008-11-28,896.239990234375,55.279998779296875,53.21,50.6,43.52
2008-12-01,816.2100219726562,68.51000213623047,60.45,56.29,48.13
2008-12-02,848.8099975585938,62.97999954223633,57.93,55.3,47.57
2008-12-03,870.739990234375,60.720001220703125,57.73,55.21,47.12
2008-12-04,845.219970703125,63.63999938964844,60.49,57.62,49.35
2008-12-05,876.0700073242188,59.93000030517578,58.32,56.75,48.7
2008-12-08,909.7000122070312,58.4900016784668,55.26,54.67,48.23
2008-12-09,888.6699829101562,58.90999984741211,56.4,55.38,48.82
2008-12-10,899.239990234375,55.72999954223633,55.26,54.44,48.48
2008-12-11,873.5900268554688,55.779998779296875,55.06,55.32,49.09
2008-12-12,879.72998046875,54.279998779296875,54.58,54.46,48.58
2008-12-15,868.5700073242188,56.7599983215332,55.7,54.84,48.63
2008-12-16,913.1799926757812,52.369998931884766,52.44,52.25,46.75
2008-12-17,904.4199829101562,49.84000015258789,52.07,49.94,43.91
2008-12-18,885.280029296875,47.34000015258789,50.31,48.93,43.22
2008-12-19,887.8800048828125,44.93000030517578,47.35,46.53,41.76
2008-12-22,871.6300048828125,44.560001373291016,45.51,45.63,41.43
2008-12-23,863.1599731445312,45.02000045776367,46.15,46.54,42.14
2008-12-24,868.1500244140625,44.209999084472656,45.73,45.96,41.75
2008-12-26,872.7999877929688,43.380001068115234,45.15,45.65,41.61
2008-12-29,869.4199829101562,43.900001525878906,46.34,46.76,42.51
2008-12-30,890.6400146484375,41.630001068115234,44.18,45.08,40.97
2008-12-31,903.25,40.0,41.94,42.93,38.55
2009-01-02,931.7999877929688,39.189998626708984,38.7,39.91,36.22
2009-01-05,927.4500122070312,39.08000183105469,39.96,40.16,36.47
2009-01-06,934.7000122070312,38.560001373291016,39.53,39.55,36.74
2009-01-07,906.6500244140624,43.38999938964844,43.52,42.5,38.63
2009-01-08,909.72998046875,42.560001373291016,42.97,42.72,38.4
2009-01-09,890.3499755859375,42.81999969482422,44.55,44.15,38.66
2009-01-12,870.260009765625,45.84000015258789,48.04,47.74,40.84
2009-01-13,871.7899780273438,43.27000045776367,46.67,46.81,40.93
2009-01-14,842.6199951171875,49.13999938964844,51.79,50.56,42.88
2009-01-15,843.739990234375,51.0,53.26,49.93,43.25
2009-01-16,850.1199951171875,46.11000061035156,49.65,48.53,43.44
2009-01-20,805.219970703125,56.650001525878906,57.9,54.66,47.54
2009-01-21,840.239990234375,46.41999816894531,51.13,47.36,41.62
2009-01-22,827.5,47.290000915527344,50.54,47.37,42.25
2009-01-23,831.9500122070312,47.27000045776367,50.16,47.2,42.31
2009-01-26,836.5700073242188,45.689998626708984,47.55,45.63,41.59
2009-01-27,845.7100219726562,42.25,45.16,43.51,40.1
2009-01-28,874.0900268554688,39.65999984741211,42.31,40.75,38.36
2009-01-29,845.1400146484375,42.630001068115234,43.38,40.88,37.89
2009-01-30,825.8800048828125,44.84000015258789,44.99,42.18,38.99
2009-02-02,825.4400024414062,45.52000045776367,45.35,42.3,39.55
2009-02-03,838.510009765625,43.060001373291016,43.15,40.95,38.65
2009-02-04,832.22998046875,43.849998474121094,43.75,41.1,38.3
2009-02-05,845.8499755859375,43.72999954223633,43.25,40.5,38.05
2009-02-06,868.5999755859375,43.369998931884766,42.6,40.1,37.9
2009-02-09,869.8900146484375,43.63999938964844,42.5,40.5,38.05
2009-02-10,827.1599731445312,46.66999816894531,45.6,42.9,39.15
2009-02-11,833.739990234375,44.529998779296875,44.6,42.2,38.7
2009-02-12,835.1900024414062,41.25,42.55,41.6,38.65
2009-02-13,826.8400268554688,42.93000030517578,43.6,42.35,39.25
2009-02-17,789.1699829101562,48.65999984741211,48.0,44.05,40.25
2009-02-18,788.4199829101562,48.459999084472656,44.85,42.65,39.5
2009-02-19,778.9400024414062,47.08000183105469,44.55,43.2,39.95
2009-02-20,770.0499877929688,49.29999923706055,46.7,44.75,40.95
2009-02-23,743.3300170898438,52.619998931884766,49.05,46.9,41.9
2009-02-24,773.1400146484375,45.4900016784668,44.5,43.9,40.15
2009-02-25,764.9000244140625,44.66999816894531,43.45,43.25,40.1
2009-02-26,752.8300170898438,44.65999984741211,44.0,43.75,40.65
2009-02-27,735.0900268554688,46.349998474121094,44.45,43.9,40.95
2009-03-02,700.8200073242188,52.650001525878906,47.85,46.05,42.15
2009-03-03,696.3300170898438,50.93000030517578,48.45,46.35,42.05
2009-03-04,712.8699951171875,47.560001373291016,44.75,42.9,39.8
2009-03-05,682.5499877929688,50.16999816894531,47.35,44.45,40.2
2009-03-06,683.3800048828125,49.33000183105469,46.65,44.15,40.1
2009-03-09,676.530029296875,49.68000030517578,47.05,44.9,40.35
2009-03-10,719.5999755859375,44.369998931884766,43.15,41.6,37.9
2009-03-11,721.3599853515625,43.61000061035156,42.65,41.6,37.85
2009-03-12,750.739990234375,41.18000030517578,41.1,41.1,37.45
2009-03-13,756.5499877929688,42.36000061035156,42.1,41.6,38.2
2009-03-16,753.8900146484375,43.7400016784668,43.0,43.1,38.7
2009-03-17,778.1199951171875,40.79999923706055,40.05,41.3,38.2
2009-03-18,794.3499755859375,40.060001373291016,40.95,39.15,37.9
2009-03-19,784.0399780273438,43.68000030517578,43.7,41.55,39.5
2009-03-20,768.5399780273438,45.88999938964844,47.05,44.45,41.55
2009-03-23,822.9199829101562,43.22999954223633,43.35,41.75,39.55
2009-03-24,806.1199951171875,42.93000030517578,44.0,42.25,40.05
2009-03-25,813.8800048828125,42.25,42.75,41.45,39.9
2009-03-26,832.8599853515625,40.36000061035156,41.45,40.45,39.25
2009-03-27,815.9400024414062,41.040000915527344,42.95,41.6,40.2
2009-03-30,787.530029296875,45.540000915527344,46.35,44.05,41.8
2009-03-31,797.8699951171875,44.13999938964844,45.05,43.95,41.75
2009-04-01,811.0800170898438,42.279998779296875,43.65,43.25,41.2
2009-04-02,834.3800048828125,42.040000915527344,42.95,42.5,41.25
2009-04-03,842.5,39.70000076293945,41.7,41.8,40.85
2009-04-06,835.47998046875,40.93000030517578,41.95,42.15,41.3
2009-04-07,815.5499877929688,40.38999938964844,41.65,42.45,41.55
2009-04-08,825.1599731445312,38.849998474121094,40.6,41.55,40.95
2009-04-09,856.5599975585938,36.529998779296875,38.3,39.9,39.75
2009-04-13,858.72998046875,37.810001373291016,37.05,39.7,39.65
2009-04-14,841.5,37.66999816894531,37.85,39.6,39.6
2009-04-15,852.0599975585938,36.16999816894531,38.8,38.8,38.55
2009-04-16,865.2999877929688,35.790000915527344,37.35,37.5,37.5
2009-04-17,869.5999755859375,33.939998626708984,36.6,36.65,36.7
2009-04-20,832.3900146484375,39.18000030517578,39.5,38.95,38.15
2009-04-21,850.0800170898438,37.13999938964844,37.9,37.65,37.3
2009-04-22,843.5499877929688,38.099998474121094,38.45,38.05,37.8
2009-04-23,851.9199829101562,37.150001525878906,37.8,37.4,37.15
2009-04-24,866.22998046875,36.81999969482422,37.8,37.65,37.4
2009-04-27,857.510009765625,38.31999969482422,38.75,38.45,38.1
2009-04-28,855.1599731445312,37.95000076293945,38.2,38.15,37.65
2009-04-29,873.6400146484375,36.08000183105469,36.45,36.7,36.55
2009-04-30,872.8099975585938,36.5,36.95,37.0,36.65
2009-05-01,877.52001953125,35.29999923706055,36.35,36.55,36.15
2009-05-04,907.239990234375,34.529998779296875,34.8,34.75,34.6
2009-05-05,903.7999877929688,33.36000061035156,34.6,34.8,34.75
2009-05-06,919.530029296875,32.45000076293945,33.05,33.8,33.75
2009-05-07,907.3900146484376,33.439998626708984,33.7,34.15,34.0
2009-05-08,929.22998046875,32.04999923706055,32.2,32.8,32.95
2009-05-11,909.239990234375,32.869998931884766,32.45,33.0,33.15
2009-05-12,908.3499755859376,31.799999237060547,31.95,32.85,33.05
2009-05-13,883.9199829101562,33.650001525878906,33.4,33.85,33.9
2009-05-14,893.0700073242188,31.3700008392334,31.6,32.5,32.65
2009-05-15,882.8800048828125,33.119998931884766,33.15,33.2,33.2
2009-05-18,909.7100219726562,30.239999771118164,29.85,30.85,30.85
2009-05-19,908.1300048828124,28.799999237060547,28.5,30.4,30.9
2009-05-20,903.469970703125,29.030000686645508,30.5,31.4,31.55
2009-05-21,888.3300170898438,31.350000381469727,32.2,32.85,32.3
2009-05-22,887.0,32.630001068115234,32.75,33.05,32.4
2009-05-26,910.3300170898438,30.6200008392334,31.15,32.0,31.55
2009-05-27,893.0599975585938,32.36000061035156,32.1,32.9,32.05
2009-05-28,906.8300170898438,31.670000076293945,31.55,32.4,31.9
2009-05-29,919.1400146484376,28.920000076293945,30.35,31.5,31.55
2009-06-01,942.8699951171876,30.040000915527344,29.6,30.75,30.75
2009-06-02,944.739990234375,29.6299991607666,29.6,31.0,30.95
2009-06-03,931.760009765625,31.020000457763672,31.15,32.65,32.1
2009-06-04,942.4600219726562,30.18000030517578,30.8,32.25,31.85
2009-06-05,940.0900268554688,29.6200008392334,30.55,32.2,31.85
2009-06-08,939.1400146484376,29.770000457763672,30.25,32.0,31.75
2009-06-09,942.4299926757812,28.270000457763672,29.1,30.95,31.15
2009-06-10,939.1500244140624,28.459999084472656,29.1,31.2,31.45
2009-06-11,944.8900146484376,28.11000061035156,28.1,30.6,30.9
2009-06-12,946.2100219726562,28.149999618530273,28.35,29.95,30.45
2009-06-15,923.719970703125,30.809999465942383,30.2,31.35,31.25
2009-06-16,911.969970703125,32.68000030517578,31.85,32.4,32.05
2009-06-17,910.7100219726562,31.540000915527344,32.65,32.1,31.95
2009-06-18,918.3699951171876,30.030000686645508,32.4,31.85,31.85
2009-06-19,921.22998046875,27.989999771118164,31.35,31.55,31.75
2009-06-22,893.0399780273438,31.170000076293945,32.75,32.55,32.55
2009-06-23,895.0999755859375,30.579999923706055,32.05,32.15,32.3
2009-06-24,900.9400024414062,29.049999237060547,30.6,31.35,31.5
2009-06-25,920.260009765625,26.36000061035156,29.1,30.25,30.8
2009-06-26,918.9000244140624,25.93000030517578,28.55,29.85,30.55
2009-06-29,927.22998046875,25.350000381469727,27.45,28.95,29.95
2009-06-30,919.3200073242188,26.350000381469727,28.05,29.25,30.05
2009-07-01,923.3300170898438,26.219999313354492,27.65,29.2,29.9
2009-07-02,896.4199829101562,27.950000762939453,29.3,30.65,31.0
2009-07-06,898.719970703125,29.0,29.0,30.4,30.95
2009-07-07,881.030029296875,30.850000381469727,30.25,31.45,31.8
2009-07-08,879.5599975585938,31.299999237060547,30.8,31.8,32.0
2009-07-09,882.6799926757812,29.780000686645508,29.75,31.75,32.0
2009-07-10,879.1300048828125,29.020000457763672,29.8,31.95,32.35
2009-07-13,901.0499877929688,26.309999465942383,27.55,30.8,31.75
2009-07-14,905.8400268554688,25.020000457763672,27.0,30.25,31.35
2009-07-15,932.6799926757812,25.88999938964844,26.45,29.25,30.65
2009-07-16,940.739990234375,25.420000076293945,25.9,28.95,30.35
2009-07-17,940.3800048828124,24.34000015258789,25.6,29.0,30.4
2009-07-20,951.1300048828124,24.399999618530273,24.55,28.4,29.6
2009-07-21,954.5800170898438,23.8700008392334,24.05,27.85,29.45
2009-07-22,954.0700073242188,23.469999313354492,27.2,29.2,28.9
2009-07-23,976.2899780273438,23.43000030517578,26.25,28.45,28.75
2009-07-24,979.260009765625,23.09000015258789,26.0,28.55,28.65
2009-07-27,982.1799926757812,24.280000686645508,26.35,28.95,29.0
2009-07-28,979.6199951171876,25.010000228881836,27.3,29.85,29.7
2009-07-29,975.1500244140624,25.61000061035156,27.65,30.05,29.8
2009-07-30,986.75,25.399999618530273,27.05,29.3,29.4
2009-07-31,987.47998046875,25.920000076293945,27.25,29.7,29.7
2009-08-03,1002.6300048828124,25.559999465942383,26.45,29.1,29.3
2009-08-04,1005.6500244140624,24.88999938964844,26.3,28.85,29.15
2009-08-05,1002.719970703125,24.899999618530273,26.05,28.85,29.05
2009-08-06,997.0800170898438,25.670000076293945,26.6,28.95,29.35
2009-08-07,1010.47998046875,24.760000228881836,25.65,28.05,28.75
2009-08-10,1007.0999755859376,24.989999771118164,25.6,28.1,28.8
2009-08-11,994.3499755859376,25.989999771118164,26.2,28.6,29.2
2009-08-12,1005.8099975585938,25.450000762939453,25.55,28.35,29.05
2009-08-13,1012.72998046875,24.709999084472656,25.05,27.8,28.8
2009-08-14,1004.0900268554688,24.270000457763672,25.2,28.3,28.7
2009-08-17,979.72998046875,27.88999938964844,27.6,29.9,30.4
2009-08-18,989.6699829101562,26.18000030517578,26.35,29.25,30.1
2009-08-19,996.4600219726562,26.260000228881836,28.35,30.55,29.35
2009-08-20,1007.3699951171876,25.09000015258789,27.8,30.1,29.2
2009-08-21,1026.1300048828125,25.010000228881836,27.35,30.0,29.05
2009-08-24,1025.5699462890625,25.13999938964844,27.4,29.9,28.9
2009-08-25,1028.0,24.920000076293945,27.75,30.05,29.1
2009-08-26,1028.1199951171875,24.950000762939453,28.3,30.4,29.3
2009-08-27,1030.97998046875,24.68000030517578,27.8,30.25,29.2
2009-08-28,1028.9300537109375,24.760000228881836,28.1,30.5,29.3
2009-08-31,1020.6199951171876,26.010000228881836,28.5,30.95,29.55
2009-09-01,998.0399780273438,29.149999618530273,30.05,32.25,30.3
2009-09-02,994.75,28.899999618530273,30.5,32.65,30.7
2009-09-03,1003.239990234375,27.100000381469727,28.95,31.25,29.75
2009-09-04,1016.4000244140624,25.260000228881836,27.6,30.45,29.15
2009-09-08,1025.3900146484375,25.6200008392334,26.7,29.45,28.75
2009-09-09,1033.3699951171875,24.31999969482422,25.95,28.6,28.35
2009-09-10,1044.1400146484375,23.549999237060547,24.45,27.35,27.75
2009-09-11,1042.72998046875,24.149999618530273,24.75,27.7,27.95
2009-09-14,1049.3399658203125,23.86000061035156,23.85,27.05,27.8
2009-09-15,1052.6300048828125,23.420000076293945,23.5,27.15,27.8
2009-09-16,1068.760009765625,23.690000534057617,25.95,27.65,28.05
2009-09-17,1065.489990234375,23.649999618530273,26.1,27.75,28.3
2009-09-18,1068.300048828125,23.920000076293945,26.75,28.35,28.55
2009-09-21,1064.6600341796875,24.059999465942383,26.7,28.4,28.65
2009-09-22,1071.6600341796875,23.079999923706055,26.1,28.05,28.55
2009-09-23,1060.8699951171875,23.489999771118164,26.35,28.15,28.3
2009-09-24,1050.780029296875,24.950000762939453,26.9,28.5,28.8
2009-09-25,1044.3800048828125,25.61000061035156,27.0,28.55,28.85
2009-09-28,1062.97998046875,24.8799991607666,25.85,27.95,28.45
2009-09-29,1060.6099853515625,25.190000534057617,25.9,27.85,28.5
2009-09-30,1057.0799560546875,25.61000061035156,26.3,27.95,28.65
2009-10-01,1029.8499755859375,28.270000457763672,27.8,28.75,29.35
2009-10-02,1025.2099609375,28.68000030517578,27.85,28.8,29.35
2009-10-05,1040.4599609375,26.84000015258789,26.8,27.95,28.8
2009-10-06,1054.719970703125,25.700000762939453,26.0,27.45,28.25
2009-10-07,1057.5799560546875,24.68000030517578,25.4,27.35,28.05
2009-10-08,1065.47998046875,24.18000030517578,25.05,27.05,27.8
2009-10-09,1071.489990234375,23.1200008392334,24.55,26.5,27.55
2009-10-12,1076.18994140625,23.010000228881836,24.05,25.75,27.15
2009-10-13,1073.18994140625,22.989999771118164,23.55,25.6,27.1
2009-10-14,1092.02001953125,22.86000061035156,23.25,25.4,27.1
2009-10-15,1096.56005859375,21.719999313354492,22.35,24.9,26.55
2009-10-16,1087.6800537109375,21.43000030517578,22.35,25.3,26.8
2009-10-19,1097.9100341796875,21.489999771118164,21.4,24.65,26.4
2009-10-20,1091.06005859375,20.899999618530273,21.1,24.55,26.4
2009-10-21,1081.4000244140625,22.219999313354492,24.55,25.65,27.05
2009-10-22,1092.9100341796875,20.690000534057617,23.65,25.1,26.6
2009-10-23,1079.5999755859375,22.270000457763672,24.05,25.45,26.9
2009-10-26,1066.949951171875,24.309999465942383,24.55,25.95,27.3
2009-10-27,1063.4100341796875,24.829999923706055,24.65,25.85,27.2
2009-10-28,1042.6300048828125,27.90999984741211,26.65,26.9,27.95
2009-10-29,1066.1099853515625,24.760000228881836,25.05,25.8,27.15
2009-10-30,1036.18994140625,30.690000534057617,27.85,27.7,28.25
2009-11-02,1042.8800048828125,29.780000686645508,28.0,28.1,28.4
2009-11-03,1045.4100341796875,28.809999465942383,28.1,28.3,28.65
2009-11-04,1046.5,27.719999313354492,27.6,28.05,28.25
2009-11-05,1066.6300048828125,25.43000030517578,25.9,27.25,27.95
2009-11-06,1069.300048828125,24.190000534057617,25.1,26.4,27.65
2009-11-09,1093.0799560546875,23.149999618530273,23.5,24.9,26.95
2009-11-10,1093.010009765625,22.84000015258789,23.5,25.1,27.2
2009-11-11,1098.510009765625,23.040000915527344,23.65,25.15,27.5
2009-11-12,1087.239990234375,24.239999771118164,24.8,26.25,28.0
2009-11-13,1093.47998046875,23.36000061035156,24.25,25.85,27.8
2009-11-16,1109.300048828125,22.88999938964844,23.4,25.45,27.6
2009-11-17,1110.3199462890625,22.40999984741211,22.55,25.35,27.7
2009-11-18,1109.800048828125,21.6299991607666,24.4,26.85,27.7
2009-11-19,1094.9000244140625,22.6299991607666,24.7,27.25,28.05
2009-11-20,1091.3800048828125,22.190000534057617,24.2,27.0,27.95
2009-11-23,1106.239990234375,21.15999984741211,22.85,26.4,27.5
2009-11-24,1105.6500244140625,20.469999313354492,22.7,26.05,27.45
2009-11-25,1110.6300048828125,20.479999542236328,22.35,25.8,27.35
2009-11-27,1091.489990234375,24.739999771118164,24.05,27.15,28.35
2009-11-30,1095.6300048828125,24.510000228881836,24.1,27.15,28.35
2009-12-01,1108.8599853515625,21.920000076293945,23.05,26.3,27.75
2009-12-02,1109.239990234375,21.1200008392334,22.65,26.2,27.85
2009-12-03,1099.9200439453125,22.459999084472656,23.25,26.65,27.85
2009-12-04,1105.97998046875,21.25,22.6,26.15,27.8
2009-12-07,1103.25,22.100000381469727,22.5,26.05,27.8
2009-12-08,1091.93994140625,23.690000534057617,23.5,26.55,28.35
2009-12-09,1095.949951171875,22.65999984741211,23.05,26.45,28.3
2009-12-10,1102.3499755859375,22.31999969482422,22.5,26.1,28.25
2009-12-11,1106.4100341796875,21.59000015258789,22.1,26.0,28.05
2009-12-14,1114.1099853515625,21.149999618530273,21.1,25.55,28.0
2009-12-15,1107.9300537109375,21.489999771118164,21.35,25.25,27.65
2009-12-16,1109.1800537109375,20.540000915527344,24.1,26.5,27.5
2009-12-17,1096.0799560546875,22.510000228881836,24.45,26.75,27.8
2009-12-18,1102.469970703125,21.68000030517578,24.1,26.4,27.4
2009-12-21,1114.050048828125,20.489999771118164,23.25,25.65,26.6
2009-12-22,1118.02001953125,19.540000915527344,22.65,25.1,26.1
2009-12-23,1120.5899658203125,19.709999084472656,22.45,24.9,26.0
2009-12-24,1126.47998046875,19.469999313354492,22.1,24.75,25.8
2009-12-28,1127.780029296875,19.93000030517578,21.85,24.65,25.65
2009-12-29,1126.199951171875,20.010000228881836,22.0,24.75,25.6
2009-12-30,1126.4200439453125,19.959999084472656,22.4,25.05,25.9
2009-12-31,1115.0999755859375,21.68000030517578,22.95,25.8,26.3
2010-01-04,1132.989990234375,20.040000915527344,22.1,24.85,25.75
2010-01-05,1136.52001953125,19.350000381469727,21.55,24.45,25.45
2010-01-06,1137.1400146484375,19.15999984741211,20.8,23.55,24.95
2010-01-07,1141.68994140625,19.059999465942383,20.45,23.15,24.75
2010-01-08,1144.97998046875,18.1299991607666,19.9,22.55,24.4
2010-01-11,1146.97998046875,17.549999237060547,19.5,22.25,24.15
2010-01-12,1136.219970703125,18.25,20.25,22.8,24.25
2010-01-13,1145.6800537109375,17.850000381469727,19.4,22.5,24.15
2010-01-14,1148.4599609375,17.6299991607666,18.95,22.0,23.65
2010-01-15,1136.030029296875,17.90999984741211,19.65,22.55,24.05
2010-01-19,1150.22998046875,17.579999923706055,17.85,21.55,23.55
2010-01-20,1138.0400390625,18.68000030517578,21.4,22.85,23.8
2010-01-21,1116.47998046875,22.270000457763672,22.65,24.1,24.5
2010-01-22,1091.760009765625,27.309999465942383,24.75,25.15,25.4
2010-01-25,1096.780029296875,25.40999984741211,24.35,24.95,25.05
2010-01-26,1092.1700439453125,24.549999237060547,24.55,25.3,25.4
2010-01-27,1097.5,23.13999938964844,23.75,24.7,25.1
2010-01-28,1084.530029296875,23.729999542236328,24.0,24.9,25.15
2010-01-29,1073.8699951171875,24.6200008392334,24.65,25.35,25.5
2010-02-01,1089.18994140625,22.59000015258789,23.05,24.25,25.05
2010-02-02,1103.3199462890625,21.479999542236328,22.1,23.45,24.65
2010-02-03,1097.280029296875,21.600000381469727,22.15,23.55,24.8
2010-02-04,1063.1099853515625,26.079999923706055,25.6,25.65,26.05
2010-02-05,1066.18994140625,26.11000061035156,26.1,25.85,26.2
2010-02-08,1056.739990234375,26.510000228881836,26.4,26.2,26.2
2010-02-09,1070.52001953125,26.0,25.55,25.65,26.05
2010-02-10,1068.1300048828125,25.399999618530273,25.5,25.55,26.15
2010-02-11,1078.469970703125,23.959999084472656,24.45,24.95,25.8
2010-02-12,1075.510009765625,22.729999542236328,24.45,24.9,26.0
2010-02-16,1094.8699951171875,22.25,22.6,23.6,25.15
2010-02-17,1099.510009765625,21.719999313354492,22.75,24.7,24.95
2010-02-18,1106.75,20.6299991607666,21.8,24.1,24.7
2010-02-19,1109.1700439453125,20.020000457763672,21.35,23.7,24.35
2010-02-22,1108.010009765625,19.940000534057617,20.95,23.25,24.0
2010-02-23,1094.5999755859375,21.3700008392334,21.65,23.9,24.3
2010-02-24,1105.239990234375,20.270000457763672,21.1,23.65,24.05
2010-02-25,1102.93994140625,20.100000381469727,20.95,23.75,24.1
2010-02-26,1104.489990234375,19.5,20.4,23.5,23.95
2010-03-01,1115.7099609375,19.260000228881836,20.0,23.05,23.85
2010-03-02,1118.31005859375,19.059999465942383,19.8,22.8,23.75
2010-03-03,1118.7900390625,18.829999923706055,19.6,22.6,23.45
2010-03-04,1122.969970703125,18.719999313354492,19.6,22.5,23.6
2010-03-05,1138.699951171875,17.420000076293945,18.55,21.6,23.05
2010-03-08,1138.5,17.790000915527344,18.35,21.25,22.95
2010-03-09,1140.449951171875,17.920000076293945,18.5,21.25,23.0
2010-03-10,1145.6099853515625,18.56999969482422,18.6,21.4,23.3
2010-03-11,1150.239990234375,18.059999465942383,18.6,21.6,23.4
2010-03-12,1149.989990234375,17.579999923706055,18.35,21.45,23.25
2010-03-15,1150.510009765625,18.0,18.1,21.5,23.35
2010-03-16,1159.4599609375,17.690000534057617,17.45,20.9,23.0
2010-03-17,1166.2099609375,16.90999984741211,20.1,21.75,23.05
2010-03-18,1165.8299560546875,16.6200008392334,19.8,21.45,23.0
2010-03-19,1159.9000244140625,16.969999313354492,20.2,21.7,23.25
2010-03-22,1165.81005859375,16.8700008392334,19.9,21.65,23.15
2010-03-23,1174.1700439453125,16.350000381469727,19.45,21.35,23.0
2010-03-24,1167.719970703125,17.549999237060547,19.9,21.65,23.25
2010-03-25,1165.72998046875,18.399999618530273,20.1,21.95,23.4
2010-03-26,1166.5899658203125,17.770000457763672,19.9,21.7,23.35
2010-03-29,1173.219970703125,17.59000015258789,19.5,21.25,23.1
2010-03-30,1173.27001953125,17.1299991607666,19.1,21.0,23.05
2010-03-31,1169.4300537109375,17.59000015258789,18.95,21.0,23.0
2010-04-01,1178.0999755859375,17.469999313354492,18.8,21.05,23.05
2010-04-05,1187.43994140625,17.020000457763672,18.0,20.35,22.5
2010-04-06,1189.43994140625,16.229999542236328,17.45,19.85,22.2
2010-04-07,1182.449951171875,16.6200008392334,17.9,20.1,22.4
2010-04-08,1186.43994140625,16.479999542236328,17.45,19.85,22.3
2010-04-09,1194.3699951171875,16.139999389648438,17.2,19.65,22.2
2010-04-12,1196.47998046875,15.579999923706056,17.1,19.65,22.2
2010-04-13,1197.300048828125,16.200000762939453,17.15,19.75,22.25
2010-04-14,1210.6500244140625,15.59000015258789,16.7,19.3,22.05
2010-04-15,1211.6700439453125,15.890000343322754,16.7,19.3,22.0
2010-04-16,1192.1300048828125,18.36000061035156,18.2,19.95,22.55
2010-04-19,1197.52001953125,17.34000015258789,17.4,19.5,22.4
2010-04-20,1207.1700439453125,15.729999542236328,16.0,18.6,21.9
2010-04-21,1205.93994140625,16.31999969482422,18.7,20.75,22.95
2010-04-22,1208.6700439453125,16.469999313354492,18.65,20.75,23.1
2010-04-23,1217.280029296875,16.6200008392334,18.5,20.75,23.05
2010-04-26,1212.050048828125,17.469999313354492,18.75,20.95,23.25
2010-04-27,1183.7099609375,22.809999465942383,21.05,22.4,24.35
2010-04-28,1191.3599853515625,21.079999923706055,20.8,22.2,24.2
2010-04-29,1206.780029296875,18.440000534057617,19.65,21.65,23.85
2010-04-30,1186.68994140625,22.049999237060547,21.6,23.0,24.8
2010-05-03,1202.260009765625,20.190000534057617,20.55,22.6,24.6
2010-05-04,1173.5999755859375,23.84000015258789,23.0,24.45,26.1
2010-05-05,1165.8699951171875,24.90999984741211,24.15,25.45,26.85
2010-05-06,1128.1500244140625,32.79999923706055,29.2,29.1,29.3
2010-05-07,1110.8800048828125,40.95000076293945,32.95,30.95,30.75
2010-05-10,1159.72998046875,28.84000015258789,27.45,27.05,27.9
2010-05-11,1155.7900390625,28.31999969482422,27.1,27.05,27.8
2010-05-12,1171.6700439453125,25.520000457763672,25.05,25.8,26.7
2010-05-13,1157.43994140625,26.68000030517578,25.85,26.4,26.8
2010-05-14,1135.6800537109375,31.239999771118164,30.1,28.75,28.4
2010-05-17,1136.93994140625,30.84000015258789,30.3,29.0,28.9
2010-05-18,1120.800048828125,33.54999923706055,32.7,30.95,30.45
2010-05-19,1115.050048828125,35.31999969482422,31.65,32.05,31.75
2010-05-20,1071.5899658203125,45.790000915527344,35.95,35.7,34.3
2010-05-21,1087.68994140625,40.099998474121094,35.75,35.7,34.35
2010-05-24,1073.6500244140625,38.31999969482422,35.1,35.1,34.05
2010-05-25,1074.030029296875,34.61000061035156,33.75,34.1,33.35
2010-05-26,1067.949951171875,35.02000045776367,32.8,33.3,33.05
2010-05-27,1103.06005859375,29.68000030517578,29.65,30.95,31.35
2010-05-28,1089.4100341796875,32.06999969482422,30.4,31.3,31.6
2010-06-01,1070.7099609375,35.540000915527344,32.55,32.65,32.5
2010-06-02,1098.3800048828125,30.170000076293945,29.85,31.0,31.5
2010-06-03,1102.8299560546875,29.459999084472656,29.6,30.7,31.3
2010-06-04,1064.8800048828125,35.47999954223633,33.55,32.8,32.85
2010-06-07,1050.469970703125,36.56999969482422,35.45,34.1,33.45
2010-06-08,1062.0,33.70000076293945,33.45,32.95,32.8
2010-06-09,1055.68994140625,33.72999954223633,33.4,33.35,33.0
2010-06-10,1086.8399658203125,30.56999969482422,30.65,31.55,32.0
2010-06-11,1091.5999755859375,28.790000915527344,29.3,30.9,31.7
2010-06-14,1089.6300048828125,28.579999923706055,28.55,30.3,31.4
2010-06-15,1115.22998046875,25.8700008392334,25.85,28.55,30.25
2010-06-16,1114.6099853515625,25.920000076293945,27.8,28.95,30.2
2010-06-17,1116.0400390625,25.049999237060547,27.3,28.6,29.95
2010-06-18,1117.510009765625,23.950000762939453,26.85,28.0,29.55
2010-06-21,1113.199951171875,24.8799991607666,27.1,28.15,29.65
2010-06-22,1095.31005859375,27.049999237060547,28.4,29.0,30.4
2010-06-23,1092.0400390625,26.90999984741211,28.75,29.55,30.85
2010-06-24,1073.68994140625,29.739999771118164,30.65,30.8,31.9
2010-06-25,1076.760009765625,28.530000686645508,29.75,30.35,31.95
2010-06-28,1074.5699462890625,29.0,30.15,31.05,32.5
2010-06-29,1041.239990234375,34.130001068115234,33.5,33.45,34.75
2010-06-30,1030.7099609375,34.540000915527344,33.9,34.15,35.3
2010-07-01,1027.3699951171875,32.86000061035156,33.35,34.15,35.35
2010-07-02,1022.5800170898438,30.1200008392334,32.05,33.4,35.15
2010-07-06,1028.06005859375,29.649999618530273,29.8,31.9,34.55
2010-07-07,1060.27001953125,26.84000015258789,27.6,30.05,33.1
2010-07-08,1070.25,25.709999084472656,27.05,29.5,32.6
2010-07-09,1077.9599609375,24.979999542236328,26.55,29.05,32.15
2010-07-12,1078.75,24.43000030517578,25.85,28.35,31.95
2010-07-13,1095.3399658203125,24.559999465942383,25.8,28.15,31.45
2010-07-14,1095.1700439453125,24.88999938964844,26.75,28.95,32.1
2010-07-15,1096.47998046875,25.13999938964844,26.5,29.3,32.4
2010-07-16,1064.8800048828125,26.25,28.1,30.6,33.75
2010-07-19,1071.25,25.969999313354492,26.8,30.3,33.5
2010-07-20,1083.47998046875,23.93000030517578,24.4,28.5,32.4
2010-07-21,1069.5899658203125,25.63999938964844,28.85,31.45,32.55
2010-07-22,1093.6700439453125,24.6299991607666,27.3,30.2,31.45
2010-07-23,1102.6600341796875,23.469999313354492,26.6,29.6,31.2
2010-07-26,1115.010009765625,22.729999542236328,25.55,28.75,30.3
2010-07-27,1113.8399658203125,23.190000534057617,25.45,28.45,30.2
2010-07-28,1106.1300048828125,24.25,25.75,28.8,29.9
2010-07-29,1101.530029296875,24.1299991607666,25.75,28.75,30.05
2010-07-30,1101.5999755859375,23.5,25.45,28.6,29.8
2010-08-02,1125.8599853515625,22.010000228881836,23.85,27.15,28.8
2010-08-03,1120.4599609375,22.6299991607666,24.1,27.5,29.0
2010-08-04,1127.239990234375,22.209999084472656,23.75,27.35,28.95
2010-08-05,1125.81005859375,22.100000381469727,23.8,27.65,29.2
2010-08-06,1121.6400146484375,21.739999771118164,23.7,27.75,29.35
2010-08-09,1127.7900390625,22.13999938964844,23.1,27.4,29.1
2010-08-10,1121.06005859375,22.3700008392334,23.25,27.55,29.45
2010-08-11,1089.469970703125,25.38999938964844,25.7,29.6,30.85
2010-08-12,1083.6099853515625,25.729999542236328,26.15,30.05,31.15
2010-08-13,1079.25,26.239999771118164,26.75,30.7,31.8
2010-08-16,1079.3800048828125,26.100000381469727,26.0,30.35,31.55
2010-08-17,1092.5400390625,24.329999923706055,24.35,29.45,31.1
2010-08-18,1094.1600341796875,24.59000015258789,29.0,31.1,31.1
2010-08-19,1075.6300048828125,26.440000534057617,29.9,32.15,31.7
2010-08-20,1071.68994140625,25.489999771118164,29.6,32.25,31.75
2010-08-23,1067.3599853515625,25.65999984741211,29.0,32.15,31.95
2010-08-24,1051.8699951171875,27.459999084472656,29.8,32.85,32.6
2010-08-25,1055.3299560546875,26.700000762939453,29.15,32.3,32.05
2010-08-26,1047.219970703125,27.3700008392334,29.55,32.5,32.4
2010-08-27,1064.5899658203125,24.450000762939453,27.55,30.9,31.05
2010-08-30,1048.9200439453125,27.209999084472656,28.45,31.75,31.75
2010-08-31,1049.3299560546875,26.049999237060547,27.9,31.25,31.7
2010-09-01,1080.2900390625,23.88999938964844,25.8,29.75,30.65
2010-09-02,1090.0999755859375,23.190000534057617,25.0,29.15,30.25
2010-09-03,1104.510009765625,21.309999465942383,23.6,27.85,29.4
2010-09-07,1091.8399658203125,23.799999237060547,24.45,28.6,29.9
2010-09-08,1098.8699951171875,23.25,23.85,27.85,29.45
2010-09-09,1104.1800537109375,22.809999465942383,23.75,27.55,29.1
2010-09-10,1109.550048828125,21.989999771118164,23.05,27.0,28.9
2010-09-13,1121.9000244140625,21.209999084472656,21.7,25.7,28.25
2010-09-14,1121.0999755859375,21.559999465942383,21.7,25.7,28.4
2010-09-15,1125.0699462890625,22.100000381469727,25.2,27.45,30.2
2010-09-16,1124.6600341796875,21.719999313354492,25.1,27.6,30.3
2010-09-17,1125.5899658203125,22.010000228881836,25.05,27.8,30.45
2010-09-20,1142.7099609375,21.5,24.35,27.35,30.1
2010-09-21,1139.780029296875,22.350000381469727,24.45,27.4,30.05
2010-09-22,1134.280029296875,22.510000228881836,24.95,27.65,30.35
2010-09-23,1124.8299560546875,23.8700008392334,25.8,28.25,31.0
2010-09-24,1148.6700439453125,21.709999084472656,24.2,27.2,30.25
2010-09-27,1142.1600341796875,22.540000915527344,24.35,27.25,30.15
2010-09-28,1147.699951171875,22.600000381469727,24.3,27.25,30.1
2010-09-29,1144.72998046875,23.25,24.7,27.65,30.4
2010-09-30,1141.199951171875,23.700000762939453,25.45,28.2,30.85
2010-10-01,1146.239990234375,22.5,24.75,27.85,30.5
2010-10-04,1137.030029296875,23.530000686645508,25.15,28.2,30.8
2010-10-05,1160.75,21.760000228881836,23.65,27.05,30.05
2010-10-06,1159.969970703125,21.489999771118164,23.25,26.8,30.1
2010-10-07,1158.06005859375,21.559999465942383,22.95,26.7,30.05
2010-10-08,1165.1500244140625,20.709999084472656,21.95,25.7,29.55
2010-10-11,1165.3199462890625,18.959999084472656,21.3,25.1,29.1
2010-10-12,1169.77001953125,18.93000030517578,20.65,24.25,28.65
2010-10-13,1178.0999755859375,19.06999969482422,20.65,23.55,27.9
2010-10-14,1173.81005859375,19.8799991607666,21.55,24.2,28.35
2010-10-15,1176.18994140625,19.030000686645508,20.95,24.05,28.15
2010-10-18,1184.7099609375,19.09000015258789,19.85,23.3,27.8
2010-10-19,1165.9000244140625,20.6299991607666,20.95,23.85,28.25
2010-10-20,1178.1700439453125,19.790000915527344,22.6,25.05,28.4
2010-10-21,1180.260009765625,19.270000457763672,22.0,24.65,27.95
2010-10-22,1183.0799560546875,18.780000686645508,21.1,23.95,27.35
2010-10-25,1185.6199951171875,19.850000381469727,20.95,23.7,27.0
2010-10-26,1185.6400146484375,20.219999313354492,21.4,23.9,27.05
2010-10-27,1182.449951171875,20.709999084472656,21.85,24.2,27.15
2010-10-28,1183.780029296875,20.8799991607666,21.75,24.3,27.1
2010-10-29,1183.260009765625,21.200000762939453,21.75,24.25,26.9
2010-11-01,1184.3800048828125,21.829999923706055,21.55,24.2,26.9
2010-11-02,1193.5699462890625,21.56999969482422,21.0,23.75,26.65
2010-11-03,1197.9599609375,19.559999465942383,19.8,22.35,25.75
2010-11-04,1221.06005859375,18.520000457763672,18.5,21.0,24.55
2010-11-05,1225.8499755859375,18.260000228881836,18.55,20.95,24.65
2010-11-08,1223.25,18.290000915527344,18.7,21.05,24.8
2010-11-09,1213.4000244140625,19.079999923706055,18.9,21.1,25.0
2010-11-10,1218.7099609375,18.469999313354492,18.65,20.9,24.95
2010-11-11,1213.5400390625,18.63999938964844,18.95,21.05,25.4
2010-11-12,1199.2099609375,20.61000061035156,20.35,22.25,26.3
2010-11-15,1197.75,20.200000762939453,19.75,21.95,26.0
2010-11-16,1178.3399658203125,22.579999923706055,22.25,22.8,26.7
2010-11-17,1178.5899658203125,21.760000228881836,22.3,25.4,27.1
2010-11-18,1196.68994140625,18.75,20.75,24.2,26.35
2010-11-19,1199.72998046875,18.040000915527344,20.5,23.9,26.2
2010-11-22,1197.8399658203125,18.3700008392334,19.8,23.25,25.9
2010-11-23,1180.72998046875,20.6299991607666,20.75,24.1,26.5
2010-11-24,1198.3499755859375,19.559999465942383,19.8,23.3,26.05
2010-11-26,1189.4000244140625,22.219999313354492,21.25,24.25,26.85
2010-11-29,1187.760009765625,21.530000686645508,21.45,24.5,26.95
2010-11-30,1180.550048828125,23.540000915527344,23.2,25.8,27.8
2010-12-01,1206.0699462890625,21.36000061035156,21.9,24.75,27.2
2010-12-02,1221.530029296875,19.38999938964844,19.85,23.0,25.95
2010-12-03,1224.7099609375,18.010000228881836,19.05,22.15,25.25
2010-12-06,1223.1199951171875,18.020000457763672,18.6,21.6,25.0
2010-12-07,1223.75,17.989999771118164,18.6,21.45,24.9
2010-12-08,1228.280029296875,17.739999771118164,18.2,20.7,24.3
2010-12-09,1233.0,17.25,18.0,20.2,23.9
2010-12-10,1240.4000244140625,17.610000610351562,18.05,20.05,23.4
2010-12-13,1240.4599609375,17.549999237060547,18.3,20.3,23.5
2010-12-14,1241.5899658203125,17.610000610351562,18.7,20.45,23.55
2010-12-15,1235.22998046875,17.940000534057617,19.05,20.8,23.75
2010-12-16,1242.8699951171875,17.389999389648438,18.4,20.5,23.5
2010-12-17,1243.9100341796875,16.110000610351562,17.6,20.25,23.45
2010-12-20,1247.0799560546875,16.40999984741211,16.75,19.65,23.15
2010-12-21,1254.5999755859375,16.489999771118164,16.75,19.25,22.95
2010-12-22,1258.8399658203125,15.449999809265137,19.25,21.3,23.8
2010-12-23,1256.77001953125,16.469999313354492,19.85,21.55,24.1
2010-12-27,1257.5400390625,17.670000076293945,20.45,21.75,24.55
2010-12-28,1258.510009765625,17.520000457763672,20.55,21.9,24.75
2010-12-29,1259.780029296875,17.280000686645508,20.25,21.85,24.6
2010-12-30,1257.8800048828125,17.520000457763672,20.1,21.7,24.7
2010-12-31,1257.6400146484375,17.75,19.7,21.6,24.8
2011-01-03,1271.8699951171875,17.610000610351562,19.3,21.35,24.3
2011-01-04,1270.199951171875,17.3799991607666,19.1,21.3,24.15
2011-01-05,1276.56005859375,17.020000457763672,18.7,20.95,23.75
2011-01-06,1273.8499755859375,17.399999618530273,18.65,20.9,23.75
2011-01-07,1271.5,17.139999389648438,18.7,21.0,23.8
2011-01-10,1269.75,17.540000915527344,18.65,21.0,23.7
2011-01-11,1274.47998046875,16.889999389648438,17.95,20.4,23.4
2011-01-12,1285.9599609375,16.239999771118164,17.0,19.45,22.7
2011-01-13,1283.760009765625,16.389999389648438,16.95,19.3,22.65
2011-01-14,1293.239990234375,15.460000038146973,16.25,18.4,22.0
2011-01-18,1295.02001953125,15.869999885559082,15.9,17.85,21.55
2011-01-19,1281.9200439453125,17.309999465942383,18.75,20.9,23.05
2011-01-20,1280.260009765625,17.989999771118164,18.65,20.85,22.95
2011-01-21,1283.3499755859375,18.469999313354492,18.85,21.0,23.0
2011-01-24,1290.8399658203125,17.649999618530273,18.4,20.55,22.65
2011-01-25,1291.1800537109375,17.59000015258789,18.2,20.35,22.45
2011-01-26,1296.6300048828125,16.639999389648438,17.55,19.75,21.85
2011-01-27,1299.5400390625,16.149999618530273,17.25,19.4,21.55
2011-01-28,1276.3399658203125,20.040000915527344,19.4,20.65,22.6
2011-01-31,1286.1199951171875,19.530000686645508,19.1,20.45,22.2
2011-02-01,1307.5899658203125,17.6299991607666,17.95,19.6,21.35
2011-02-02,1304.030029296875,17.299999237060547,18.05,19.55,21.3
2011-02-03,1307.0999755859375,16.690000534057617,17.7,19.35,21.2
2011-02-04,1310.8699951171875,15.93000030517578,17.25,18.85,20.8
2011-02-07,1319.050048828125,16.280000686645508,16.95,18.45,20.4
2011-02-08,1324.5699462890625,15.8100004196167,16.85,18.2,20.05
2011-02-09,1320.8800048828125,15.869999885559082,16.85,18.25,20.05
2011-02-10,1321.8699951171875,16.09000015258789,16.9,18.3,19.95
2011-02-11,1329.1500244140625,15.6899995803833,16.6,18.05,19.85
2011-02-14,1332.3199462890625,15.949999809265137,16.45,17.85,19.75
2011-02-15,1328.010009765625,16.3700008392334,16.7,18.05,19.9
2011-02-16,1336.3199462890625,16.719999313354492,18.3,19.35,20.7
2011-02-17,1340.4300537109375,16.59000015258789,18.45,19.65,21.1
2011-02-18,1343.010009765625,16.43000030517578,18.6,19.8,21.45
2011-02-22,1315.43994140625,20.799999237060547,21.15,21.6,22.75
2011-02-23,1307.4000244140625,22.1299991607666,22.25,22.55,23.4
2011-02-24,1306.0999755859375,21.31999969482422,21.85,22.35,23.3
2011-02-25,1319.8800048828125,19.219999313354492,20.15,21.15,22.55
2011-02-28,1327.219970703125,18.350000381469727,19.2,20.3,22.0
2011-03-01,1306.3299560546875,21.010000228881836,21.2,21.7,22.9
2011-03-02,1308.43994140625,20.700000762939453,21.1,21.6,22.85
2011-03-03,1330.969970703125,18.600000381469727,19.7,20.7,22.1
2011-03-04,1321.1500244140625,19.059999465942383,20.05,21.15,22.5
2011-03-07,1310.1300048828125,20.65999984741211,21.05,21.8,23.0
2011-03-08,1321.8199462890625,19.81999969482422,20.45,21.4,22.85
2011-03-09,1320.02001953125,20.219999313354492,21.05,21.8,23.1
2011-03-10,1295.1099853515625,21.8799991607666,22.25,22.7,23.8
2011-03-11,1304.280029296875,20.079999923706055,21.3,22.05,23.3
2011-03-14,1296.3900146484375,21.1299991607666,21.7,22.3,23.55
2011-03-15,1281.8699951171875,24.31999969482422,24.6,23.45,24.15
2011-03-16,1256.8800048828125,29.399999618530273,24.9,25.15,25.8
2011-03-17,1273.719970703125,26.3700008392334,24.15,24.4,25.0
2011-03-18,1279.2099609375,24.440000534057617,23.35,23.65,24.2
2011-03-21,1298.3800048828125,20.61000061035156,21.6,22.3,23.05
2011-03-22,1293.77001953125,20.209999084472656,21.5,22.25,23.1
2011-03-23,1297.5400390625,19.170000076293945,20.5,21.6,22.8
2011-03-24,1309.6600341796875,18.0,19.95,21.05,22.45
2011-03-25,1313.800048828125,17.90999984741211,19.75,21.05,22.55
2011-03-28,1310.18994140625,19.440000534057617,20.3,21.55,22.75
2011-03-29,1319.43994140625,18.15999984741211,19.6,20.95,22.25
2011-03-30,1328.260009765625,17.709999084472656,19.25,20.7,21.95
2011-03-31,1325.8299560546875,17.739999771118164,19.3,20.8,22.0
2011-04-01,1332.4100341796875,17.399999618530273,19.05,20.55,21.95
2011-04-04,1332.8699951171875,17.5,18.7,20.25,21.7
2011-04-05,1332.6300048828125,17.25,18.55,20.15,21.75
2011-04-06,1335.5400390625,16.899999618530273,18.35,20.15,21.75
2011-04-07,1333.510009765625,17.110000610351562,18.4,20.35,21.95
2011-04-08,1328.1700439453125,17.8700008392334,18.65,20.65,22.3
2011-04-11,1324.4599609375,16.59000015258789,18.4,20.45,22.3
2011-04-12,1314.1600341796875,17.09000015258789,18.7,20.7,22.5
2011-04-13,1314.4100341796875,16.920000076293945,18.3,20.35,22.3
2011-04-14,1314.52001953125,16.270000457763672,17.9,20.15,22.25
2011-04-15,1319.6800537109375,15.31999969482422,16.75,19.65,22.05
2011-04-18,1305.1400146484375,16.959999084472656,17.3,20.2,22.45
2011-04-19,1312.6199951171875,15.829999923706056,16.0,19.1,21.9
2011-04-20,1330.3599853515625,15.06999969482422,18.15,20.35,22.25
2011-04-21,1337.3800048828125,14.6899995803833,17.9,20.0,22.0
2011-04-25,1335.25,15.770000457763672,17.45,19.6,21.65
2011-04-26,1347.239990234375,15.619999885559082,17.3,19.2,21.35
2011-04-27,1355.6600341796875,15.350000381469728,17.0,18.75,20.95
2011-04-28,1360.47998046875,14.619999885559082,16.75,18.4,20.65
2011-04-29,1363.6099853515625,14.75,16.7,18.35,20.4
2011-05-02,1361.219970703125,15.989999771118164,17.25,18.8,20.85
2011-05-03,1356.6199951171875,16.700000762939453,17.7,19.35,21.25
2011-05-04,1347.3199462890625,17.079999923706055,17.95,19.55,21.35
2011-05-05,1335.0999755859375,18.200000762939453,18.3,19.8,21.5
2011-05-06,1340.199951171875,18.399999618530273,18.15,19.55,21.35
2011-05-09,1346.2900390625,17.15999984741211,17.45,18.85,20.95
2011-05-10,1357.1600341796875,15.90999984741211,16.65,18.2,20.55
2011-05-11,1342.0799560546875,16.950000762939453,17.2,18.65,20.9
2011-05-12,1348.6500244140625,16.030000686645508,16.65,18.35,20.7
2011-05-13,1337.77001953125,17.06999969482422,17.35,18.65,20.95
2011-05-16,1329.469970703125,18.239999771118164,18.0,19.05,21.2
2011-05-17,1328.97998046875,17.549999237060547,17.75,18.7,20.9
2011-05-18,1340.6800537109375,16.229999542236328,18.05,19.75,21.85
2011-05-19,1343.5999755859375,15.520000457763672,17.65,19.6,21.85
2011-05-20,1333.27001953125,17.43000030517578,18.05,20.0,22.45
2011-05-23,1317.3699951171875,18.270000457763672,18.55,20.3,22.6
2011-05-24,1316.280029296875,17.81999969482422,18.3,20.15,22.4
2011-05-25,1320.469970703125,17.06999969482422,17.95,19.9,22.15
2011-05-26,1325.68994140625,16.09000015258789,17.45,19.35,21.65
2011-05-27,1331.0999755859375,15.979999542236328,17.1,19.05,21.2
2011-05-31,1345.199951171875,15.449999809265137,16.55,18.55,20.75
2011-06-01,1314.550048828125,18.299999237060547,17.95,19.55,21.4
2011-06-02,1312.93994140625,18.09000015258789,17.8,19.35,21.3
2011-06-03,1300.1600341796875,17.950000762939453,17.95,19.45,21.45
2011-06-06,1286.1700439453125,18.489999771118164,18.2,19.65,21.65
2011-06-07,1284.93994140625,18.06999969482422,18.1,19.35,21.45
2011-06-08,1279.56005859375,18.790000915527344,18.5,19.55,21.65
2011-06-09,1289.0,17.770000457763672,17.75,19.0,21.25
2011-06-10,1270.97998046875,18.86000061035156,18.9,19.6,21.75
2011-06-13,1271.8299560546875,19.61000061035156,19.55,20.0,21.75
2011-06-14,1287.8699951171875,18.260000228881836,18.2,19.2,21.05
2011-06-15,1265.4200439453125,21.31999969482422,20.95,21.25,23.05
2011-06-16,1267.6400146484375,22.729999542236328,21.95,22.3,24.0
2011-06-17,1271.5,21.850000381469727,21.45,22.0,23.75
2011-06-20,1278.3599853515625,19.989999771118164,20.45,21.15,23.2
2011-06-21,1295.52001953125,18.86000061035156,19.95,20.8,23.0
2011-06-22,1287.1400146484375,18.520000457763672,20.3,21.1,23.35
2011-06-23,1283.5,19.290000915527344,19.85,20.8,23.25
2011-06-24,1268.449951171875,21.100000381469727,21.05,21.55,23.75
2011-06-27,1280.0999755859375,20.559999465942383,20.6,21.0,23.4
2011-06-28,1296.6700439453125,19.170000076293945,19.5,20.2,23.1
2011-06-29,1307.4100341796875,17.270000457763672,18.5,19.35,22.6
2011-06-30,1320.6400146484375,16.520000457763672,17.7,18.75,22.0
2011-07-01,1339.6700439453125,15.869999885559082,16.95,17.95,21.0
2011-07-05,1337.8800048828125,16.059999465942383,16.95,18.1,21.0
2011-07-06,1339.219970703125,16.34000015258789,17.25,18.35,20.95
2011-07-07,1353.219970703125,15.949999809265137,16.75,17.85,20.4
2011-07-08,1343.800048828125,15.949999809265137,17.1,18.25,20.65
2011-07-11,1319.489990234375,18.38999938964844,18.85,19.6,21.5
2011-07-12,1313.6400146484375,19.8700008392334,19.6,20.0,22.1
2011-07-13,1317.719970703125,19.90999984741211,19.9,20.05,22.1
2011-07-14,1308.8699951171875,20.799999237060547,20.65,20.65,22.6
2011-07-15,1316.1400146484375,19.530000686645508,20.15,20.2,22.25
2011-07-18,1305.43994140625,20.950000762939453,21.15,21.0,22.75
2011-07-19,1326.72998046875,19.209999084472656,19.25,19.75,21.95
2011-07-20,1325.8399658203125,19.09000015258789,19.35,21.0,22.05
2011-07-21,1343.800048828125,17.559999465942383,18.35,20.05,21.5
2011-07-22,1345.02001953125,17.520000457763672,18.25,19.9,21.4
2011-07-25,1337.4300537109375,19.350000381469727,19.35,20.3,21.8
2011-07-26,1331.93994140625,20.229999542236328,19.65,20.7,22.0
2011-07-27,1304.8900146484375,22.979999542236328,21.3,21.75,22.6
2011-07-28,1300.6700439453125,23.739999771118164,21.35,21.7,22.55
2011-07-29,1292.280029296875,25.25,21.1,21.1,21.95
2011-08-01,1286.93994140625,23.65999984741211,20.7,20.6,21.5
2011-08-02,1254.050048828125,24.790000915527344,22.3,22.0,22.35
2011-08-03,1260.3399658203125,23.3799991607666,22.0,21.85,22.15
2011-08-04,1200.0699462890625,31.65999984741211,27.45,25.9,24.55
2011-08-05,1199.3800048828125,32.0,29.15,26.2,25.15
2011-08-08,1119.4599609375,48.0,36.55,30.2,27.65
2011-08-09,1172.530029296875,35.060001373291016,30.5,25.4,24.8
2011-08-10,1120.760009765625,42.9900016784668,36.0,28.75,27.4
2011-08-11,1172.6400146484375,39.0,35.15,27.65,26.6
2011-08-12,1178.81005859375,36.36000061035156,35.0,27.85,26.4
2011-08-15,1204.489990234375,31.8700008392334,32.1,26.7,25.45
2011-08-16,1192.760009765625,32.849998474121094,33.65,26.9,25.65
2011-08-17,1193.8900146484375,31.579999923706055,27.95,26.8,24.9
2011-08-18,1140.6500244140625,42.66999816894531,33.4,30.2,27.8
2011-08-19,1123.530029296875,43.04999923706055,35.35,31.6,28.7
2011-08-22,1123.8199462890625,42.439998626708984,36.45,32.65,29.1
2011-08-23,1162.3499755859375,36.27000045776367,34.3,31.75,28.9
2011-08-24,1177.5999755859375,35.900001525878906,33.55,31.45,29.25
2011-08-25,1159.27001953125,39.7599983215332,34.75,31.75,29.8
2011-08-26,1176.800048828125,35.59000015258789,34.0,31.0,29.4
2011-08-29,1210.0799560546875,32.279998779296875,31.65,29.7,28.4
2011-08-30,1212.9200439453125,32.88999938964844,32.5,30.55,29.15
2011-08-31,1218.8900146484375,31.6200008392334,31.65,30.2,28.4
2011-09-01,1204.4200439453125,31.81999969482422,32.15,30.7,28.65
2011-09-02,1173.969970703125,33.91999816894531,34.5,32.05,29.25
2011-09-06,1165.239990234375,37.0,35.75,32.85,29.85
2011-09-07,1198.6199951171875,33.380001068115234,33.55,31.4,29.1
2011-09-08,1185.9000244140625,34.31999969482422,34.6,32.15,29.4
2011-09-09,1154.22998046875,38.52000045776367,38.55,34.55,30.8
2011-09-12,1162.27001953125,38.59000015258789,38.3,35.05,31.15
2011-09-13,1172.8699951171875,36.90999984741211,37.85,35.15,31.25
2011-09-14,1188.6800537109375,34.599998474121094,35.75,34.1,30.7
2011-09-15,1209.1099853515625,31.969999313354492,33.2,32.55,29.9
2011-09-16,1216.010009765625,30.979999542236328,32.05,31.85,29.7
2011-09-19,1204.0899658203125,32.72999954223633,33.7,33.1,30.4
2011-09-20,1202.0899658203125,32.86000061035156,33.5,32.95,30.2
2011-09-21,1166.760009765625,37.31999969482422,35.75,33.75,32.3
2011-09-22,1129.56005859375,41.349998474121094,38.55,35.75,33.8
2011-09-23,1136.4300537109375,41.25,39.1,35.9,33.95
2011-09-26,1162.949951171875,39.02000045776367,37.5,34.7,33.3
2011-09-27,1175.3800048828125,37.709999084472656,36.75,34.3,33.05
2011-09-28,1151.06005859375,41.08000183105469,39.45,36.05,34.3
2011-09-29,1160.4000244140625,38.84000015258789,38.6,35.3,33.8
2011-09-30,1131.4200439453125,42.959999084472656,42.15,37.75,35.5
2011-10-03,1099.22998046875,45.45000076293945,45.05,40.55,37.05
2011-10-04,1123.949951171875,40.81999969482422,40.8,38.1,35.85
2011-10-05,1144.030029296875,37.810001373291016,38.45,36.3,35.1
2011-10-06,1164.969970703125,36.27000045776367,37.85,35.9,34.75
2011-10-07,1155.4599609375,36.20000076293945,37.95,35.95,34.9
2011-10-10,1194.8900146484375,33.02000045776367,34.7,33.65,33.05
2011-10-11,1195.5400390625,32.86000061035156,34.5,33.5,33.0
2011-10-12,1207.25,31.260000228881836,32.25,31.45,31.65
2011-10-13,1203.6600341796875,30.700000762939453,32.1,31.2,31.5
2011-10-14,1224.5799560546875,28.239999771118164,29.75,29.35,30.35
2011-10-17,1200.8599853515625,33.38999938964844,34.2,32.95,32.2
2011-10-18,1225.3800048828125,31.559999465942383,32.15,31.0,31.2
2011-10-19,1209.8800048828125,34.439998626708984,33.85,31.55,31.9
2011-10-20,1215.3900146484375,34.779998779296875,34.1,31.55,31.9
2011-10-21,1238.25,31.31999969482422,31.6,30.0,30.65
2011-10-24,1254.18994140625,29.260000228881836,29.75,28.85,29.85
2011-10-25,1229.050048828125,32.220001220703125,32.4,30.25,30.85
2011-10-26,1242.0,29.86000061035156,30.5,29.2,29.9
2011-10-27,1284.5899658203125,25.459999084472656,26.2,25.8,27.1
2011-10-28,1285.0899658203125,24.530000686645508,26.25,25.55,26.95
2011-10-31,1253.300048828125,29.959999084472656,29.95,28.2,29.0
2011-11-01,1218.280029296875,34.77000045776367,33.95,31.25,31.3
2011-11-02,1237.9000244140625,32.7400016784668,32.7,30.4,30.75
2011-11-03,1261.1500244140625,30.5,30.95,29.25,29.95
2011-11-04,1253.22998046875,30.15999984741211,31.4,29.85,30.25
2011-11-07,1261.1199951171875,29.850000381469727,31.1,29.75,30.2
2011-11-08,1275.9200439453125,27.479999542236328,28.9,28.35,29.5
2011-11-09,1229.0999755859375,36.15999984741211,36.45,33.45,32.95
2011-11-10,1239.699951171875,32.810001373291016,33.45,31.5,32.05
2011-11-11,1263.8499755859375,30.040000915527344,31.4,30.2,31.25
2011-11-14,1251.780029296875,31.1299991607666,32.1,30.75,31.6
2011-11-15,1257.81005859375,31.219999313354492,32.05,30.7,31.7
2011-11-16,1236.9100341796875,33.5099983215332,32.65,33.6,32.25
2011-11-17,1216.1300048828125,34.5099983215332,33.75,34.65,33.3
2011-11-18,1215.6500244140625,32.0,32.35,33.75,33.1
2011-11-21,1192.97998046875,32.90999984741211,32.95,34.35,33.5
2011-11-22,1188.0400390625,31.969999313354492,32.3,33.85,33.15
2011-11-23,1161.7900390625,33.97999954223633,33.6,35.05,34.0
2011-11-25,1158.6700439453125,34.470001220703125,34.5,35.6,34.55
2011-11-28,1192.550048828125,32.130001068115234,32.0,33.7,32.95
2011-11-29,1195.18994140625,30.63999938964844,31.35,33.2,32.7
2011-11-30,1246.9599609375,27.799999237060547,28.35,30.9,31.2
2011-12-01,1244.5799560546875,27.40999984741211,27.9,30.15,30.7
2011-12-02,1244.280029296875,27.520000457763672,27.8,29.9,30.6
2011-12-05,1257.0799560546875,27.84000015258789,27.8,29.7,30.15
2011-12-06,1258.469970703125,28.1299991607666,28.1,29.95,30.2
2011-12-07,1261.010009765625,28.670000076293945,28.6,30.6,30.55
2011-12-08,1234.3499755859375,30.59000015258789,30.15,32.1,31.5
2011-12-09,1255.18994140625,26.3799991607666,27.2,29.55,30.4
2011-12-12,1236.469970703125,25.670000076293945,27.6,30.1,30.9
2011-12-13,1225.72998046875,25.40999984741211,27.1,29.9,31.1
2011-12-14,1211.8199462890625,26.040000915527344,27.1,30.1,31.25
2011-12-15,1215.75,25.11000061035156,26.35,28.9,30.55
2011-12-16,1219.6600341796875,24.290000915527344,26.1,28.85,30.35
2011-12-19,1205.3499755859375,24.920000076293945,25.6,28.35,30.05
2011-12-20,1241.300048828125,23.219999313354492,23.85,26.55,28.65
2011-12-21,1243.719970703125,21.43000030517578,24.5,25.85,27.9
2011-12-22,1254.0,21.15999984741211,25.1,26.0,28.1
2011-12-23,1265.3299560546875,20.729999542236328,25.7,26.4,28.15
2011-12-27,1265.4300537109375,21.90999984741211,25.45,26.2,27.9
2011-12-28,1249.6400146484375,23.520000457763672,26.7,27.1,28.4
2011-12-29,1263.02001953125,22.649999618530273,25.95,26.55,28.05
2011-12-30,1257.5999755859375,23.399999618530273,26.7,27.15,28.4
2012-01-03,1277.06005859375,22.969999313354492,24.8,25.8,27.5
2012-01-04,1277.300048828125,22.219999313354492,24.2,25.3,27.05
2012-01-05,1281.06005859375,21.479999542236328,23.75,24.9,26.8
2012-01-06,1277.81005859375,20.6299991607666,23.05,24.4,26.45
2012-01-09,1280.699951171875,21.06999969482422,22.85,24.15,26.3
2012-01-10,1292.0799560546875,20.690000534057617,22.35,23.65,26.05
2012-01-11,1292.47998046875,21.049999237060547,22.95,24.15,26.3
2012-01-12,1295.5,20.469999313354492,22.2,23.75,26.2
2012-01-13,1289.0899658203125,20.90999984741211,22.55,24.1,26.6
2012-01-17,1293.6700439453125,22.200000762939453,22.45,23.95,26.7
2012-01-18,1308.0400390625,20.88999938964844,23.2,24.95,26.85
2012-01-19,1314.5,19.8700008392334,22.55,24.4,26.55
2012-01-20,1315.3800048828125,18.280000686645508,21.85,23.9,26.15
2012-01-23,1316.0,18.670000076293945,21.3,23.5,25.65
2012-01-24,1314.6500244140625,18.90999984741211,21.2,23.25,25.4
2012-01-25,1326.06005859375,18.309999465942383,20.6,22.5,24.95
2012-01-26,1318.4300537109375,18.56999969482422,20.55,22.55,25.3
2012-01-27,1316.3299560546875,18.530000686645508,20.15,22.2,24.85
2012-01-30,1313.010009765625,19.399999618530273,20.7,22.55,25.15
2012-01-31,1312.4100341796875,19.440000534057617,20.9,22.75,25.35
2012-02-01,1324.0899658203125,18.549999237060547,19.85,22.05,24.8
2012-02-02,1325.5400390625,17.979999542236328,19.15,21.35,24.5
2012-02-03,1344.9000244140625,17.100000381469727,17.95,20.55,23.85
2012-02-06,1344.3299560546875,17.760000228881836,18.1,20.2,23.45
2012-02-07,1347.050048828125,17.649999618530273,18.4,20.4,23.3
2012-02-08,1349.9599609375,18.15999984741211,19.2,21.0,23.65
2012-02-09,1351.949951171875,18.6299991607666,20.0,21.95,24.4
2012-02-10,1342.6400146484375,20.790000915527344,21.75,23.55,25.1
2012-02-13,1351.77001953125,19.040000915527344,19.25,21.9,24.65
2012-02-14,1350.5,19.540000915527344,19.8,22.45,25.1
2012-02-15,1343.22998046875,21.13999938964844,24.25,25.6,27.25
2012-02-16,1358.0400390625,19.219999313354492,22.8,24.65,26.65
2012-02-17,1361.22998046875,17.780000686645508,22.6,24.8,26.85
2012-02-21,1362.2099609375,18.190000534057617,22.55,25.15,27.15
2012-02-22,1357.6600341796875,18.190000534057617,21.8,24.55,26.6
2012-02-23,1363.4599609375,16.799999237060547,20.25,23.35,26.1
2012-02-24,1365.739990234375,17.309999465942383,21.2,24.3,26.75
2012-02-27,1367.5899658203125,18.190000534057617,21.55,24.55,27.15
2012-02-28,1372.1800537109375,17.959999084472656,20.85,24.05,26.7
2012-02-29,1365.6800537109375,18.43000030517578,21.0,24.0,26.5
2012-03-01,1374.0899658203125,17.260000228881836,20.05,23.3,25.9
2012-03-02,1369.6300048828125,17.290000915527344,20.4,23.7,26.55
2012-03-05,1364.3299560546875,18.049999237060547,20.15,23.65,26.65
2012-03-06,1343.3599853515625,20.8700008392334,22.5,25.3,27.4
2012-03-07,1352.6300048828125,19.06999969482422,20.65,23.95,26.55
2012-03-08,1365.9100341796875,17.950000762939453,19.7,23.25,26.0
2012-03-09,1370.8699951171875,17.110000610351562,19.05,22.75,25.55
2012-03-12,1371.0899658203125,15.640000343322754,17.75,21.75,25.0
2012-03-13,1395.949951171875,14.800000190734863,17.0,21.0,24.35
2012-03-14,1394.280029296875,15.3100004196167,17.8,22.1,25.05
2012-03-15,1402.5999755859375,15.420000076293944,17.05,21.75,24.85
2012-03-16,1404.1700439453125,14.470000267028809,16.15,21.6,24.75
2012-03-19,1409.75,15.039999961853027,15.55,20.0,23.95
2012-03-20,1405.52001953125,15.579999923706056,15.65,19.1,23.6
2012-03-21,1402.8900146484375,15.130000114440918,18.1,21.2,24.15
2012-03-22,1392.780029296875,15.56999969482422,18.35,21.6,24.65
2012-03-23,1397.1099853515625,14.81999969482422,17.0,20.2,23.75
2012-03-26,1416.510009765625,14.260000228881836,15.6,18.3,22.2
2012-03-27,1412.52001953125,15.59000015258789,17.6,19.55,22.85
2012-03-28,1405.5400390625,15.470000267028809,17.65,19.7,22.7
2012-03-29,1403.280029296875,15.479999542236328,17.1,19.55,22.6
2012-03-30,1408.469970703125,15.5,16.8,19.0,22.05
2012-04-02,1419.0400390625,15.640000343322754,17.0,18.85,22.05
2012-04-03,1413.3800048828125,15.65999984741211,17.25,19.3,22.2
2012-04-04,1398.9599609375,16.440000534057617,17.95,19.9,22.45
2012-04-05,1398.0799560546875,16.700000762939453,18.45,20.45,22.9
2012-04-09,1382.199951171875,18.809999465942383,19.6,21.45,23.65
2012-04-10,1358.5899658203125,20.38999938964844,21.15,22.7,24.8
2012-04-11,1368.7099609375,20.020000457763672,20.7,22.35,24.7
2012-04-12,1387.5699462890625,17.200000762939453,18.2,20.0,23.15
2012-04-13,1370.260009765625,19.549999237060547,19.95,21.7,24.35
2012-04-16,1369.5699462890625,19.549999237060547,19.85,21.35,24.1
2012-04-17,1390.780029296875,18.459999084472656,18.2,19.95,23.25
2012-04-18,1385.1400146484375,18.63999938964844,20.55,22.45,24.8
2012-04-19,1376.9200439453125,18.36000061035156,20.4,22.45,24.75
2012-04-20,1378.530029296875,17.440000534057617,19.7,21.9,24.25
2012-04-23,1366.93994140625,18.969999313354492,20.6,22.55,24.85
2012-04-24,1371.969970703125,18.100000381469727,19.75,21.8,24.5
2012-04-25,1390.68994140625,16.81999969482422,18.55,20.8,23.45
2012-04-26,1399.97998046875,16.239999771118164,18.0,20.3,23.1
2012-04-27,1403.3599853515625,16.31999969482422,18.05,20.15,22.9
2012-04-30,1397.9100341796875,17.149999618530273,18.45,20.5,23.0
2012-05-01,1405.8199462890625,16.600000381469727,18.0,20.05,22.8
2012-05-02,1402.31005859375,16.8799991607666,18.05,19.95,22.6
2012-05-03,1391.5699462890625,17.559999465942383,18.8,20.55,22.9
2012-05-04,1369.0999755859375,19.15999984741211,20.0,21.45,23.5
2012-05-07,1369.5799560546875,18.940000534057617,19.35,20.85,23.1
2012-05-08,1363.719970703125,19.049999237060547,19.55,21.0,23.35
2012-05-09,1354.5799560546875,20.079999923706055,20.5,21.85,23.9
2012-05-10,1357.989990234375,18.829999923706055,19.35,20.85,23.25
2012-05-11,1353.3900146484375,19.88999938964844,20.1,21.6,23.75
2012-05-14,1338.3499755859375,21.8700008392334,21.95,23.0,24.85
2012-05-15,1330.6600341796875,21.969999313354492,21.85,23.9,25.55
2012-05-16,1324.800048828125,22.270000457763672,24.4,25.45,27.2
2012-05-17,1304.8599853515625,24.489999771118164,26.2,26.7,27.75
2012-05-18,1295.219970703125,25.100000381469727,28.2,28.15,28.85
2012-05-21,1315.989990234375,22.010000228881836,24.25,25.85,27.5
2012-05-22,1316.6300048828125,22.479999542236328,24.95,26.5,27.9
2012-05-23,1318.8599853515625,22.329999923706055,24.8,26.35,27.55
2012-05-24,1320.6800537109375,21.540000915527344,24.25,26.0,27.4
2012-05-25,1317.8199462890625,21.760000228881836,24.55,26.1,27.1
2012-05-29,1332.4200439453125,21.030000686645508,23.0,24.8,26.4
2012-05-30,1313.3199462890625,24.13999938964844,25.7,26.9,27.65
2012-05-31,1310.3299560546875,24.059999465942383,26.0,27.35,28.05
2012-06-01,1278.0400390625,26.65999984741211,27.75,29.15,29.5
2012-06-04,1278.1800537109375,26.1200008392334,26.95,28.45,29.6
2012-06-05,1285.5,24.68000030517578,25.6,27.35,28.85
2012-06-06,1315.1300048828125,22.15999984741211,23.4,25.5,27.65
2012-06-07,1314.989990234375,21.719999313354492,23.05,25.3,27.55
2012-06-08,1325.6600341796875,21.229999542236328,21.7,23.85,26.2
2012-06-11,1308.9300537109375,23.559999465942383,24.55,26.4,28.4
2012-06-12,1324.1800537109375,22.09000015258789,23.45,25.55,27.95
2012-06-13,1314.8800048828125,24.270000457763672,24.95,26.75,29.0
2012-06-14,1329.0999755859375,21.68000030517578,22.95,25.1,27.85
2012-06-15,1342.8399658203125,21.11000061035156,21.5,23.65,26.4
2012-06-18,1344.780029296875,18.31999969482422,19.0,21.8,25.45
2012-06-19,1357.97998046875,18.3799991607666,18.45,21.9,25.35
2012-06-20,1355.68994140625,17.239999771118164,20.45,22.7,25.6
2012-06-21,1325.510009765625,20.079999923706055,23.35,24.75,26.9
2012-06-22,1335.02001953125,18.11000061035156,21.85,23.9,26.25
2012-06-25,1313.719970703125,20.3799991607666,22.45,24.25,26.55
2012-06-26,1319.989990234375,19.719999313354492,21.75,23.7,26.05
2012-06-27,1331.8499755859375,19.450000762939453,21.7,23.65,25.9
2012-06-28,1329.0400390625,19.709999084472656,21.35,23.3,25.55
2012-06-29,1362.1600341796875,17.079999923706055,19.55,21.95,24.6
2012-07-02,1365.510009765625,16.799999237060547,18.15,20.65,23.85
2012-07-03,1374.02001953125,16.65999984741211,17.7,20.2,23.2
2012-07-05,1367.5799560546875,17.5,18.8,20.9,23.7
2012-07-06,1354.6800537109375,17.100000381469727,18.25,20.6,23.4
2012-07-09,1352.4599609375,17.979999542236328,18.4,20.5,23.25
2012-07-10,1341.469970703125,18.719999313354492,19.25,21.2,23.65
2012-07-11,1341.449951171875,17.950000762939453,18.3,20.45,23.25
2012-07-12,1334.760009765625,18.329999923706055,18.5,20.6,23.5
2012-07-13,1356.780029296875,16.739999771118164,17.45,19.35,22.75
2012-07-16,1353.6400146484375,17.110000610351562,17.3,19.3,22.75
2012-07-17,1363.6700439453125,16.479999542236328,16.65,18.55,22.1
2012-07-18,1372.780029296875,16.15999984741211,18.65,20.6,23.25
2012-07-19,1376.510009765625,15.449999809265137,18.2,20.15,23.0
2012-07-20,1362.6600341796875,16.270000457763672,19.15,20.95,23.55
2012-07-23,1350.52001953125,18.6200008392334,20.8,22.3,24.6
2012-07-24,1338.31005859375,20.469999313354492,21.85,23.2,25.15
2012-07-25,1337.8900146484375,19.34000015258789,21.1,22.45,24.7
2012-07-26,1360.02001953125,17.530000686645508,19.15,20.9,23.55
2012-07-27,1385.969970703125,16.700000762939453,18.6,20.65,23.5
2012-07-30,1385.300048828125,18.030000686645508,19.5,21.25,23.8
2012-07-31,1379.3199462890625,18.93000030517578,19.9,21.65,24.0
2012-08-01,1375.3199462890625,18.959999084472656,19.7,21.35,24.05
2012-08-02,1365.0,17.56999969482422,18.7,20.7,23.8
2012-08-03,1390.989990234375,15.640000343322754,17.2,19.4,22.85
2012-08-06,1394.22998046875,15.949999809265137,16.85,19.0,22.7
2012-08-07,1401.3499755859375,15.989999771118164,17.65,19.7,23.0
2012-08-08,1402.219970703125,15.31999969482422,16.8,18.9,22.5
2012-08-09,1402.800048828125,15.279999732971191,16.55,18.65,22.35
2012-08-10,1405.8699951171875,14.739999771118164,16.35,18.55,22.15
2012-08-13,1404.1099853515625,13.699999809265137,15.8,18.25,22.0
2012-08-14,1403.9300537109375,14.850000381469728,16.4,19.0,22.5
2012-08-15,1405.530029296875,14.630000114440918,16.2,19.0,22.5
2012-08-16,1415.510009765625,14.289999961853027,15.9,18.75,22.25
2012-08-17,1418.1600341796875,13.449999809265137,15.1,18.2,21.95
2012-08-20,1418.1300048828125,14.020000457763672,14.65,18.25,22.2
2012-08-21,1413.1700439453125,15.020000457763672,14.9,18.75,22.6
2012-08-22,1413.489990234375,15.109999656677246,19.0,21.25,23.8
2012-08-23,1402.0799560546875,15.960000038146973,19.3,21.6,24.3
2012-08-24,1411.1300048828125,15.18000030517578,18.55,21.2,24.0
2012-08-27,1410.43994140625,16.350000381469727,18.8,21.3,23.85
2012-08-28,1409.300048828125,16.489999771118164,19.0,21.45,24.05
2012-08-29,1410.489990234375,17.059999465942383,19.25,21.7,24.15
2012-08-30,1399.47998046875,17.829999923706055,19.7,22.0,24.35
2012-08-31,1406.5799560546875,17.469999313354492,18.95,21.2,23.8
2012-09-04,1404.93994140625,17.979999542236328,18.65,20.75,23.65
2012-09-05,1403.43994140625,17.739999771118164,18.15,20.35,23.15
2012-09-06,1432.1199951171875,15.600000381469728,16.1,18.55,21.95
2012-09-07,1437.9200439453125,14.380000114440918,15.1,17.55,21.05
2012-09-10,1429.0799560546875,16.280000686645508,16.5,18.55,21.55
2012-09-11,1433.56005859375,16.40999984741211,16.6,18.35,21.25
2012-09-12,1436.56005859375,15.800000190734863,15.8,17.6,20.4
2012-09-13,1459.989990234375,14.050000190734863,14.9,16.45,19.2
2012-09-14,1465.77001953125,14.510000228881836,15.75,17.35,19.35
2012-09-17,1461.18994140625,14.59000015258789,15.0,16.85,19.15
2012-09-18,1459.3199462890625,14.18000030517578,14.3,16.25,19.05
2012-09-19,1461.050048828125,13.880000114440918,16.05,17.7,20.8
2012-09-20,1460.260009765625,14.06999969482422,16.4,18.05,20.9
2012-09-21,1460.1500244140625,13.979999542236328,16.05,17.9,20.95
2012-09-24,1456.8900146484375,14.149999618530272,15.9,17.6,20.7
2012-09-25,1441.5899658203125,15.43000030517578,17.15,18.35,21.1
2012-09-26,1433.3199462890625,16.809999465942383,17.75,18.9,21.45
2012-09-27,1447.1500244140625,14.84000015258789,16.1,17.75,20.75
2012-09-28,1440.6700439453125,15.729999542236328,16.4,18.05,20.9
2012-10-01,1444.489990234375,16.31999969482422,16.95,18.3,20.85
2012-10-02,1445.75,15.710000038146973,16.6,17.95,20.7
2012-10-03,1450.989990234375,15.43000030517578,16.5,17.7,20.5
2012-10-04,1461.4000244140625,14.550000190734863,15.8,17.4,20.0
2012-10-05,1460.9300537109375,14.329999923706056,15.75,17.25,19.85
2012-10-08,1455.8800048828125,15.109999656677246,15.9,17.4,19.85
2012-10-09,1441.47998046875,16.3700008392334,16.7,18.05,20.15
2012-10-10,1432.56005859375,16.290000915527344,16.75,18.15,20.4
2012-10-11,1432.8399658203125,15.59000015258789,16.2,17.55,19.95
2012-10-12,1428.5899658203125,16.139999389648438,16.65,18.0,20.05
2012-10-15,1440.1300048828125,15.270000457763672,15.7,17.15,19.7
2012-10-16,1454.9200439453125,15.220000267028809,15.5,16.75,19.2
2012-10-17,1460.9100341796875,15.06999969482422,16.45,17.5,20.05
2012-10-18,1457.3399658203125,15.029999732971191,16.7,17.6,20.2
2012-10-19,1433.18994140625,17.059999465942383,17.6,18.45,20.85
2012-10-22,1433.8199462890625,16.6200008392334,17.35,18.05,20.55
2012-10-23,1413.1099853515625,18.829999923706055,19.2,19.4,21.35
2012-10-24,1408.75,18.329999923706055,18.75,19.1,21.05
2012-10-25,1412.969970703125,18.1200008392334,18.3,18.9,20.9
2012-10-26,1411.93994140625,17.809999465942383,18.25,18.9,20.85
2012-10-31,1412.1600341796875,18.600000381469727,18.95,19.5,21.2
2012-11-01,1427.5899658203125,16.690000534057617,16.9,17.9,20.0
2012-11-02,1414.199951171875,17.59000015258789,17.8,18.6,20.7
2012-11-05,1417.260009765625,18.420000076293945,18.1,18.9,20.95
2012-11-06,1428.3900146484375,17.579999923706055,17.05,18.1,20.15
2012-11-07,1394.530029296875,19.079999923706055,18.85,19.5,21.15
2012-11-08,1377.510009765625,18.489999771118164,18.5,19.3,21.15
2012-11-09,1379.8499755859375,18.61000061035156,18.6,19.6,21.55
2012-11-12,1380.030029296875,16.68000030517578,17.1,18.35,20.7
2012-11-13,1374.530029296875,16.649999618530273,16.95,18.2,20.7
2012-11-14,1355.489990234375,17.920000076293945,17.85,19.0,21.25
2012-11-15,1353.3299560546875,17.989999771118164,18.05,19.15,21.35
2012-11-16,1359.8800048828125,16.40999984741211,16.75,18.2,20.7
2012-11-19,1386.8900146484375,15.239999771118164,15.25,16.6,19.65
2012-11-20,1387.81005859375,15.079999923706056,15.15,16.4,19.2
2012-11-21,1391.030029296875,15.3100004196167,16.45,18.35,20.15
2012-11-23,1409.1500244140625,15.140000343322754,16.1,17.9,19.95
2012-11-26,1406.2900390625,15.5,15.6,17.45,19.6
2012-11-27,1398.93994140625,15.920000076293944,16.15,17.8,19.85
2012-11-28,1409.9300537109375,15.510000228881836,15.5,17.3,19.55
2012-11-29,1415.949951171875,15.0600004196167,15.25,17.0,19.2
2012-11-30,1416.1800537109375,15.869999885559082,15.55,17.15,19.3
2012-12-03,1409.4599609375,16.639999389648438,16.4,17.7,19.7
2012-12-04,1407.050048828125,17.1200008392334,16.5,17.9,19.85
2012-12-05,1409.280029296875,16.459999084472656,16.1,17.35,19.25
2012-12-06,1413.93994140625,16.579999923706055,16.4,17.65,19.35
2012-12-07,1418.0699462890625,15.899999618530272,16.0,17.25,19.1
2012-12-10,1418.550048828125,16.049999237060547,16.0,17.05,18.9
2012-12-11,1427.8399658203125,15.56999969482422,15.55,16.5,18.55
2012-12-12,1428.47998046875,15.949999809265137,16.1,17.15,18.9
2012-12-13,1419.449951171875,16.559999465942383,16.6,17.35,19.2
2012-12-14,1413.5799560546875,17.0,16.85,17.2,19.3
2012-12-17,1430.3599853515625,16.34000015258789,16.2,16.5,18.6
2012-12-18,1446.7900390625,15.56999969482422,15.55,16.15,18.15
2012-12-19,1435.81005859375,17.360000610351562,17.1,17.9,19.6
2012-12-20,1443.68994140625,17.670000076293945,17.5,18.15,19.8
2012-12-21,1430.1500244140625,17.84000015258789,18.25,18.55,20.4
2012-12-24,1426.6600341796875,17.84000015258789,18.65,18.95,20.4
2012-12-26,1419.8299560546875,19.479999542236328,19.5,19.55,20.8
2012-12-27,1418.0999755859375,19.469999313354492,19.1,19.4,20.5
2012-12-28,1402.4300537109375,22.719999313354492,22.35,21.95,22.0
2012-12-31,1426.18994140625,18.020000457763672,17.7,18.5,20.4
2013-01-02,1462.4200439453125,14.68000030517578,15.6,16.75,18.85
2013-01-03,1459.3699951171875,14.5600004196167,15.9,16.95,18.95
2013-01-04,1466.469970703125,13.829999923706056,15.3,16.7,18.75
2013-01-07,1461.8900146484375,13.789999961853027,14.75,16.45,18.8
2013-01-08,1457.1500244140625,13.619999885559082,14.65,16.45,18.7
2013-01-09,1461.02001953125,13.8100004196167,14.7,16.4,18.6
2013-01-10,1472.1199951171875,13.489999771118164,14.2,16.1,18.4
2013-01-11,1472.050048828125,13.359999656677246,14.15,16.0,18.35
2013-01-14,1470.6800537109375,13.520000457763672,14.1,15.95,18.2
2013-01-15,1472.3399658203125,13.550000190734863,14.2,15.8,18.15
2013-01-16,1472.6300048828125,13.420000076293944,15.5,17.1,18.65
2013-01-17,1480.93994140625,13.56999969482422,15.7,17.0,18.55
2013-01-18,1485.97998046875,12.460000038146973,14.65,16.3,17.85
2013-01-22,1492.56005859375,12.43000030517578,14.05,15.4,17.1
2013-01-23,1494.81005859375,12.460000038146973,13.7,15.05,16.95
2013-01-24,1494.8199462890625,12.6899995803833,13.95,15.1,16.9
2013-01-25,1502.9599609375,12.890000343322754,14.1,15.15,16.8
2013-01-28,1500.1800537109375,13.56999969482422,14.6,15.35,16.9
2013-01-29,1507.8399658203125,13.3100004196167,14.05,14.95,16.7
2013-01-30,1501.9599609375,14.31999969482422,15.15,15.8,17.15
2013-01-31,1498.1099853515625,14.279999732971191,14.9,15.75,17.3
2013-02-01,1513.1700439453125,12.899999618530272,14.3,15.4,17.05
2013-02-04,1495.7099609375,14.670000076293944,15.3,15.9,17.3
2013-02-05,1511.2900390625,13.720000267028809,14.4,15.6,17.2
2013-02-06,1512.1199951171875,13.40999984741211,14.15,15.35,17.05
2013-02-07,1509.3900146484375,13.5,14.1,15.35,17.0
2013-02-08,1517.9300537109375,13.020000457763672,13.8,15.05,16.7
2013-02-11,1517.010009765625,12.9399995803833,13.5,14.95,16.5
2013-02-12,1519.4300537109375,12.640000343322754,13.0,14.8,16.45
2013-02-13,1520.3299560546875,12.979999542236328,14.75,15.85,17.05
2013-02-14,1521.3800048828125,12.65999984741211,14.55,15.75,17.05
2013-02-15,1519.7900390625,12.460000038146973,14.5,15.65,17.1
2013-02-19,1530.93994140625,12.3100004196167,13.9,14.95,16.55
2013-02-20,1511.949951171875,14.68000030517578,15.4,16.0,17.15
2013-02-21,1502.4200439453125,15.220000267028809,15.5,16.15,17.3
2013-02-22,1515.5999755859375,14.170000076293944,14.85,15.7,17.0
2013-02-25,1487.8499755859375,18.989999771118164,17.65,17.5,17.95
2013-02-26,1496.93994140625,16.8700008392334,17.05,17.35,17.9
2013-02-27,1515.989990234375,14.729999542236328,15.4,16.1,17.1
2013-02-28,1514.6800537109375,15.510000228881836,16.15,16.7,17.5
2013-03-01,1518.199951171875,15.359999656677246,16.4,16.95,17.6
2013-03-04,1525.199951171875,14.010000228881836,15.0,15.85,17.1
2013-03-05,1539.7900390625,13.479999542236328,14.55,15.55,16.9
2013-03-06,1541.4599609375,13.529999732971191,14.7,15.55,16.85
2013-03-07,1544.260009765625,13.0600004196167,14.2,15.25,16.7
2013-03-08,1551.1800537109375,12.59000015258789,13.8,15.1,16.65
2013-03-11,1556.219970703125,11.5600004196167,13.0,14.45,16.4
2013-03-12,1552.47998046875,12.270000457763672,13.25,14.8,16.55
2013-03-13,1554.52001953125,11.829999923706056,12.95,14.7,16.6
2013-03-14,1563.22998046875,11.300000190734863,12.55,14.6,16.55
2013-03-15,1560.699951171875,11.300000190734863,12.55,14.7,16.65
2013-03-18,1552.0999755859375,13.359999656677246,13.7,15.4,16.95
2013-03-19,1548.3399658203125,14.390000343322754,14.8,15.4,17.0
2013-03-20,1558.7099609375,12.670000076293944,14.5,15.95,17.5
2013-03-21,1545.800048828125,13.989999771118164,14.95,16.15,17.65
2013-03-22,1556.8900146484375,13.56999969482422,14.8,16.0,17.65
2013-03-25,1551.68994140625,13.739999771118164,14.55,15.8,17.35
2013-03-26,1563.77001953125,12.770000457763672,14.2,15.6,17.25
2013-03-27,1562.8499755859375,13.149999618530272,14.4,15.7,17.3
2013-03-28,1569.18994140625,12.699999809265137,14.2,15.6,17.35
2013-04-01,1562.1700439453125,13.579999923706056,14.4,15.75,17.5
2013-04-02,1570.25,12.779999732971191,13.8,15.25,17.15
2013-04-03,1553.68994140625,14.210000038146973,14.65,15.75,17.3
2013-04-04,1559.97998046875,13.890000343322754,14.25,15.55,17.25
2013-04-05,1553.280029296875,13.920000076293944,14.35,15.5,17.25
2013-04-08,1563.0699462890625,13.1899995803833,13.65,15.1,16.8
2013-04-09,1568.6099853515625,12.84000015258789,13.6,15.05,16.7
2013-04-10,1587.72998046875,12.359999656677246,13.1,14.5,16.35
2013-04-11,1593.3699951171875,12.239999771118164,13.15,14.5,16.3
2013-04-12,1588.8499755859375,12.0600004196167,12.75,14.15,16.0
2013-04-15,1552.3599853515625,17.270000457763672,16.7,16.65,17.55
2013-04-16,1574.5699462890625,13.960000038146973,13.95,14.75,16.35
2013-04-17,1552.010009765625,16.510000228881836,16.45,16.75,17.5
2013-04-18,1541.6099853515625,17.559999465942383,17.2,17.5,18.25
2013-04-19,1555.25,14.970000267028809,15.95,16.8,18.1
2013-04-22,1562.5,14.390000343322754,15.3,16.1,17.5
2013-04-23,1578.780029296875,13.479999542236328,14.55,15.4,16.8
2013-04-24,1578.7900390625,13.609999656677246,14.65,15.4,16.75
2013-04-25,1585.1600341796875,13.619999885559082,14.8,15.5,16.8
2013-04-26,1582.239990234375,13.609999656677246,14.8,15.6,16.95
2013-04-29,1593.6099853515625,13.710000038146973,14.75,15.55,16.75
2013-04-30,1597.5699462890625,13.520000457763672,14.45,15.4,16.75
2013-05-01,1582.699951171875,14.489999771118164,15.15,15.95,17.2
2013-05-02,1597.5899658203125,13.59000015258789,14.55,15.5,16.9
2013-05-03,1614.4200439453125,12.850000381469728,14.25,15.25,16.7
2013-05-06,1617.5,12.65999984741211,13.9,14.95,16.5
2013-05-07,1625.9599609375,12.829999923706056,13.85,14.9,16.3
2013-05-08,1632.68994140625,12.65999984741211,14.0,15.1,16.45
2013-05-09,1626.6700439453125,13.130000114440918,14.2,15.35,16.75
2013-05-10,1633.699951171875,12.59000015258789,13.85,15.1,16.8
2013-05-13,1633.77001953125,12.550000190734863,13.65,15.1,16.85
2013-05-14,1650.3399658203125,12.770000457763672,13.55,15.05,16.8
2013-05-15,1658.780029296875,12.8100004196167,13.7,15.15,16.85
2013-05-16,1650.469970703125,13.06999969482422,13.95,15.35,16.95
2013-05-17,1667.469970703125,12.449999809265137,13.2,15.1,16.8
2013-05-20,1666.2900390625,13.020000457763672,13.3,15.1,16.95
2013-05-21,1669.1600341796875,13.369999885559082,13.55,15.4,17.15
2013-05-22,1655.3499755859375,13.81999969482422,15.3,16.4,17.75
2013-05-23,1650.510009765625,14.06999969482422,15.5,16.55,18.0
2013-05-24,1649.5999755859375,13.989999771118164,15.5,16.5,17.95
2013-05-28,1660.06005859375,14.479999542236328,15.2,16.35,17.85
2013-05-29,1648.3599853515625,14.829999923706056,15.4,16.4,17.8
2013-05-30,1654.4100341796875,14.529999732971191,15.4,16.55,17.85
2013-05-31,1630.739990234375,16.299999237060547,16.05,17.15,18.35
2013-06-03,1640.4200439453125,16.280000686645508,16.0,17.0,18.35
2013-06-04,1631.3800048828125,16.270000457763672,16.1,17.1,18.4
2013-06-05,1608.9000244140625,17.5,17.05,17.7,18.75
2013-06-06,1622.56005859375,16.6299991607666,16.55,17.25,18.55
2013-06-07,1643.3800048828125,15.140000343322754,15.8,16.9,18.35
2013-06-10,1642.81005859375,15.4399995803833,15.6,16.7,18.1
2013-06-11,1626.1300048828125,17.06999969482422,16.9,17.6,18.75
2013-06-12,1612.52001953125,18.59000015258789,18.25,18.55,19.35
2013-06-13,1636.3599853515625,16.40999984741211,16.8,17.7,18.95
2013-06-14,1626.72998046875,17.149999618530273,17.55,18.3,19.4
2013-06-17,1639.0400390625,16.799999237060547,16.95,17.8,19.1
2013-06-18,1651.81005859375,16.610000610351562,16.8,17.65,19.0
2013-06-19,1628.9300537109375,16.639999389648438,17.55,18.35,19.55
2013-06-20,1588.18994140625,20.489999771118164,19.65,19.45,20.4
2013-06-21,1592.4300537109375,18.899999618530273,19.0,19.4,20.25
2013-06-24,1573.0899658203125,20.11000061035156,20.15,20.3,21.0
2013-06-25,1588.030029296875,18.469999313354492,19.45,19.95,20.85
2013-06-26,1603.260009765625,17.209999084472656,18.85,19.6,20.8
2013-06-27,1613.199951171875,16.860000610351562,18.2,19.05,20.4
2013-06-28,1606.280029296875,16.860000610351562,18.05,18.9,20.35
2013-07-01,1614.9599609375,16.3700008392334,17.65,18.45,20.0
2013-07-02,1614.0799560546875,16.440000534057617,17.6,18.45,20.1
2013-07-03,1615.4100341796875,16.200000762939453,17.25,18.35,19.95
2013-07-05,1631.8900146484375,14.890000343322754,15.95,17.45,19.45
2013-07-08,1640.4599609375,14.779999732971191,15.35,16.75,18.7
2013-07-09,1652.3199462890625,14.350000381469728,15.1,16.65,18.55
2013-07-10,1652.6199951171875,14.210000038146973,14.85,16.35,18.2
2013-07-11,1675.02001953125,14.010000228881836,14.5,16.05,17.9
2013-07-12,1680.18994140625,13.84000015258789,14.65,16.2,18.05
2013-07-15,1682.5,13.789999961853027,14.05,15.75,17.75
2013-07-16,1676.260009765625,14.420000076293944,14.25,16.2,18.35
2013-07-17,1680.9100341796875,13.779999732971191,15.6,16.95,18.45
2013-07-18,1689.3699951171875,13.770000457763672,15.45,16.9,18.4
2013-07-19,1692.0899658203125,12.539999961853027,14.9,16.5,18.25
2013-07-22,1695.530029296875,12.289999961853027,14.7,16.2,18.0
2013-07-23,1692.3900146484375,12.65999984741211,14.65,16.15,17.9
2013-07-24,1685.93994140625,13.18000030517578,14.8,16.2,17.95
2013-07-25,1690.25,12.970000267028809,14.5,15.9,17.65
2013-07-26,1691.6500244140625,12.720000267028809,14.45,15.85,17.6
2013-07-29,1685.3299560546875,13.390000343322754,14.65,15.95,17.6
2013-07-30,1685.9599609375,13.390000343322754,14.3,15.7,17.45
2013-07-31,1685.72998046875,13.449999809265137,13.9,15.4,17.05
2013-08-01,1706.8699951171875,12.9399995803833,13.6,15.05,16.8
2013-08-02,1709.6700439453125,11.979999542236328,13.15,14.65,16.5
2013-08-05,1707.1400146484375,11.84000015258789,13.05,14.45,16.3
2013-08-06,1697.3699951171875,12.720000267028809,13.4,14.85,16.65
2013-08-07,1690.9100341796875,12.979999542236328,13.55,15.05,16.75
2013-08-08,1697.47998046875,12.729999542236328,13.25,14.85,16.6
2013-08-09,1691.4200439453125,13.40999984741211,13.55,15.2,16.85
2013-08-12,1689.469970703125,12.8100004196167,13.35,15.0,16.85
2013-08-13,1694.1600341796875,12.3100004196167,13.1,14.9,17.0
2013-08-14,1685.3900146484375,13.039999961853027,13.35,15.15,17.2
2013-08-15,1661.3199462890625,14.729999542236328,14.25,15.75,17.6
2013-08-16,1655.8299560546875,14.369999885559082,14.45,15.6,17.45
2013-08-19,1646.06005859375,15.100000381469728,15.05,15.95,17.7
2013-08-20,1652.3499755859375,14.90999984741211,15.0,15.65,17.45
2013-08-21,1642.800048828125,15.9399995803833,16.1,16.95,18.0
2013-08-22,1656.9599609375,14.760000228881836,15.45,16.4,17.45
2013-08-23,1663.5,13.979999542236328,15.2,16.25,17.35
2013-08-26,1656.780029296875,14.989999771118164,15.85,16.7,17.7
2013-08-27,1630.47998046875,16.770000457763672,17.2,17.9,18.7
2013-08-28,1634.9599609375,16.489999771118164,17.35,17.95,18.7
2013-08-29,1638.1700439453125,16.809999465942383,17.35,17.95,18.8
2013-08-30,1632.969970703125,17.010000228881836,17.5,18.15,18.95
2013-09-03,1639.77001953125,16.610000610351562,16.85,17.65,18.5
2013-09-04,1653.0799560546875,15.880000114440918,16.7,17.55,18.35
2013-09-05,1655.0799560546875,15.770000457763672,16.4,17.4,18.35
2013-09-06,1655.1700439453125,15.850000381469728,16.5,17.5,18.45
2013-09-09,1671.7099609375,15.630000114440918,15.8,16.8,17.9
2013-09-10,1683.989990234375,14.529999732971191,15.15,16.35,17.4
2013-09-11,1689.1300048828125,13.81999969482422,14.55,15.75,17.05
2013-09-12,1683.4200439453125,14.289999961853027,14.8,15.8,17.15
2013-09-13,1687.989990234375,14.15999984741211,14.8,15.8,17.1
2013-09-16,1697.5999755859375,14.380000114440918,14.7,15.55,16.9
2013-09-17,1704.760009765625,14.529999732971191,14.65,15.45,16.8
2013-09-18,1725.52001953125,13.59000015258789,14.7,15.9,17.15
2013-09-19,1722.3399658203125,13.15999984741211,14.75,15.9,17.25
2013-09-20,1709.9100341796875,13.119999885559082,15.0,16.15,17.65
2013-09-23,1701.8399658203125,14.3100004196167,15.35,16.4,17.8
2013-09-24,1697.4200439453125,14.079999923706056,15.05,16.25,17.65
2013-09-25,1692.77001953125,14.010000228881836,15.05,16.2,17.7
2013-09-26,1698.6700439453125,14.0600004196167,14.8,15.95,17.45
2013-09-27,1691.75,15.460000038146973,15.5,16.35,17.7
2013-09-30,1681.550048828125,16.600000381469727,16.2,16.9,18.05
2013-10-01,1695.0,15.539999961853027,15.45,16.25,17.65
2013-10-02,1693.8699951171875,16.600000381469727,16.35,16.9,18.0
2013-10-03,1678.6600341796875,17.670000076293945,17.25,17.45,18.35
2013-10-04,1690.5,16.739999771118164,16.8,17.0,18.1
2013-10-07,1676.1199951171875,19.40999984741211,18.5,18.35,18.85
2013-10-08,1655.449951171875,20.34000015258789,19.4,19.1,19.55
2013-10-09,1656.4000244140625,19.600000381469727,18.85,18.7,19.4
2013-10-10,1692.56005859375,16.479999542236328,16.4,16.85,18.2
2013-10-11,1703.199951171875,15.720000267028809,15.7,16.4,17.7
2013-10-14,1710.1400146484375,16.06999969482422,15.9,16.65,17.9
2013-10-15,1698.06005859375,18.65999984741211,18.2,17.3,18.3
2013-10-16,1721.5400390625,14.710000038146973,15.55,16.55,18.05
2013-10-17,1733.1500244140625,13.479999542236328,14.55,15.6,17.5
2013-10-18,1744.5,13.039999961853027,14.35,15.25,17.3
2013-10-21,1744.6600341796875,13.15999984741211,14.6,15.5,17.3
2013-10-22,1754.6700439453125,13.329999923706056,14.6,15.55,17.45
2013-10-23,1746.3800048828125,13.420000076293944,14.7,15.55,17.6
2013-10-24,1752.0699462890625,13.199999809265137,14.45,15.45,17.45
2013-10-25,1759.77001953125,13.09000015258789,14.5,15.5,17.55
2013-10-28,1762.1099853515625,13.3100004196167,14.55,15.5,17.65
2013-10-29,1771.949951171875,13.40999984741211,14.45,15.5,17.7
2013-10-30,1763.31005859375,13.649999618530272,14.55,15.55,17.7
2013-10-31,1756.5400390625,13.75,14.5,15.5,17.7
2013-11-01,1761.6400146484375,13.279999732971191,14.45,15.6,17.8
2013-11-04,1767.9300537109375,12.93000030517578,13.95,15.1,17.45
2013-11-05,1762.969970703125,13.270000457763672,14.0,15.2,17.55
2013-11-06,1770.489990234375,12.670000076293944,13.7,14.95,17.35
2013-11-07,1747.1500244140625,13.90999984741211,14.25,15.4,17.65
2013-11-08,1770.6099853515625,12.899999618530272,13.6,14.85,17.3
2013-11-11,1771.8900146484375,12.529999732971191,13.3,14.75,17.4
2013-11-12,1767.68994140625,12.81999969482422,13.35,14.8,17.45
2013-11-13,1782.0,12.520000457763672,13.25,14.65,17.5
2013-11-14,1790.6199951171875,12.369999885559082,13.05,14.6,17.55
2013-11-15,1798.1800537109375,12.1899995803833,12.95,14.35,17.45
2013-11-18,1791.530029296875,13.100000381469728,13.3,14.3,17.4
2013-11-19,1787.8699951171875,13.390000343322754,13.6,14.5,17.55
2013-11-20,1781.3699951171875,13.399999618530272,14.15,16.0,17.9
2013-11-21,1795.8499755859375,12.65999984741211,13.7,15.5,17.45
2013-11-22,1804.760009765625,12.260000228881836,13.6,15.2,17.25
2013-11-25,1802.47998046875,12.789999961853027,13.65,15.05,17.1
2013-11-26,1802.75,12.8100004196167,13.75,15.0,17.1
2013-11-27,1807.22998046875,12.979999542236328,13.85,15.1,17.1
2013-11-29,1805.81005859375,13.699999809265137,13.95,15.15,17.15
2013-12-02,1800.9000244140625,14.229999542236328,14.3,15.2,17.1
2013-12-03,1795.1500244140625,14.550000190734863,14.65,15.5,17.2
2013-12-04,1792.81005859375,14.699999809265137,14.25,15.4,17.15
2013-12-05,1785.030029296875,15.079999923706056,14.55,15.5,17.15
2013-12-06,1805.0899658203125,13.789999961853027,13.95,15.0,16.75
2013-12-09,1808.3699951171875,13.489999771118164,13.75,14.8,16.5
2013-12-10,1802.6199951171875,13.90999984741211,13.95,14.9,16.6
2013-12-11,1782.219970703125,15.420000076293944,14.9,15.45,17.1
2013-12-12,1775.5,15.539999961853027,15.4,15.5,17.1
2013-12-13,1775.3199462890625,15.760000228881836,15.5,15.5,17.2
2013-12-16,1786.5400390625,16.030000686645508,15.9,15.75,17.3
2013-12-17,1781.0,16.209999084472656,16.25,15.55,17.05
2013-12-18,1810.6500244140625,13.800000190734863,14.5,15.55,16.9
2013-12-19,1809.5999755859375,14.149999618530272,14.45,15.6,17.1
2013-12-20,1818.3199462890625,13.789999961853027,14.45,15.45,16.95
2013-12-23,1827.989990234375,13.039999961853027,13.9,15.0,16.65
2013-12-24,1833.3199462890625,12.479999542236328,13.4,14.6,16.3
2013-12-26,1842.02001953125,12.329999923706056,13.4,14.5,16.2
2013-12-27,1841.4000244140625,12.460000038146973,13.7,14.65,16.3
2013-12-30,1841.0699462890625,13.5600004196167,13.9,14.85,16.45
2013-12-31,1848.3599853515625,13.720000267028809,13.95,14.75,16.25
2014-01-02,1831.97998046875,14.229999542236328,14.2,15.05,16.5
2014-01-03,1831.3699951171875,13.760000228881836,14.05,14.9,16.4
2014-01-06,1826.77001953125,13.550000190734863,13.9,14.75,16.2
2014-01-07,1837.8800048828125,12.920000076293944,13.65,14.45,15.9
2014-01-08,1837.489990234375,12.869999885559082,13.7,14.45,15.85
2014-01-09,1838.1300048828125,12.890000343322754,13.65,14.55,15.95
2014-01-10,1842.3699951171875,12.140000343322754,13.25,14.3,15.8
2014-01-13,1819.199951171875,13.279999732971191,13.8,14.55,16.0
2014-01-14,1838.8800048828125,12.279999732971191,13.1,14.1,15.85
2014-01-15,1848.3800048828125,12.279999732971191,13.15,14.15,15.9
2014-01-16,1845.8900146484375,12.529999732971191,13.45,14.3,15.95
2014-01-17,1838.699951171875,12.4399995803833,13.45,14.25,16.05
2014-01-21,1843.800048828125,12.869999885559082,13.25,14.1,15.95
2014-01-22,1844.8599853515625,12.84000015258789,13.85,14.8,16.25
2014-01-23,1828.4599609375,13.770000457763672,14.2,14.95,16.35
2014-01-24,1790.2900390625,18.13999938964844,16.2,16.2,17.25
2014-01-27,1781.56005859375,17.420000076293945,16.1,16.25,17.1
2014-01-28,1792.5,15.800000190734863,15.2,15.55,16.6
2014-01-29,1774.199951171875,17.350000381469727,16.4,16.45,17.15
2014-01-30,1794.18994140625,17.290000915527344,16.65,16.6,17.35
2014-01-31,1782.5899658203125,18.40999984741211,17.6,17.35,17.65
2014-02-03,1741.8900146484375,21.440000534057617,19.2,18.6,18.55
2014-02-04,1755.199951171875,19.11000061035156,18.65,18.35,18.6
2014-02-05,1751.6400146484375,19.950000762939453,19.15,18.75,19.0
2014-02-06,1773.4300537109375,17.229999542236328,17.0,17.0,17.8
2014-02-07,1797.02001953125,15.289999961853027,15.5,15.9,16.95
2014-02-10,1799.8399658203125,15.260000228881836,15.65,15.85,16.95
2014-02-11,1819.75,14.510000228881836,15.05,15.3,16.5
2014-02-12,1819.260009765625,14.300000190734863,14.55,15.0,16.4
2014-02-13,1829.8299560546875,14.140000343322754,14.6,14.95,16.35
2014-02-14,1838.6300048828125,13.56999969482422,14.2,14.7,16.2
2014-02-18,1840.760009765625,13.869999885559082,14.25,14.45,15.9
2014-02-19,1828.75,15.5,14.25,15.4,16.45
2014-02-20,1839.780029296875,14.789999961853027,14.95,15.4,16.65
2014-02-21,1836.25,14.68000030517578,15.15,15.45,16.6
2014-02-24,1847.6099853515625,14.229999542236328,15.0,15.4,16.6
2014-02-25,1845.1199951171875,13.670000076293944,14.9,15.3,16.5
2014-02-26,1845.1600341796875,14.350000381469728,15.3,15.65,16.85
2014-02-27,1854.2900390625,14.039999961853027,15.1,15.55,16.85
2014-02-28,1859.449951171875,14.0,15.25,15.7,17.0
2014-03-03,1845.72998046875,16.0,16.6,16.65,17.5
2014-03-04,1873.9100341796875,14.100000381469728,15.1,15.6,16.95
2014-03-05,1873.81005859375,13.890000343322754,15.15,15.6,16.9
2014-03-06,1877.030029296875,14.210000038146973,15.05,15.55,16.85
2014-03-07,1878.0400390625,14.109999656677246,15.5,15.85,17.0
2014-03-10,1877.1700439453125,14.199999809265137,15.3,15.9,17.05
2014-03-11,1867.6300048828125,14.800000190734863,15.55,16.1,17.2
2014-03-12,1868.199951171875,14.470000267028809,15.3,15.95,17.15
2014-03-13,1846.3399658203125,16.219999313354492,16.6,16.6,17.5
2014-03-14,1841.1300048828125,17.81999969482422,17.7,17.1,17.65
2014-03-17,1858.8299560546875,15.640000343322754,16.15,16.15,17.0
2014-03-18,1872.25,14.520000457763672,16.15,15.6,16.8
2014-03-19,1860.77001953125,15.119999885559082,16.0,16.5,17.4
2014-03-20,1872.010009765625,14.520000457763672,15.75,16.2,17.2
2014-03-21,1866.52001953125,15.0,16.0,16.45,17.4
2014-03-24,1857.43994140625,15.09000015258789,15.95,16.45,17.4
2014-03-25,1865.6199951171875,14.020000457763672,15.7,16.25,17.4
2014-03-26,1852.56005859375,14.93000030517578,16.05,16.65,17.65
2014-03-27,1849.0400390625,14.619999885559082,15.75,16.4,17.5
2014-03-28,1857.6199951171875,14.40999984741211,15.6,16.25,17.35
2014-03-31,1872.3399658203125,13.880000114440918,15.15,15.85,16.95
2014-04-01,1885.52001953125,13.100000381469728,14.5,15.45,16.6
2014-04-02,1890.9000244140625,13.09000015258789,14.6,15.55,16.75
2014-04-03,1888.77001953125,13.369999885559082,14.45,15.4,16.55
2014-04-04,1865.0899658203125,13.960000038146973,14.85,15.75,16.8
2014-04-07,1845.0400390625,15.56999969482422,15.5,16.0,16.95
2014-04-08,1851.9599609375,14.890000343322754,15.15,15.75,16.75
2014-04-09,1872.1800537109375,13.81999969482422,14.5,15.45,16.6
2014-04-10,1833.0799560546875,15.890000343322754,15.85,16.25,17.0
2014-04-11,1815.68994140625,17.030000686645508,16.85,16.65,17.2
2014-04-14,1830.6099853515625,16.110000610351562,16.2,16.65,17.25
2014-04-15,1842.97998046875,15.609999656677246,15.6,16.45,17.15
2014-04-16,1862.31005859375,14.18000030517578,15.6,15.9,16.8
2014-04-17,1864.8499755859375,13.359999656677246,15.6,16.1,17.05
2014-04-21,1871.8900146484375,13.25,15.4,16.05,17.05
2014-04-22,1879.550048828125,13.1899995803833,15.25,15.85,17.0
2014-04-23,1875.3900146484375,13.270000457763672,15.4,15.8,17.0
2014-04-24,1878.6099853515625,13.31999969482422,15.5,16.05,17.0
2014-04-25,1863.4000244140625,14.0600004196167,15.6,16.2,17.1
2014-04-28,1869.4300537109375,13.970000267028809,15.2,15.9,16.8
2014-04-29,1878.3299560546875,13.710000038146973,15.0,15.7,16.7
2014-04-30,1883.949951171875,13.40999984741211,15.0,15.75,16.7
2014-05-01,1883.6800537109375,13.25,14.9,15.75,16.7
2014-05-02,1881.1400146484375,12.90999984741211,14.9,15.85,16.8
2014-05-05,1884.6600341796875,13.289999961853027,14.6,15.6,16.6
2014-05-06,1867.719970703125,13.800000190734863,14.75,15.8,16.75
2014-05-07,1878.2099609375,13.399999618530272,14.4,15.45,16.5
2014-05-08,1875.6300048828125,13.43000030517578,14.45,15.45,16.5
2014-05-09,1878.47998046875,12.920000076293944,14.05,15.2,16.3
2014-05-12,1896.6500244140625,12.229999542236328,13.5,14.8,16.05
2014-05-13,1897.449951171875,12.130000114440918,13.5,14.85,16.05
2014-05-14,1888.530029296875,12.170000076293944,13.25,14.75,16.1
2014-05-15,1870.8499755859375,13.170000076293944,13.7,14.9,16.15
2014-05-16,1877.8599853515625,12.4399995803833,13.25,14.65,16.0
2014-05-19,1885.0799560546875,12.420000076293944,13.0,14.35,15.75
2014-05-20,1872.8299560546875,12.960000038146973,13.05,14.4,15.85
2014-05-21,1888.030029296875,11.90999984741211,13.05,14.1,15.65
2014-05-22,1892.489990234375,12.029999732971191,14.05,15.1,16.35
2014-05-23,1900.530029296875,11.359999656677246,13.9,15.05,16.35
2014-05-27,1911.9100341796875,11.510000228881836,13.45,14.65,16.1
2014-05-28,1909.780029296875,11.68000030517578,13.45,14.75,16.25
2014-05-29,1920.030029296875,11.56999969482422,13.3,14.7,16.2
2014-05-30,1923.5699462890625,11.399999618530272,13.3,14.8,16.3
2014-06-02,1924.969970703125,11.579999923706056,13.2,14.75,16.3
2014-06-03,1924.239990234375,11.869999885559082,13.3,14.75,16.3
2014-06-04,1927.8800048828125,12.079999923706056,13.2,14.55,16.05
2014-06-05,1940.4599609375,11.68000030517578,12.65,14.05,15.75
2014-06-06,1949.43994140625,10.729999542236328,12.0,13.3,15.15
2014-06-09,1951.27001953125,11.149999618530272,12.2,13.45,15.3
2014-06-10,1950.7900390625,10.989999771118164,12.05,13.25,15.2
2014-06-11,1943.8900146484375,11.600000381469728,12.5,13.5,15.3
2014-06-12,1930.1099853515625,12.5600004196167,13.2,14.15,15.75
2014-06-13,1936.1600341796875,12.18000030517578,12.95,13.8,15.55
2014-06-16,1937.780029296875,12.649999618530272,13.05,13.8,15.4
2014-06-17,1941.989990234375,12.0600004196167,12.35,13.45,15.2
2014-06-18,1956.97998046875,10.609999656677246,12.35,12.7,14.75
2014-06-19,1959.47998046875,10.619999885559082,12.8,13.8,15.5
2014-06-20,1962.8699951171875,10.850000381469728,12.9,13.9,15.6
2014-06-23,1962.6099853515625,10.979999542236328,12.6,13.7,15.45
2014-06-24,1949.97998046875,12.130000114440918,13.1,13.95,15.6
2014-06-25,1959.530029296875,11.59000015258789,12.65,13.6,15.3
2014-06-26,1957.219970703125,11.630000114440918,12.75,13.6,15.2
2014-06-27,1960.9599609375,11.260000228881836,12.65,13.5,15.25
2014-06-30,1960.22998046875,11.56999969482422,12.45,13.35,15.0
2014-07-01,1973.3199462890625,11.149999618530272,12.1,13.05,14.8
2014-07-02,1974.6199951171875,10.81999969482422,11.95,12.9,14.6
2014-07-03,1985.43994140625,10.31999969482422,11.8,12.8,14.5
2014-07-07,1977.6500244140625,11.329999923706056,12.15,13.05,14.75
2014-07-08,1963.7099609375,11.979999542236328,12.4,13.1,14.75
2014-07-09,1972.8299560546875,11.649999618530272,12.25,12.85,14.55
2014-07-10,1964.6800537109375,12.59000015258789,13.0,13.35,14.75
2014-07-11,1967.5699462890625,12.079999923706056,12.65,13.2,14.65
2014-07-14,1977.0999755859375,11.81999969482422,12.05,12.75,14.25
2014-07-15,1973.280029296875,11.960000038146973,12.2,13.0,14.35
2014-07-16,1981.5699462890625,11.0,12.2,12.7,14.4
2014-07-17,1958.1199951171875,14.539999961853027,13.7,14.25,15.3
2014-07-18,1978.219970703125,12.0600004196167,13.0,13.7,14.95
2014-07-21,1973.6300048828125,12.8100004196167,13.4,13.95,15.05
2014-07-22,1983.530029296875,12.239999771118164,13.0,13.7,14.95
2014-07-23,1987.010009765625,11.520000457763672,13.05,13.85,15.1
2014-07-24,1987.97998046875,11.84000015258789,13.2,14.05,15.2
2014-07-25,1978.3399658203125,12.6899995803833,13.5,14.3,15.35
2014-07-28,1978.9100341796875,12.5600004196167,13.35,14.15,15.25
2014-07-29,1969.949951171875,13.279999732971191,13.45,14.2,15.2
2014-07-30,1970.0699462890625,13.329999923706056,13.55,14.3,15.25
2014-07-31,1930.6700439453125,16.950000762939453,15.2,15.5,16.1
2014-08-01,1925.1500244140625,17.030000686645508,16.05,16.1,16.55
2014-08-04,1938.989990234375,15.119999885559082,14.95,15.35,16.05
2014-08-05,1920.2099609375,16.8700008392334,16.15,16.2,16.8
2014-08-06,1920.239990234375,16.3700008392334,16.2,16.3,16.9
2014-08-07,1909.5699462890625,16.65999984741211,16.65,16.65,17.3
2014-08-08,1931.5899658203125,15.770000457763672,16.0,16.15,16.9
2014-08-11,1936.9200439453125,14.229999542236328,14.8,15.3,16.3
2014-08-12,1933.75,14.130000114440918,14.65,15.15,16.2
2014-08-13,1946.719970703125,12.899999618530272,13.55,14.4,15.7
2014-08-14,1955.1800537109375,12.420000076293944,12.95,13.9,15.25
2014-08-15,1955.06005859375,13.149999618530272,13.25,13.9,15.2
2014-08-18,1971.739990234375,12.31999969482422,12.55,13.4,14.8
2014-08-19,1981.5999755859375,12.210000038146973,12.2,13.5,14.7
2014-08-20,1986.510009765625,11.779999732971191,12.2,13.5,14.8
2014-08-21,1992.3699951171875,11.760000228881836,13.4,14.15,15.2
2014-08-22,1988.4000244140625,11.470000267028809,13.5,14.25,15.25
2014-08-25,1997.9200439453125,11.699999809265137,13.35,14.15,15.2
2014-08-26,2000.02001953125,11.630000114440918,13.45,14.35,15.4
2014-08-27,2000.1199951171875,11.779999732971191,13.55,14.45,15.5
2014-08-28,1996.739990234375,12.050000190734863,13.6,14.45,15.5
2014-08-29,2003.3699951171875,12.09000015258789,13.8,14.55,15.55
2014-09-02,2002.280029296875,12.25,13.75,14.65,15.7
2014-09-03,2000.719970703125,12.359999656677246,13.5,14.5,15.6
2014-09-04,1997.6500244140625,12.640000343322754,13.55,14.45,15.55
2014-09-05,2007.7099609375,12.09000015258789,13.2,14.2,15.25
2014-09-08,2001.5400390625,12.65999984741211,13.35,14.25,15.25
2014-09-09,1988.43994140625,13.5,13.85,14.55,15.4
2014-09-10,1995.68994140625,12.880000114440918,13.7,14.5,15.4
2014-09-11,1997.449951171875,12.800000190734863,13.55,14.5,15.4
2014-09-12,1985.5400390625,13.3100004196167,14.05,14.8,15.6
2014-09-15,1984.1300048828125,14.119999885559082,14.4,15.2,15.95
2014-09-16,1998.97998046875,12.729999542236328,13.05,14.4,15.4
2014-09-17,2001.5699462890625,12.649999618530272,13.05,14.25,15.4
2014-09-18,2011.3599853515625,12.029999732971191,14.05,14.8,16.1
2014-09-19,2010.4000244140625,12.109999656677246,14.15,14.95,16.15
2014-09-22,1994.2900390625,13.6899995803833,14.9,15.45,16.45
2014-09-23,1982.77001953125,14.93000030517578,15.4,15.9,16.85
2014-09-24,1998.300048828125,13.270000457763672,14.65,15.35,16.55
2014-09-25,1965.989990234375,15.640000343322754,15.8,16.1,16.95
2014-09-26,1982.8499755859375,14.850000381469728,15.35,15.85,16.85
2014-09-29,1977.800048828125,15.979999542236328,16.25,16.55,17.35
2014-09-30,1972.2900390625,16.309999465942383,16.3,16.65,17.45
2014-10-01,1946.1600341796875,16.709999084472656,16.9,17.05,17.8
2014-10-02,1946.1700439453125,16.15999984741211,16.55,16.8,17.65
2014-10-03,1967.9000244140625,14.550000190734863,15.2,15.8,16.85
2014-10-06,1964.8199462890625,15.460000038146973,15.75,16.2,17.15
2014-10-07,1935.0999755859375,17.200000762939453,17.1,17.2,17.9
2014-10-08,1968.8900146484375,15.109999656677246,15.25,15.7,16.8
2014-10-09,1928.2099609375,18.760000228881836,17.2,17.0,17.6
2014-10-10,1906.1300048828125,21.239999771118164,19.8,18.65,18.85
2014-10-13,1874.739990234375,24.63999938964844,22.75,20.85,20.1
2014-10-14,1877.699951171875,22.790000915527344,20.9,19.75,19.35
2014-10-15,1862.489990234375,25.270000457763672,23.95,22.1,20.9
2014-10-16,1862.760009765625,25.200000762939453,22.3,21.05,20.2
2014-10-17,1886.760009765625,21.989999771118164,21.0,19.95,19.4
2014-10-20,1904.010009765625,18.56999969482422,18.5,18.3,18.75
2014-10-21,1941.280029296875,16.079999923706055,16.35,16.95,17.9
2014-10-22,1927.1099853515625,17.8700008392334,16.35,18.1,18.6
2014-10-23,1950.8199462890625,16.530000686645508,17.3,17.3,18.4
2014-10-24,1964.5799560546875,16.110000610351562,16.95,17.05,18.15
2014-10-27,1961.6300048828125,16.040000915527344,16.95,16.85,17.95
2014-10-28,1985.050048828125,14.390000343322754,15.7,15.9,17.2
2014-10-29,1982.300048828125,15.149999618530272,16.3,16.3,17.45
2014-10-30,1994.6500244140625,14.520000457763672,16.15,16.3,17.55
2014-10-31,2018.050048828125,14.029999732971191,15.8,16.05,17.4
2014-11-03,2017.81005859375,14.729999542236328,15.95,16.25,17.6
2014-11-04,2012.0999755859375,14.890000343322754,15.85,16.25,17.65
2014-11-05,2023.5699462890625,14.170000076293944,15.3,15.9,17.4
2014-11-06,2031.2099609375,13.670000076293944,14.9,15.45,17.0
2014-11-07,2031.9200439453125,13.119999885559082,14.8,15.5,17.0
2014-11-10,2038.260009765625,12.670000076293944,14.0,14.95,16.55
2014-11-11,2039.6800537109375,12.920000076293944,14.1,14.85,16.4
2014-11-12,2038.25,13.020000457763672,14.4,15.2,16.6
2014-11-13,2039.3299560546875,13.789999961853027,14.7,15.55,16.95
2014-11-14,2039.8199462890625,13.3100004196167,14.35,15.3,16.65
2014-11-17,2041.3199462890625,13.989999771118164,14.35,15.35,16.65
2014-11-18,2051.800048828125,13.859999656677246,14.0,15.3,16.7
2014-11-19,2048.719970703125,13.960000038146973,14.55,15.5,16.9
2014-11-20,2052.75,13.579999923706056,15.15,16.05,17.2
2014-11-21,2063.5,12.899999618530272,14.95,16.05,17.2
2014-11-24,2069.409912109375,12.619999885559082,14.55,15.85,17.15
2014-11-25,2067.030029296875,12.25,14.45,15.8,17.2
2014-11-26,2072.830078125,12.06999969482422,14.2,15.65,17.1
2014-11-28,2067.56005859375,13.329999923706056,14.85,15.95,17.2
2014-12-01,2053.43994140625,14.15999984741211,15.6,16.65,17.75
2014-12-02,2066.550048828125,12.850000381469728,14.25,15.55,16.95
2014-12-03,2074.330078125,12.5,14.25,15.65,16.95
2014-12-04,2071.919921875,12.380000114440918,13.95,15.45,16.85
2014-12-05,2075.3701171875,11.890000343322754,13.6,15.35,16.85
2014-12-08,2060.31005859375,14.210000038146973,14.7,16.15,17.35
2014-12-09,2059.820068359375,15.350000381469728,14.9,16.15,17.25
2014-12-10,2026.1400146484375,18.530000686645508,17.4,17.75,18.35
2014-12-11,2035.3299560546875,20.079999923706055,19.1,19.15,19.35
2014-12-12,2002.3299560546875,21.079999923706055,19.6,19.15,19.55
2014-12-15,1989.6300048828125,20.420000076293945,19.6,18.75,19.3
2014-12-16,1972.739990234375,23.56999969482422,23.1,20.1,20.05
2014-12-17,2012.8900146484375,19.440000534057617,23.1,17.65,18.3
2014-12-18,2061.22998046875,16.809999465942383,17.2,17.6,18.15
2014-12-19,2070.64990234375,16.489999771118164,16.55,17.15,17.9
2014-12-22,2078.5400390625,15.25,16.425,17.025,17.775
2014-12-23,2082.169921875,14.800000190734863,15.925,16.725,17.725
2014-12-24,2081.8798828125,14.369999885559082,16.225,16.925,17.825
2014-12-26,2088.77001953125,14.5,15.825,16.525,17.575
2014-12-29,2090.570068359375,15.0600004196167,16.075,16.725,17.625
2014-12-30,2080.35009765625,15.920000076293944,16.425,17.025,17.825
2014-12-31,2058.89990234375,19.200000762939453,18.025,18.225,18.625
2015-01-02,2058.199951171875,17.790000915527344,17.825,18.225,18.775
2015-01-05,2020.5799560546875,19.920000076293945,19.125,19.2,19.575
2015-01-06,2002.6099853515625,21.1200008392334,19.875,19.675,19.825
2015-01-07,2025.9000244140625,19.309999465942383,18.85,18.725,19.1
2015-01-08,2062.139892578125,17.010000228881836,17.675,17.775,18.275
2015-01-09,2044.81005859375,17.549999237060547,18.625,18.675,19.1
2015-01-12,2028.260009765625,19.600000381469727,19.575,19.375,19.475
2015-01-13,2023.030029296875,20.559999465942383,20.175,19.725,19.725
2015-01-14,2011.27001953125,21.479999542236328,20.575,19.875,19.725
2015-01-15,1992.6700439453125,22.38999938964844,21.475,20.775,20.325
2015-01-16,2019.4200439453125,20.950000762939453,20.625,20.125,20.075
2015-01-20,2022.550048828125,19.88999938964844,20.175,20.125,20.125
2015-01-21,2032.1199951171875,18.850000381469727,20.175,18.875,19.325
2015-01-22,2063.14990234375,16.399999618530273,17.875,18.125,18.825
2015-01-23,2051.820068359375,16.65999984741211,18.375,18.525,19.125
2015-01-26,2057.090087890625,15.520000457763672,17.225,17.625,18.525
2015-01-27,2029.550048828125,17.219999313354492,17.875,18.075,18.825
2015-01-28,2002.1600341796875,20.440000534057617,20.475,20.125,20.425
2015-01-29,2021.25,18.760000228881836,19.075,18.875,19.375
2015-01-30,1994.989990234375,20.969999313354492,21.025,20.25,20.325
2015-02-02,2020.8499755859375,19.43000030517578,19.975,19.625,19.875
2015-02-03,2050.030029296875,17.329999923706055,18.875,19.075,19.575
2015-02-04,2041.510009765625,18.329999923706055,19.775,19.825,20.125
2015-02-05,2062.52001953125,16.850000381469727,18.675,19.075,19.65
2015-02-06,2055.469970703125,17.290000915527344,19.175,19.55,19.9
2015-02-09,2046.739990234375,18.549999237060547,19.625,19.925,20.275
2015-02-10,2068.590087890625,17.229999542236328,18.575,19.15,19.775
2015-02-11,2068.530029296875,16.959999084472656,18.425,19.075,19.675
2015-02-12,2088.47998046875,15.34000015258789,16.875,18.225,19.1
2015-02-13,2096.989990234375,14.6899995803833,16.5,18.15,18.875
2015-02-17,2100.340087890625,15.800000190734863,16.2,18.25,19.075
2015-02-18,2099.679931640625,15.449999809265137,16.2,17.875,18.975
2015-02-19,2097.449951171875,15.289999961853027,17.625,18.525,19.275
2015-02-20,2110.300048828125,14.300000190734863,16.925,17.85,18.825
2015-02-23,2109.659912109375,14.5600004196167,17.025,17.975,18.875
2015-02-24,2115.47998046875,13.6899995803833,16.125,17.325,18.275
2015-02-25,2113.860107421875,13.84000015258789,16.425,17.675,18.475
2015-02-26,2110.739990234375,13.90999984741211,16.025,17.475,18.275
2015-02-27,2104.5,13.34000015258789,15.825,17.375,18.175
2015-03-02,2117.389892578125,13.039999961853027,15.325,16.975,17.775
2015-03-03,2107.780029296875,13.859999656677246,15.775,17.325,17.975
2015-03-04,2098.530029296875,14.229999542236328,15.725,17.325,17.925
2015-03-05,2101.0400390625,14.039999961853027,15.325,17.075,17.725
2015-03-06,2071.260009765625,15.199999809265137,16.225,17.775,18.175
2015-03-09,2079.429931640625,15.0600004196167,15.825,17.575,18.075
2015-03-10,2044.1600341796875,16.690000534057617,16.925,18.375,18.675
2015-03-11,2040.239990234375,16.8700008392334,17.225,18.525,18.925
2015-03-12,2065.949951171875,15.420000076293944,15.875,17.425,18.225
2015-03-13,2053.39990234375,16.0,16.425,17.875,18.475
2015-03-16,2081.18994140625,15.609999656677246,16.125,17.475,18.225
2015-03-17,2074.280029296875,15.65999984741211,15.625,17.375,18.225
2015-03-18,2099.5,13.970000267028809,15.67,16.525,17.775
2015-03-19,2089.27001953125,14.06999969482422,16.525,17.675,18.425
2015-03-20,2108.10009765625,13.020000457763672,16.175,17.625,18.425
2015-03-23,2104.419921875,13.40999984741211,16.075,17.625,18.425
2015-03-24,2091.5,13.619999885559082,15.875,17.575,18.375
2015-03-25,2061.050048828125,15.4399995803833,16.575,18.075,18.775
2015-03-26,2056.14990234375,15.800000190734863,16.475,17.825,18.625
2015-03-27,2061.02001953125,15.06999969482422,16.225,17.725,18.525
2015-03-30,2086.239990234375,14.510000228881836,15.775,17.375,18.425
2015-03-31,2067.889892578125,15.289999961853027,16.275,17.825,18.675
2015-04-01,2059.68994140625,15.109999656677246,16.025,17.675,18.675
2015-04-02,2066.9599609375,14.670000076293944,15.625,17.475,18.625
2015-04-06,2080.6201171875,14.739999771118164,15.275,17.125,18.275
2015-04-07,2076.330078125,14.779999732971191,15.275,17.075,18.225
2015-04-08,2081.89990234375,13.979999542236328,14.825,16.725,18.125
2015-04-09,2091.179931640625,13.09000015258789,14.075,16.175,17.725
2015-04-10,2102.06005859375,12.579999923706056,13.425,15.425,17.175
2015-04-13,2092.429931640625,13.9399995803833,14.325,16.075,17.575
2015-04-14,2095.840087890625,13.670000076293944,13.575,15.625,17.475
2015-04-15,2106.6298828125,12.84000015258789,13.575,15.325,17.325
2015-04-16,2104.989990234375,12.600000381469728,15.125,16.475,17.775
2015-04-17,2081.179931640625,13.890000343322754,15.675,16.875,18.025
2015-04-20,2100.39990234375,13.300000190734863,15.175,16.575,17.775
2015-04-21,2097.2900390625,13.25,15.125,16.525,17.725
2015-04-22,2107.9599609375,12.710000038146973,14.925,16.325,17.6
2015-04-23,2112.929931640625,12.479999542236328,14.725,16.175,17.475
2015-04-24,2117.68994140625,12.289999961853027,14.625,16.175,17.475
2015-04-27,2108.919921875,13.119999885559082,15.125,16.475,17.675
2015-04-28,2114.760009765625,12.40999984741211,14.475,15.975,17.325
2015-04-29,2106.85009765625,13.390000343322754,15.075,16.475,17.675
2015-04-30,2085.510009765625,14.550000190734863,15.525,16.625,17.775
2015-05-01,2108.2900390625,12.699999809265137,14.475,15.975,17.275
2015-05-04,2114.489990234375,12.850000381469728,14.475,15.975,17.275
2015-05-05,2089.4599609375,14.3100004196167,15.225,16.525,17.625
2015-05-06,2080.14990234375,15.149999618530272,15.675,16.675,17.725
2015-05-07,2088.0,15.130000114440918,15.425,16.475,17.575
2015-05-08,2116.10009765625,12.859999656677246,14.375,15.95,17.275
2015-05-11,2105.330078125,13.850000381469728,14.925,16.375,17.575
2015-05-12,2099.1201171875,13.859999656677246,14.625,16.125,17.425
2015-05-13,2098.47998046875,13.760000228881836,14.325,15.925,17.275
2015-05-14,2121.10009765625,12.739999771118164,13.725,15.625,17.125
2015-05-15,2122.72998046875,12.380000114440918,13.675,15.525,17.025
2015-05-18,2129.199951171875,12.729999542236328,13.275,14.975,16.625
2015-05-19,2127.830078125,12.850000381469728,13.125,14.875,16.475
2015-05-20,2125.85009765625,12.880000114440918,13.125,14.875,16.55
2015-05-21,2130.820068359375,12.109999656677246,14.325,15.525,16.8
2015-05-22,2126.06005859375,12.130000114440918,14.425,15.725,16.975
2015-05-26,2104.199951171875,14.0600004196167,14.925,15.975,17.075
2015-05-27,2123.47998046875,13.270000457763672,14.525,15.675,16.925
2015-05-28,2120.7900390625,13.3100004196167,14.475,15.725,16.975
2015-05-29,2107.389892578125,13.84000015258789,14.625,15.825,17.025
2015-06-01,2111.72998046875,13.970000267028809,14.575,15.775,16.925
2015-06-02,2109.60009765625,14.239999771118164,14.875,16.025,17.225
2015-06-03,2114.070068359375,13.65999984741211,14.375,15.675,16.925
2015-06-04,2095.840087890625,14.710000038146973,14.975,16.075,17.275
2015-06-05,2092.830078125,14.210000038146973,14.725,15.975,17.275
2015-06-08,2079.280029296875,15.289999961853027,15.225,16.275,17.425
2015-06-09,2080.14990234375,14.470000267028809,14.825,16.05,17.325
2015-06-10,2105.199951171875,13.220000267028809,13.875,15.425,16.825
2015-06-11,2108.860107421875,12.850000381469728,13.525,15.125,16.625
2015-06-12,2094.110107421875,13.779999732971191,14.2,15.375,16.775
2015-06-15,2084.429931640625,15.390000343322754,15.475,16.025,17.175
2015-06-16,2096.2900390625,14.8100004196167,14.925,15.65,16.975
2015-06-17,2100.43994140625,14.5,14.925,15.625,17.025
2015-06-18,2121.239990234375,13.1899995803833,14.975,15.925,17.225
2015-06-19,2109.989990234375,13.960000038146973,15.425,16.325,17.475
2015-06-22,2122.85009765625,12.739999771118164,14.525,15.575,16.925
2015-06-23,2124.199951171875,12.109999656677246,14.075,15.275,16.725
2015-06-24,2108.580078125,13.260000228881836,14.575,15.625,16.925
2015-06-25,2102.31005859375,14.010000228881836,14.625,15.625,16.925
2015-06-26,2101.489990234375,14.020000457763672,14.525,15.475,16.725
2015-06-29,2057.639892578125,18.850000381469727,17.375,17.425,17.925
2015-06-30,2063.110107421875,18.229999542236328,17.325,17.375,17.925
2015-07-01,2077.419921875,16.09000015258789,15.925,16.175,16.925
2015-07-02,2076.780029296875,16.790000915527344,16.925,17.025,17.55
2015-07-06,2068.760009765625,17.010000228881836,17.225,17.375,17.9
2015-07-07,2081.340087890625,16.09000015258789,16.325,16.675,17.425
2015-07-08,2046.6800537109375,19.65999984741211,18.425,18.175,18.325
2015-07-09,2051.31005859375,19.969999313354492,18.825,18.675,18.675
2015-07-10,2076.6201171875,16.829999923706055,16.775,17.175,17.875
2015-07-13,2099.60009765625,13.899999618530272,14.475,15.575,16.725
2015-07-14,2108.949951171875,13.369999885559082,14.075,15.575,16.825
2015-07-15,2107.39990234375,13.229999542236328,13.975,15.35,16.625
2015-07-16,2124.2900390625,12.109999656677246,12.925,14.475,16.175
2015-07-17,2126.639892578125,11.949999809265137,12.925,14.425,16.1
2015-07-20,2128.280029296875,12.25,12.525,14.225,15.925
2015-07-21,2119.2099609375,12.220000267028809,12.375,14.225,15.975
2015-07-22,2114.14990234375,12.119999885559082,12.375,14.175,16.075
2015-07-23,2102.14990234375,12.640000343322754,14.275,15.425,16.625
2015-07-24,2079.64990234375,13.739999771118164,14.9,15.8,16.825
2015-07-27,2067.639892578125,15.600000381469728,15.775,16.325,17.075
2015-07-28,2093.25,13.4399995803833,14.375,15.475,16.575
2015-07-29,2108.570068359375,12.5,14.075,15.375,16.625
2015-07-30,2108.6298828125,12.130000114440918,13.925,15.325,16.575
2015-07-31,2103.840087890625,12.119999885559082,13.975,15.325,16.55
2015-08-03,2098.0400390625,12.5600004196167,13.875,15.125,16.325
2015-08-04,2093.320068359375,13.0,14.125,15.225,16.425
2015-08-05,2099.840087890625,12.510000228881836,13.925,15.175,16.425
2015-08-06,2083.56005859375,13.770000457763672,14.475,15.425,16.525
2015-08-07,2077.570068359375,13.390000343322754,14.275,15.225,16.325
2015-08-10,2104.179931640625,12.229999542236328,13.575,14.875,16.175
2015-08-11,2084.070068359375,13.710000038146973,14.475,15.475,16.525
2015-08-12,2086.050048828125,13.609999656677246,14.325,15.275,16.475
2015-08-13,2083.389892578125,13.489999771118164,14.175,15.075,16.375
2015-08-14,2091.5400390625,12.829999923706056,14.275,15.125,16.325
2015-08-17,2102.43994140625,13.020000457763672,13.825,15.025,16.225
2015-08-18,2096.919921875,13.789999961853027,14.275,15.175,16.475
2015-08-19,2079.610107421875,15.25,14.275,15.725,16.725
2015-08-20,2035.72998046875,19.13999938964844,17.325,17.325,17.575
2015-08-21,1970.8900146484375,28.030000686645508,19.9,18.625,18.275
2015-08-24,1893.2099609375,40.7400016784668,25.125,22.5,20.7
2015-08-25,1867.6099853515625,36.02000045776367,25.325,22.55,20.8
2015-08-26,1940.510009765625,30.31999969482422,23.725,21.475,20.075
2015-08-27,1987.6600341796875,26.100000381469727,24.175,21.55,20.2
2015-08-28,1988.8699951171875,26.049999237060547,24.425,21.875,21.0
2015-08-31,1972.1800537109375,28.43000030517578,26.425,23.425,22.125
2015-09-01,1913.8499755859375,31.399999618530273,29.725,25.825,23.95
2015-09-02,1948.8599853515625,26.09000015258789,25.975,23.875,22.775
2015-09-03,1951.1300048828125,25.61000061035156,25.625,23.875,22.95
2015-09-04,1921.219970703125,27.799999237060547,28.025,25.775,24.0
2015-09-08,1969.4100341796875,24.899999618530273,24.625,23.575,22.675
2015-09-09,1942.0400390625,26.229999542236328,25.825,24.225,23.025
2015-09-10,1952.2900390625,24.3700008392334,24.7,23.375,22.575
2015-09-11,1961.050048828125,23.200000762939453,23.8,22.925,22.35
2015-09-14,1953.030029296875,24.25,23.725,22.875,22.375
2015-09-15,1978.0899658203125,22.540000915527344,22.575,20.425,20.625
2015-09-16,1995.31005859375,21.350000381469727,22.575,18.975,19.275
2015-09-17,1990.199951171875,21.13999938964844,20.425,20.075,20.225
2015-09-18,1958.030029296875,22.280000686645508,21.525,20.975,21.025
2015-09-21,1966.969970703125,20.13999938964844,19.675,19.825,20.175
2015-09-22,1942.739990234375,22.440000534057617,21.775,21.125,21.075
2015-09-23,1938.760009765625,22.1299991607666,21.125,20.675,20.725
2015-09-24,1932.239990234375,23.469999313354492,21.875,21.175,21.225
2015-09-25,1931.3399658203125,23.6200008392334,22.325,21.675,21.575
2015-09-28,1881.77001953125,27.6299991607666,24.075,22.725,22.225
2015-09-29,1884.0899658203125,26.829999923706055,23.875,22.675,22.325
2015-09-30,1920.030029296875,24.5,23.025,22.125,21.975
2015-10-01,1923.8199462890625,22.549999237060547,22.225,21.425,21.525
2015-10-02,1951.3599853515625,20.940000534057617,21.075,20.475,20.775
2015-10-05,1987.050048828125,19.540000915527344,19.875,19.475,19.925
2015-10-06,1979.9200439453125,19.399999618530273,20.325,19.925,20.325
2015-10-07,1995.8299560546875,18.399999618530273,19.475,19.175,19.675
2015-10-08,2013.4300537109375,17.420000076293945,18.425,18.525,19.275
2015-10-09,2014.8900146484375,17.079999923706055,18.175,18.375,19.325
2015-10-12,2017.4599609375,16.170000076293945,16.725,17.175,18.325
2015-10-13,2003.68994140625,17.670000076293945,18.275,18.675,19.475
2015-10-14,1994.239990234375,18.030000686645508,18.325,18.725,19.725
2015-10-15,2023.8599853515625,16.049999237060547,16.575,17.175,18.475
2015-10-16,2033.1099853515625,15.050000190734863,16.1,17.075,18.525
2015-10-19,2033.6600341796875,14.979999542236328,15.275,15.95,17.675
2015-10-20,2030.77001953125,15.75,16.075,17.025,18.425
2015-10-21,2018.93994140625,16.700000762939453,14.91,18.225,19.225
2015-10-22,2052.510009765625,14.449999809265137,16.025,16.825,18.175
2015-10-23,2075.14990234375,14.460000038146973,16.6,17.225,18.475
2015-10-26,2071.179931640625,15.289999961853027,16.925,17.525,18.8
2015-10-27,2065.889892578125,15.43000030517578,16.475,17.175,18.475
2015-10-28,2090.35009765625,14.329999923706056,15.975,16.825,18.175
2015-10-29,2089.409912109375,14.609999656677246,16.175,16.975,18.375
2015-10-30,2079.360107421875,15.06999969482422,16.625,17.325,18.675
2015-11-02,2104.050048828125,14.149999618530272,15.875,16.625,18.025
2015-11-03,2109.7900390625,14.539999961853027,16.125,16.925,18.275
2015-11-04,2102.31005859375,15.510000228881836,16.725,17.425,18.625
2015-11-05,2099.929931640625,15.050000190734863,16.025,16.825,18.225
2015-11-06,2099.199951171875,14.329999923706056,15.675,16.475,17.975
2015-11-09,2078.580078125,16.520000457763672,17.025,17.475,18.525
2015-11-10,2081.719970703125,15.289999961853027,16.225,16.925,18.225
2015-11-11,2075.0,16.059999465942383,16.775,17.375,18.475
2015-11-12,2045.969970703125,18.3700008392334,18.575,18.725,19.525
2015-11-13,2023.0400390625,20.079999923706055,20.325,19.875,20.375
2015-11-16,2053.18994140625,18.15999984741211,18.075,17.875,18.875
2015-11-17,2050.43994140625,18.84000015258789,18.975,18.525,19.175
2015-11-18,2083.580078125,16.850000381469727,18.975,17.775,18.775
2015-11-19,2081.239990234375,16.989999771118164,18.175,18.825,19.475
2015-11-20,2089.169921875,15.470000267028809,17.425,18.275,19.175
2015-11-23,2086.590087890625,15.619999885559082,17.025,17.825,18.775
2015-11-24,2089.139892578125,15.93000030517578,17.425,18.325,19.225
2015-11-25,2088.8701171875,15.1899995803833,16.775,17.775,18.875
2015-11-27,2090.110107421875,15.119999885559082,17.175,18.025,18.975
2015-11-30,2080.409912109375,16.1299991607666,16.975,17.775,18.775
2015-12-01,2102.6298828125,14.670000076293944,16.125,17.125,18.225
2015-12-02,2079.510009765625,15.90999984741211,16.775,17.575,18.525
2015-12-03,2049.6201171875,18.11000061035156,18.325,18.525,19.225
2015-12-04,2091.68994140625,14.8100004196167,16.225,17.325,18.35
2015-12-07,2077.070068359375,15.84000015258789,16.525,17.525,18.425
2015-12-08,2063.590087890625,17.600000381469727,17.775,18.325,18.975
2015-12-09,2047.6199951171875,19.61000061035156,18.975,19.025,19.425
2015-12-10,2052.22998046875,19.34000015258789,19.325,19.125,19.625
2015-12-11,2012.3699951171875,24.38999938964844,23.65,21.925,21.425
2015-12-14,2021.93994140625,22.729999542236328,22.425,20.425,20.425
2015-12-15,2043.4100341796875,20.950000762939453,20.625,18.875,19.375
2015-12-16,2073.070068359375,17.860000610351562,20.625,18.125,18.925
2015-12-17,2041.8900146484375,18.940000534057617,19.275,19.575,20.075
2015-12-18,2005.550048828125,20.700000762939453,20.425,20.575,20.825
2015-12-21,2021.1500244140625,18.700000762939453,18.825,19.275,19.875
2015-12-22,2038.969970703125,16.600000381469727,17.825,18.475,19.275
2015-12-23,2064.2900390625,15.56999969482422,17.875,18.575,19.325
2015-12-24,2060.989990234375,15.739999771118164,18.225,18.825,19.475
2015-12-28,2056.5,16.90999984741211,17.825,18.325,18.975
2015-12-29,2078.360107421875,16.079999923706055,17.475,18.075,18.725
2015-12-30,2063.360107421875,17.290000915527344,18.35,18.775,19.275
2015-12-31,2043.93994140625,18.209999084472656,18.525,18.875,19.35
2016-01-04,2012.6600341796875,20.700000762939453,19.825,19.525,19.775
2016-01-05,2016.7099609375,19.34000015258789,19.425,19.275,19.475
2016-01-06,1990.260009765625,20.59000015258789,20.325,19.825,19.875
2016-01-07,1943.0899658203125,24.989999771118164,23.525,21.775,21.125
2016-01-08,1922.030029296875,27.010000228881836,25.275,23.075,22.1
2016-01-11,1923.6700439453125,24.299999237060547,23.475,21.975,21.625
2016-01-12,1938.6800537109375,22.469999313354492,22.075,21.075,20.825
2016-01-13,1890.280029296875,25.219999313354492,24.725,23.125,22.375
2016-01-14,1921.8399658203125,23.950000762939453,23.575,22.275,21.8
2016-01-15,1880.3299560546875,27.020000457763672,26.475,24.35,23.35
2016-01-19,1881.3299560546875,26.049999237060547,25.85,24.025,23.125
2016-01-20,1859.3299560546875,27.59000015258789,27.4,24.725,23.575
2016-01-21,1868.989990234375,26.690000534057617,25.075,24.075,23.325
2016-01-22,1906.9000244140625,22.34000015258789,22.725,22.175,21.875
2016-01-25,1877.0799560546875,24.149999618530273,24.025,23.175,22.625
2016-01-26,1903.6300048828125,22.5,22.925,22.225,21.925
2016-01-27,1882.949951171875,23.11000061035156,23.775,22.925,22.475
2016-01-28,1893.3599853515625,22.420000076293945,23.275,22.475,22.125
2016-01-29,1940.239990234375,20.200000762939453,21.625,21.325,21.325
2016-02-01,1939.3800048828125,19.979999542236328,21.525,21.225,21.125
2016-02-02,1903.030029296875,21.979999542236328,23.175,22.425,22.0
2016-02-03,1912.530029296875,21.649999618530273,22.775,22.175,21.9
2016-02-04,1915.449951171875,21.84000015258789,23.075,22.475,22.175
2016-02-05,1880.050048828125,23.3799991607666,24.125,23.05,22.625
2016-02-08,1853.43994140625,26.0,25.425,23.975,23.175
2016-02-09,1852.2099609375,26.540000915527344,26.125,24.475,23.575
2016-02-10,1851.8599853515625,26.290000915527344,26.275,24.625,23.675
2016-02-11,1829.0799560546875,28.13999938964844,28.125,25.775,24.725
2016-02-12,1864.780029296875,25.399999618530273,26.875,25.125,24.525
2016-02-16,1895.5799560546875,24.11000061035156,24.725,23.825,23.725
2016-02-17,1926.8199462890625,22.309999465942383,24.725,22.925,23.075
2016-02-18,1917.8299560546875,21.63999938964844,22.775,23.175,23.175
2016-02-19,1917.780029296875,20.530000686645508,22.375,22.75,22.875
2016-02-22,1945.5,19.3799991607666,21.025,21.625,22.025
2016-02-23,1921.27001953125,20.979999542236328,22.175,22.525,22.675
2016-02-24,1929.800048828125,20.719999313354492,21.775,22.125,22.425
2016-02-25,1951.699951171875,19.11000061035156,20.825,21.425,21.975
2016-02-26,1948.050048828125,19.809999465942383,21.475,21.825,22.275
2016-02-29,1932.22998046875,20.549999237060547,21.775,22.175,22.575
2016-03-01,1978.3499755859375,17.700000762939453,19.425,20.325,21.175
2016-03-02,1986.449951171875,17.09000015258789,19.275,20.275,21.075
2016-03-03,1993.4000244140625,16.700000762939453,18.325,19.525,20.475
2016-03-04,1999.989990234375,16.860000610351562,18.925,20.025,20.875
2016-03-07,2001.760009765625,17.350000381469727,18.575,19.825,20.675
2016-03-08,1979.260009765625,18.670000076293945,19.625,20.675,21.325
2016-03-09,1989.260009765625,18.34000015258789,19.075,20.125,20.975
2016-03-10,1989.5699462890625,18.049999237060547,18.95,19.925,20.825
2016-03-11,2022.18994140625,16.5,17.625,19.1,20.275
2016-03-14,2019.6400146484375,16.920000076293945,17.425,18.825,19.975
2016-03-15,2015.9300537109375,16.84000015258789,16.9,19.075,20.325
2016-03-16,2027.219970703125,14.989999771118164,16.9,18.275,19.825
2016-03-17,2040.5899658203125,14.4399995803833,17.775,18.825,20.075
2016-03-18,2049.580078125,14.020000457763672,17.725,18.875,20.125
2016-03-21,2051.60009765625,13.789999961853027,16.975,18.375,19.75
2016-03-22,2049.800048828125,14.170000076293944,16.825,18.375,19.775
2016-03-23,2036.7099609375,14.9399995803833,17.725,19.225,20.425
2016-03-24,2035.93994140625,14.739999771118164,17.375,19.075,20.325
2016-03-28,2037.050048828125,15.239999771118164,17.125,18.775,20.075
2016-03-29,2055.010009765625,13.81999969482422,16.075,17.825,19.375
2016-03-30,2063.949951171875,13.5600004196167,15.85,17.475,19.075
2016-03-31,2059.739990234375,13.949999809265137,15.925,17.625,19.075
2016-04-01,2072.780029296875,13.100000381469728,15.425,17.175,18.725
2016-04-04,2066.1298828125,14.119999885559082,15.925,17.625,19.025
2016-04-05,2045.1700439453125,15.420000076293944,16.775,18.425,19.625
2016-04-06,2066.659912109375,14.09000015258789,15.625,17.425,18.975
2016-04-07,2041.9100341796875,16.15999984741211,17.275,18.875,20.075
2016-04-08,2047.5999755859375,15.359999656677246,16.675,18.525,19.875
2016-04-11,2041.989990234375,16.260000228881836,17.075,19.025,20.325
2016-04-12,2061.719970703125,14.850000381469728,15.925,18.275,19.875
2016-04-13,2082.419921875,13.84000015258789,14.825,17.475,19.4
2016-04-14,2082.780029296875,13.720000267028809,14.675,17.275,19.325
2016-04-15,2080.72998046875,13.619999885559082,14.725,17.075,19.275
2016-04-18,2094.340087890625,13.350000381469728,13.825,16.225,18.375
2016-04-19,2100.800048828125,13.239999771118164,13.25,16.225,18.525
2016-04-20,2102.39990234375,13.279999732971191,13.25,16.425,18.775
2016-04-21,2091.47998046875,13.949999809265137,16.775,18.475,19.675
2016-04-22,2091.580078125,13.220000267028809,16.175,18.025,19.375
2016-04-25,2087.7900390625,14.079999923706056,16.225,18.175,19.475
2016-04-26,2091.699951171875,13.960000038146973,15.925,18.025,19.375
2016-04-27,2095.14990234375,13.770000457763672,15.475,17.625,19.025
2016-04-28,2075.81005859375,15.220000267028809,16.475,18.475,19.675
2016-04-29,2065.300048828125,15.699999809265137,16.875,18.975,20.075
2016-05-02,2081.429931640625,14.68000030517578,15.775,18.175,19.575
2016-05-03,2063.3701171875,15.600000381469728,16.625,18.925,20.125
2016-05-04,2051.1201171875,16.049999237060547,16.875,19.075,20.325
2016-05-05,2050.6298828125,15.90999984741211,16.725,19.075,20.325
2016-05-06,2057.139892578125,14.720000267028809,15.725,18.325,19.875
2016-05-09,2058.68994140625,14.56999969482422,15.475,18.025,19.725
2016-05-10,2084.389892578125,13.630000114440918,14.525,17.125,19.05
2016-05-11,2064.4599609375,14.6899995803833,15.625,17.975,19.625
2016-05-12,2064.110107421875,14.40999984741211,15.225,17.475,19.325
2016-05-13,2046.6099853515625,15.039999961853027,15.875,18.075,19.675
2016-05-16,2066.659912109375,14.68000030517578,15.125,17.425,19.15
2016-05-17,2047.2099609375,15.56999969482422,15.425,18.0,19.775
2016-05-18,2047.6300048828125,15.949999809265137,15.425,18.075,19.875
2016-05-19,2040.0400390625,16.329999923706055,17.975,19.325,20.525
2016-05-20,2052.320068359375,15.199999809265137,17.325,18.95,20.325
2016-05-23,2048.0400390625,15.81999969482422,17.575,19.075,20.225
2016-05-24,2076.06005859375,14.420000076293944,16.475,18.225,19.625
2016-05-25,2090.5400390625,13.899999618530272,16.175,18.025,19.525
2016-05-26,2090.10009765625,13.43000030517578,15.825,17.825,19.375
2016-05-27,2099.06005859375,13.119999885559082,15.375,17.625,19.225
2016-05-31,2096.949951171875,14.1899995803833,15.275,17.475,19.075
2016-06-01,2099.330078125,14.199999809265137,15.275,17.525,19.075
2016-06-02,2105.260009765625,13.630000114440918,14.825,17.175,18.925
2016-06-03,2099.1298828125,13.470000267028809,14.725,17.125,18.925
2016-06-06,2109.409912109375,13.649999618530272,14.475,16.875,18.925
2016-06-07,2112.1298828125,14.050000190734863,14.725,16.875,19.0
2016-06-08,2119.1201171875,14.079999923706056,14.975,16.875,19.075
2016-06-09,2115.47998046875,14.640000343322754,15.475,17.175,19.425
2016-06-10,2096.070068359375,17.030000686645508,17.525,18.425,20.15
2016-06-13,2079.06005859375,20.969999313354492,21.325,21.225,21.675
2016-06-14,2075.320068359375,20.5,20.575,20.875,21.375
2016-06-15,2071.5,20.13999938964844,20.575,20.575,21.175
2016-06-16,2077.989990234375,19.3700008392334,20.025,20.425,21.125
2016-06-17,2071.219970703125,19.40999984741211,20.075,20.475,21.225
2016-06-20,2083.25,18.3700008392334,18.475,19.275,20.325
2016-06-21,2088.89990234375,18.479999542236328,18.675,19.325,20.275
2016-06-22,2085.449951171875,21.170000076293945,19.425,19.675,20.25
2016-06-23,2113.320068359375,17.25,16.675,17.625,18.975
2016-06-24,2037.4100341796875,25.760000228881836,22.65,22.125,22.0
2016-06-27,2000.5400390625,23.850000381469727,23.65,23.025,22.9
2016-06-28,2036.0899658203125,18.75,18.875,19.375,20.525
2016-06-29,2070.77001953125,16.639999389648438,17.475,18.55,19.925
2016-06-30,2098.860107421875,15.630000114440918,16.975,18.325,19.775
2016-07-01,2102.949951171875,14.770000457763672,16.775,18.25,19.925
2016-07-05,2088.550048828125,15.579999923706056,16.825,18.325,19.975
2016-07-06,2099.72998046875,14.960000038146973,16.175,17.825,19.725
2016-07-07,2097.89990234375,14.760000228881836,15.925,17.675,19.625
2016-07-08,2129.89990234375,13.199999809265137,14.775,16.775,19.15
2016-07-11,2137.159912109375,13.539999961853027,14.625,16.725,19.025
2016-07-12,2152.139892578125,13.550000190734863,14.275,16.225,18.725
2016-07-13,2152.429931640625,13.039999961853027,14.175,16.225,18.625
2016-07-14,2163.75,12.81999969482422,14.025,16.125,18.525
2016-07-15,2161.739990234375,12.670000076293944,13.825,16.325,18.725
2016-07-18,2166.889892578125,12.4399995803833,13.075,15.725,18.425
2016-07-19,2163.780029296875,11.970000267028809,12.225,15.675,18.525
2016-07-20,2173.02001953125,11.770000457763672,11.62,15.475,18.475
2016-07-21,2165.169921875,12.739999771118164,15.825,17.775,19.275
2016-07-22,2175.030029296875,12.020000457763672,15.375,17.525,19.025
2016-07-25,2168.47998046875,12.869999885559082,15.325,17.575,19.125
2016-07-26,2169.179931640625,13.050000190734863,15.175,17.475,19.025
2016-07-27,2166.580078125,12.829999923706056,14.775,17.275,18.875
2016-07-28,2170.06005859375,12.720000267028809,14.375,16.925,18.625
2016-07-29,2173.60009765625,11.869999885559082,13.825,16.425,18.225
2016-08-01,2170.840087890625,12.4399995803833,13.625,16.225,18.125
2016-08-02,2157.030029296875,13.369999885559082,14.225,16.625,18.575
2016-08-03,2163.7900390625,12.859999656677246,13.825,16.275,18.375
2016-08-04,2164.25,12.420000076293944,13.425,15.875,18.225
2016-08-05,2182.8701171875,11.390000343322754,12.875,15.325,17.975
2016-08-08,2180.889892578125,11.5,12.475,15.125,17.725
2016-08-09,2181.739990234375,11.65999984741211,12.375,14.875,17.475
2016-08-10,2175.489990234375,12.050000190734863,12.875,15.175,17.625
2016-08-11,2185.7900390625,11.68000030517578,12.625,15.075,17.625
2016-08-12,2184.050048828125,11.550000190734863,12.325,14.975,17.625
2016-08-15,2190.14990234375,11.8100004196167,12.225,14.825,17.525
2016-08-16,2178.14990234375,12.640000343322754,12.825,15.325,17.875
2016-08-17,2182.219970703125,12.1899995803833,12.825,14.825,17.675
2016-08-18,2187.02001953125,11.43000030517578,14.575,16.575,18.075
2016-08-19,2183.8701171875,11.34000015258789,14.675,16.675,18.175
2016-08-22,2182.639892578125,12.270000457763672,14.725,16.775,18.225
2016-08-23,2186.89990234375,12.380000114440918,14.675,16.875,18.325
2016-08-24,2175.43994140625,13.449999809265137,15.125,17.125,18.425
2016-08-25,2172.469970703125,13.630000114440918,14.975,16.925,18.275
2016-08-26,2169.0400390625,13.649999618530272,15.125,17.025,18.425
2016-08-29,2180.3798828125,12.9399995803833,14.675,16.825,18.275
2016-08-30,2176.1201171875,13.119999885559082,14.525,16.775,18.225
2016-08-31,2170.949951171875,13.420000076293944,14.575,16.725,18.175
2016-09-01,2170.860107421875,13.479999542236328,14.575,16.675,18.125
2016-09-02,2179.97998046875,11.979999542236328,13.925,16.375,18.075
2016-09-06,2186.47998046875,12.020000457763672,13.375,15.875,17.725
2016-09-07,2186.159912109375,11.9399995803833,13.225,15.775,17.675
2016-09-08,2181.300048828125,12.510000228881836,13.375,15.925,17.825
2016-09-09,2127.81005859375,17.5,16.475,17.875,19.075
2016-09-12,2159.0400390625,15.15999984741211,15.325,16.925,18.475
2016-09-13,2127.02001953125,17.850000381469727,17.775,18.325,18.975
2016-09-14,2125.77001953125,18.13999938964844,18.375,18.875,19.425
2016-09-15,2147.260009765625,16.299999237060547,17.075,18.225,19.075
2016-09-16,2139.159912109375,15.369999885559082,16.025,17.525,18.725
2016-09-19,2139.1201171875,15.529999732971191,15.675,17.125,18.525
2016-09-20,2139.760009765625,15.920000076293944,15.875,17.425,18.725
2016-09-21,2163.1201171875,13.300000190734863,15.875,16.075,18.125
2016-09-22,2177.179931640625,12.020000457763672,15.325,16.875,18.875
2016-09-23,2164.68994140625,12.289999961853027,15.575,17.075,18.925
2016-09-26,2146.10009765625,14.5,16.275,17.375,19.025
2016-09-27,2159.929931640625,13.100000381469728,15.525,16.875,18.625
2016-09-28,2171.3701171875,12.390000343322754,15.225,16.725,18.5
2016-09-29,2151.1298828125,14.020000457763672,15.925,17.025,18.7
2016-09-30,2168.27001953125,13.289999961853027,15.775,16.95,18.5
2016-10-03,2161.199951171875,13.56999969482422,15.475,16.775,18.375
2016-10-04,2150.489990234375,13.630000114440918,15.325,16.625,18.175
2016-10-05,2159.72998046875,12.989999771118164,15.125,16.675,18.325
2016-10-06,2160.77001953125,12.84000015258789,14.975,16.525,18.275
2016-10-07,2153.739990234375,13.479999542236328,15.325,16.725,18.425
2016-10-10,2163.659912109375,13.380000114440918,14.675,16.325,18.125
2016-10-11,2136.72998046875,15.359999656677246,15.825,16.975,18.525
2016-10-12,2139.179931640625,15.90999984741211,16.325,17.225,18.725
2016-10-13,2132.550048828125,16.690000534057617,17.025,17.525,18.925
2016-10-14,2132.97998046875,16.1200008392334,16.625,17.325,18.775
2016-10-17,2126.5,16.209999084472656,16.525,17.125,18.575
2016-10-18,2139.60009765625,15.279999732971191,15.675,16.625,18.375
2016-10-19,2144.2900390625,14.40999984741211,15.675,16.075,18.125
2016-10-20,2141.340087890625,13.75,15.775,16.675,18.575
2016-10-21,2141.159912109375,13.34000015258789,15.575,16.525,18.425
2016-10-24,2151.330078125,13.020000457763672,14.925,16.075,18.025
2016-10-25,2143.159912109375,13.460000038146973,15.225,16.225,18.075
2016-10-26,2139.429931640625,14.239999771118164,15.625,16.475,18.275
2016-10-27,2133.0400390625,15.359999656677246,16.075,16.875,18.625
2016-10-28,2126.409912109375,16.190000534057617,16.625,17.1,18.725
2016-10-31,2126.14990234375,17.059999465942383,17.225,17.425,18.775
2016-11-01,2111.719970703125,18.559999465942383,17.825,17.875,19.125
2016-11-02,2097.93994140625,19.31999969482422,18.525,18.225,19.275
2016-11-03,2088.659912109375,22.079999923706055,19.775,19.025,19.925
2016-11-04,2085.179931640625,22.510000228881836,19.325,18.975,19.875
2016-11-07,2131.52001953125,18.709999084472656,16.025,16.575,18.125
2016-11-08,2139.56005859375,18.739999771118164,15.975,16.575,18.175
2016-11-09,2163.260009765625,14.380000114440918,14.875,15.725,17.575
2016-11-10,2167.47998046875,14.739999771118164,15.325,16.275,17.925
2016-11-11,2164.449951171875,14.170000076293944,14.925,16.125,17.925
2016-11-14,2164.199951171875,14.479999542236328,14.475,15.975,17.925
2016-11-15,2180.389892578125,13.369999885559082,13.2,15.275,17.725
2016-11-16,2176.93994140625,13.720000267028809,13.2,15.575,17.825
2016-11-17,2187.1201171875,13.350000381469728,15.025,16.675,18.075
2016-11-18,2181.89990234375,12.850000381469728,14.975,16.675,18.075
2016-11-21,2198.179931640625,12.420000076293944,14.475,16.275,17.825
2016-11-22,2202.93994140625,12.40999984741211,14.425,16.275,17.825
2016-11-23,2204.719970703125,12.43000030517578,14.425,16.375,17.975
2016-11-25,2213.35009765625,12.34000015258789,14.325,16.175,17.875
2016-11-28,2201.719970703125,13.149999618530272,14.425,16.275,17.975
2016-11-29,2204.659912109375,12.899999618530272,14.275,16.225,17.925
2016-11-30,2198.81005859375,13.329999923706056,14.525,16.275,17.975
2016-12-01,2191.080078125,14.06999969482422,15.025,16.675,18.175
2016-12-02,2191.949951171875,14.119999885559082,15.075,16.775,18.325
2016-12-05,2204.7099609375,12.140000343322754,13.525,15.675,17.725
2016-12-06,2212.22998046875,11.789999961853027,13.125,15.375,17.525
2016-12-07,2241.35009765625,12.220000267028809,13.325,15.475,17.55
2016-12-08,2246.18994140625,12.640000343322754,13.425,15.525,17.625
2016-12-09,2259.530029296875,11.75,13.025,15.225,17.425
2016-12-12,2256.9599609375,12.640000343322754,13.425,15.575,17.625
2016-12-13,2271.719970703125,12.720000267028809,13.275,15.475,17.675
2016-12-14,2253.280029296875,13.1899995803833,13.425,15.325,17.475
2016-12-15,2262.030029296875,12.789999961853027,13.025,15.075,17.475
2016-12-16,2258.070068359375,12.199999809265137,12.725,14.975,17.425
2016-12-19,2262.530029296875,11.710000038146973,12.125,14.475,17.125
2016-12-20,2270.760009765625,11.449999809265137,11.575,14.225,16.975
2016-12-21,2265.179931640625,11.270000457763672,11.575,14.025,16.925
2016-12-22,2260.9599609375,11.43000030517578,14.275,15.975,18.125
2016-12-23,2263.7900390625,11.4399995803833,14.275,16.025,18.125
2016-12-27,2268.8798828125,11.989999771118164,13.975,15.8,17.975
2016-12-28,2249.919921875,12.949999809265137,14.625,16.225,18.175
2016-12-29,2249.260009765625,13.369999885559082,14.825,16.375,18.275
2016-12-30,2238.830078125,14.039999961853027,15.125,16.575,18.425
2017-01-03,2257.830078125,12.850000381469728,13.775,15.575,17.775
2017-01-04,2270.75,11.850000381469728,13.175,14.975,17.275
2017-01-05,2269.0,11.670000076293944,13.025,14.825,17.175
2017-01-06,2276.97998046875,11.31999969482422,12.875,14.675,17.025
2017-01-09,2268.89990234375,11.5600004196167,12.925,14.525,16.925
2017-01-10,2268.89990234375,11.489999771118164,12.875,14.475,16.875
2017-01-11,2275.320068359375,11.260000228881836,12.525,14.225,16.725
2017-01-12,2270.43994140625,11.539999961853027,12.475,14.325,16.875
2017-01-13,2274.639892578125,11.229999542236328,12.175,14.225,16.975
2017-01-17,2267.889892578125,11.869999885559082,12.175,14.175,17.025
2017-01-18,2271.889892578125,12.479999542236328,12.52,14.175,16.825
2017-01-19,2263.68994140625,12.779999732971191,14.225,15.575,17.375
2017-01-20,2271.31005859375,11.539999961853027,13.825,15.225,17.125
2017-01-23,2265.199951171875,11.770000457763672,13.575,14.975,16.875
2017-01-24,2280.070068359375,11.06999969482422,13.025,14.375,16.325
2017-01-25,2298.3701171875,10.8100004196167,12.725,14.175,16.125
2017-01-26,2296.679931640625,10.630000114440918,12.675,14.125,16.175
2017-01-27,2294.68994140625,10.579999923706056,12.525,14.125,16.275
2017-01-30,2280.89990234375,11.880000114440918,12.875,14.325,16.325
2017-01-31,2278.8701171875,11.989999771118164,12.925,14.325,16.275
2017-02-01,2279.550048828125,11.8100004196167,12.675,13.975,16.025
2017-02-02,2280.85009765625,11.93000030517578,12.925,14.175,16.225
2017-02-03,2297.419921875,10.970000267028809,12.475,13.925,16.025
2017-02-06,2292.56005859375,11.369999885559082,12.475,13.975,16.075
2017-02-07,2293.080078125,11.289999961853027,12.575,13.975,16.125
2017-02-08,2294.669921875,11.449999809265137,12.575,13.975,16.225
2017-02-09,2307.8701171875,10.880000114440918,12.025,13.675,16.075
2017-02-10,2316.10009765625,10.850000381469728,11.725,13.375,16.025
2017-02-13,2328.25,11.06999969482422,11.425,13.075,15.65
2017-02-14,2337.580078125,10.739999771118164,11.175,12.3,14.975
2017-02-15,2349.25,11.970000267028809,12.26,12.875,14.775
2017-02-16,2347.219970703125,11.760000228881836,12.975,14.175,15.675
2017-02-17,2351.159912109375,11.489999771118164,13.125,14.35,15.775
2017-02-21,2365.3798828125,11.56999969482422,13.175,14.525,15.975
2017-02-22,2362.820068359375,11.739999771118164,13.225,14.625,16.075
2017-02-23,2363.81005859375,11.710000038146973,13.525,15.225,16.525
2017-02-24,2367.340087890625,11.470000267028809,13.325,15.25,16.675
2017-02-27,2369.75,12.09000015258789,13.275,15.125,16.325
2017-02-28,2363.639892578125,12.920000076293944,13.525,15.325,16.425
2017-03-01,2395.9599609375,12.539999961853027,13.275,15.075,16.325
2017-03-02,2381.919921875,11.8100004196167,13.275,15.025,16.425
2017-03-03,2383.1201171875,10.960000038146973,12.825,14.575,16.075
2017-03-06,2375.31005859375,11.239999771118164,12.675,14.425,15.975
2017-03-07,2368.389892578125,11.449999809265137,12.625,14.475,16.025
2017-03-08,2362.97998046875,11.859999656677246,12.675,14.425,15.975
2017-03-09,2364.8701171875,12.300000190734863,12.775,14.425,15.925
2017-03-10,2372.60009765625,11.65999984741211,12.525,14.2,15.775
2017-03-13,2373.469970703125,11.350000381469728,12.125,13.875,15.65
2017-03-14,2365.449951171875,12.300000190734863,12.625,14.075,15.775
2017-03-15,2385.260009765625,11.630000114440918,12.275,13.725,15.525
2017-03-16,2381.3798828125,11.210000038146973,11.925,13.275,15.225
2017-03-17,2378.25,11.279999732971191,11.775,13.275,15.075
2017-03-20,2373.469970703125,11.34000015258789,11.625,13.175,14.975
2017-03-21,2344.02001953125,12.470000267028809,12.175,13.775,15.375
2017-03-22,2348.449951171875,12.8100004196167,12.175,13.925,15.275
2017-03-23,2345.9599609375,13.119999885559082,14.275,14.775,16.225
2017-03-24,2343.97998046875,12.960000038146973,13.925,14.4,15.925
2017-03-27,2341.590087890625,12.5,13.575,14.075,15.525
2017-03-28,2358.570068359375,11.529999732971191,12.925,13.55,15.225
2017-03-29,2361.1298828125,11.420000076293944,12.925,13.525,15.075
2017-03-30,2368.06005859375,11.539999961853027,12.825,13.375,15.025
2017-03-31,2362.719970703125,12.369999885559082,13.275,13.575,15.025
2017-04-03,2358.840087890625,12.380000114440918,13.475,13.575,15.075
2017-04-04,2360.159912109375,11.789999961853027,13.225,13.375,14.925
2017-04-05,2352.949951171875,12.890000343322754,13.875,13.875,15.275
2017-04-06,2357.489990234375,12.390000343322754,13.575,13.525,14.975
2017-04-07,2355.5400390625,12.869999885559082,14.025,13.875,15.225
2017-04-10,2357.159912109375,14.050000190734863,15.025,14.325,15.425
2017-04-11,2353.780029296875,15.06999969482422,15.975,14.525,15.525
2017-04-12,2344.929931640625,15.770000457763672,16.275,14.925,15.575
2017-04-13,2328.949951171875,15.960000038146973,16.325,15.225,15.825
2017-04-17,2349.010009765625,14.65999984741211,15.075,14.325,15.225
2017-04-18,2342.18994140625,14.420000076293944,14.725,14.325,15.175
2017-04-19,2338.169921875,14.93000030517578,14.725,14.575,15.125
2017-04-20,2355.840087890625,14.149999618530272,14.325,14.325,15.375
2017-04-21,2348.68994140625,14.630000114440918,14.325,14.225,15.175
2017-04-24,2374.14990234375,10.84000015258789,12.675,13.325,14.725
2017-04-25,2388.610107421875,10.760000228881836,12.475,13.125,14.425
2017-04-26,2387.449951171875,10.850000381469728,12.375,13.175,14.525
2017-04-27,2388.77001953125,10.359999656677246,12.375,13.125,14.575
2017-04-28,2384.199951171875,10.81999969482422,12.275,13.125,14.475
2017-05-01,2388.330078125,10.109999656677246,11.825,12.625,14.125
2017-05-02,2391.169921875,10.59000015258789,11.825,12.825,14.225
2017-05-03,2388.1298828125,10.68000030517578,12.075,12.975,14.325
2017-05-04,2389.52001953125,10.460000038146973,11.725,12.675,14.125
2017-05-05,2399.2900390625,10.56999969482422,11.775,12.675,14.225
2017-05-08,2399.3798828125,9.770000457763672,11.425,12.475,14.325
2017-05-09,2396.919921875,9.960000038146973,11.425,12.475,14.325
2017-05-10,2399.6298828125,10.210000038146973,11.525,12.475,14.425
2017-05-11,2394.43994140625,10.600000381469728,11.425,12.625,14.375
2017-05-12,2390.89990234375,10.399999618530272,11.225,12.425,14.425
2017-05-15,2402.320068359375,10.420000076293944,10.825,12.175,14.175
2017-05-16,2400.669921875,10.649999618530272,11.075,12.075,14.125
2017-05-17,2357.030029296875,15.59000015258789,11.075,14.225,14.975
2017-05-18,2365.719970703125,14.65999984741211,14.275,14.575,15.875
2017-05-19,2381.72998046875,12.039999961853027,12.725,13.475,15.225
2017-05-22,2394.02001953125,10.93000030517578,12.225,13.175,14.975
2017-05-23,2398.419921875,10.720000267028809,12.325,13.325,15.175
2017-05-24,2404.389892578125,10.020000457763672,11.975,12.975,15.075
2017-05-25,2415.070068359375,9.989999771118164,12.025,13.025,15.075
2017-05-26,2415.820068359375,9.8100004196167,11.925,12.925,14.95
2017-05-30,2412.909912109375,10.380000114440918,11.825,12.725,14.725
2017-05-31,2411.800048828125,10.40999984741211,11.825,12.675,14.675
2017-06-01,2430.06005859375,9.890000343322754,11.625,12.425,14.525
2017-06-02,2439.070068359375,9.75,11.625,12.525,14.575
2017-06-05,2436.10009765625,10.06999969482422,11.775,12.625,14.625
2017-06-06,2429.330078125,10.449999809265137,11.975,12.825,14.775
2017-06-07,2433.139892578125,10.390000343322754,11.875,12.725,14.725
2017-06-08,2433.7900390625,10.15999984741211,11.625,12.525,14.525
2017-06-09,2431.77001953125,10.699999809265137,11.725,12.575,14.5
2017-06-12,2429.389892578125,11.460000038146973,11.875,12.675,14.525
2017-06-13,2440.35009765625,10.420000076293944,11.425,12.275,14.325
2017-06-14,2437.919921875,10.640000343322754,11.475,12.275,14.225
2017-06-15,2432.4599609375,10.899999618530272,11.525,12.425,14.375
2017-06-16,2433.14990234375,10.380000114440918,11.325,12.325,14.175
2017-06-19,2453.4599609375,10.369999885559082,10.875,12.125,13.95
2017-06-20,2437.030029296875,10.859999656677246,11.125,12.075,13.875
2017-06-21,2435.610107421875,10.75,11.125,12.175,13.825
2017-06-22,2434.5,10.479999542236328,11.975,12.725,14.575
2017-06-23,2438.300048828125,10.020000457763672,11.875,12.625,14.5
2017-06-26,2439.070068359375,9.899999618530272,11.625,12.375,14.225
2017-06-27,2419.3798828125,11.0600004196167,12.025,12.675,14.375
2017-06-28,2440.68994140625,10.029999732971191,11.675,12.475,14.275
2017-06-29,2419.699951171875,11.4399995803833,12.025,12.625,14.375
2017-06-30,2423.409912109375,11.18000030517578,12.325,12.675,14.425
2017-07-03,2429.010009765625,11.220000267028809,12.575,12.975,14.575
2017-07-05,2432.5400390625,11.06999969482422,12.325,12.925,14.575
2017-07-06,2409.75,12.539999961853027,13.025,13.425,14.875
2017-07-07,2425.179931640625,11.1899995803833,12.575,13.075,14.775
2017-07-10,2427.429931640625,11.109999656677246,12.225,12.825,14.475
2017-07-11,2425.530029296875,10.890000343322754,12.125,12.675,14.325
2017-07-12,2443.25,10.300000190734863,11.525,12.425,14.125
2017-07-13,2447.830078125,9.899999618530272,11.075,12.375,14.025
2017-07-14,2459.27001953125,9.510000228881836,10.575,12.025,13.7
2017-07-17,2459.139892578125,9.81999969482422,10.275,11.925,13.675
2017-07-18,2460.610107421875,9.890000343322754,10.125,11.775,13.725
2017-07-19,2473.830078125,9.789999961853027,10.125,11.525,13.525
2017-07-20,2473.449951171875,9.579999923706056,11.475,12.725,14.075
2017-07-21,2472.5400390625,9.359999656677246,11.375,12.675,14.025
2017-07-24,2469.909912109375,9.43000030517578,11.325,12.525,13.875
2017-07-25,2477.1298828125,9.43000030517578,11.175,12.575,13.925
2017-07-26,2477.830078125,9.600000381469728,11.275,12.625,13.925
2017-07-27,2475.419921875,10.109999656677246,11.425,12.625,13.825
2017-07-28,2472.10009765625,10.289999961853027,11.375,12.625,13.825
2017-07-31,2470.300048828125,10.260000228881836,11.275,12.475,13.675
2017-08-01,2476.35009765625,10.09000015258789,11.225,12.425,13.525
2017-08-02,2477.570068359375,10.279999732971191,11.275,12.625,13.725
2017-08-03,2472.159912109375,10.4399995803833,11.325,12.725,13.875
2017-08-04,2476.830078125,10.029999732971191,11.275,12.775,13.975
2017-08-07,2480.909912109375,9.93000030517578,11.125,12.575,13.875
2017-08-08,2474.919921875,10.960000038146973,11.525,12.925,14.175
2017-08-09,2474.02001953125,11.109999656677246,11.725,13.075,14.325
2017-08-10,2438.2099609375,16.040000915527344,15.525,15.175,15.425
2017-08-11,2441.320068359375,15.510000228881836,15.425,15.275,15.725
2017-08-14,2465.840087890625,12.329999923706056,12.45,13.175,14.325
2017-08-15,2464.610107421875,12.039999961853027,12.325,13.175,14.425
2017-08-16,2468.110107421875,11.739999771118164,12.325,13.075,14.225
2017-08-17,2430.010009765625,15.550000190734863,14.925,15.025,15.175
2017-08-18,2425.550048828125,14.260000228881836,14.975,15.125,15.325
2017-08-21,2428.3701171875,13.1899995803833,14.125,14.625,14.975
2017-08-22,2452.510009765625,11.350000381469728,12.975,13.675,14.375
2017-08-23,2444.0400390625,12.25,13.625,14.225,14.775
2017-08-24,2438.969970703125,12.229999542236328,13.425,14.125,14.675
2017-08-25,2443.050048828125,11.279999732971191,13.075,14.025,14.6
2017-08-28,2444.239990234375,11.31999969482422,13.025,13.925,14.525
2017-08-29,2446.300048828125,11.699999809265137,13.175,14.025,14.575
2017-08-30,2457.590087890625,11.220000267028809,13.175,14.075,14.625
2017-08-31,2471.64990234375,10.59000015258789,12.625,13.725,14.425
2017-09-01,2476.550048828125,10.130000114440918,12.625,13.775,14.425
2017-09-05,2457.85009765625,12.229999542236328,13.175,14.025,14.575
2017-09-06,2465.5400390625,11.630000114440918,13.175,14.175,14.925
2017-09-07,2465.10009765625,11.550000190734863,12.825,14.075,14.925
2017-09-08,2461.429931640625,12.119999885559082,13.275,14.325,15.075
2017-09-11,2488.110107421875,10.729999542236328,12.075,13.675,14.775
2017-09-12,2496.47998046875,10.579999923706056,11.875,13.375,14.525
2017-09-13,2498.3701171875,10.5,11.525,12.925,14.225
2017-09-14,2495.6201171875,10.4399995803833,11.475,13.025,14.275
2017-09-15,2500.22998046875,10.170000076293944,11.125,12.925,14.175
2017-09-18,2503.8701171875,10.149999618530272,10.675,12.425,13.775
2017-09-19,2506.64990234375,10.18000030517578,10.825,12.425,13.925
2017-09-20,2508.239990234375,9.779999732971191,10.825,12.275,13.775
2017-09-21,2500.60009765625,9.670000076293944,12.325,13.275,15.025
2017-09-22,2502.219970703125,9.59000015258789,12.425,13.425,15.175
2017-09-25,2496.659912109375,10.210000038146973,12.375,13.375,15.125
2017-09-26,2496.840087890625,10.170000076293944,12.275,13.275,14.975
2017-09-27,2507.0400390625,9.869999885559082,12.175,13.275,14.975
2017-09-28,2510.06005859375,9.550000190734863,11.925,13.125,14.875
2017-09-29,2519.360107421875,9.510000228881836,11.675,13.025,14.775
2017-10-02,2529.1201171875,9.449999809265137,11.375,12.675,14.525
2017-10-03,2534.580078125,9.510000228881836,11.375,12.775,14.475
2017-10-04,2537.739990234375,9.630000114440918,11.325,12.775,14.475
2017-10-05,2552.070068359375,9.1899995803833,10.825,12.475,14.225
2017-10-06,2549.330078125,9.649999618530272,10.825,12.525,14.325
2017-10-09,2544.72998046875,10.329999923706056,11.125,12.625,14.425
2017-10-10,2550.639892578125,10.079999923706056,10.925,12.325,14.275
2017-10-11,2555.239990234375,9.850000381469728,10.775,12.175,14.075
2017-10-12,2550.929931640625,9.90999984741211,10.575,12.075,14.075
2017-10-13,2553.169921875,9.609999656677246,10.275,11.875,13.875
2017-10-16,2557.639892578125,9.90999984741211,10.275,11.675,13.625
2017-10-17,2559.360107421875,10.3100004196167,10.375,11.725,13.625
2017-10-18,2561.260009765625,10.06999969482422,10.375,11.575,13.525
2017-10-19,2562.10009765625,10.050000190734863,11.475,12.225,14.075
2017-10-20,2575.2099609375,9.970000267028809,11.325,12.125,14.0
2017-10-23,2564.97998046875,11.06999969482422,11.775,12.525,14.275
2017-10-24,2569.1298828125,11.15999984741211,11.925,12.525,14.225
2017-10-25,2557.14990234375,11.229999542236328,12.025,12.575,14.275
2017-10-26,2560.39990234375,11.300000190734863,12.075,12.675,14.325
2017-10-27,2581.070068359375,9.800000190734863,11.425,12.225,13.925
2017-10-30,2572.830078125,10.5,11.575,12.325,13.975
2017-10-31,2575.260009765625,10.18000030517578,11.275,12.175,13.825
2017-11-01,2579.360107421875,10.199999809265137,11.375,12.275,13.925
2017-11-02,2579.85009765625,9.93000030517578,11.125,12.275,14.025
2017-11-03,2587.840087890625,9.140000343322754,10.975,12.325,14.125
2017-11-06,2591.1298828125,9.399999618530272,10.725,12.175,14.025
2017-11-07,2590.639892578125,9.890000343322754,10.875,12.275,14.15
2017-11-08,2594.3798828125,9.779999732971191,10.875,12.275,14.2
2017-11-09,2584.6201171875,10.5,11.125,12.325,14.275
2017-11-10,2582.300048828125,11.289999961853027,11.6,12.575,14.575
2017-11-13,2584.840087890625,11.5,11.625,12.775,14.725
2017-11-14,2578.8701171875,11.59000015258789,12.05,12.675,14.825
2017-11-15,2564.6201171875,13.130000114440918,12.05,13.175,15.075
2017-11-16,2585.639892578125,11.760000228881836,12.675,13.975,15.425
2017-11-17,2578.85009765625,11.43000030517578,12.625,13.875,15.325
2017-11-20,2582.139892578125,10.649999618530272,12.075,13.425,14.975
2017-11-21,2599.030029296875,9.729999542236328,11.625,12.975,14.675
2017-11-22,2597.080078125,9.880000114440918,11.475,12.875,14.575
2017-11-24,2602.419921875,9.670000076293944,11.425,12.825,14.525
2017-11-27,2601.419921875,9.869999885559082,11.325,12.875,14.575
2017-11-28,2627.0400390625,10.029999732971191,11.275,12.725,14.475
2017-11-29,2626.070068359375,10.699999809265137,11.475,12.925,14.725
2017-11-30,2647.580078125,11.279999732971191,11.675,13.025,14.675
2017-12-01,2642.219970703125,11.43000030517578,11.875,13.275,14.875
2017-12-04,2639.43994140625,11.68000030517578,11.925,13.225,14.825
2017-12-05,2629.570068359375,11.329999923706056,11.875,13.175,14.725
2017-12-06,2629.27001953125,11.020000457763672,11.725,13.075,14.675
2017-12-07,2636.97998046875,10.15999984741211,11.175,12.675,14.375
2017-12-08,2651.5,9.579999923706056,10.875,12.325,14.275
2017-12-11,2659.989990234375,9.34000015258789,10.325,11.975,14.075
2017-12-12,2664.110107421875,9.920000076293944,10.375,11.975,14.075
2017-12-13,2662.85009765625,10.18000030517578,10.525,11.975,13.925
2017-12-14,2652.010009765625,10.489999771118164,10.375,11.875,13.925
2017-12-15,2675.81005859375,9.420000076293944,9.925,11.475,13.575
2017-12-18,2690.159912109375,9.529999732971191,9.875,11.325,13.325
2017-12-19,2681.469970703125,10.029999732971191,10.075,11.325,13.275
2017-12-20,2679.25,9.720000267028809,10.075,11.425,13.275
2017-12-21,2684.570068359375,9.619999885559082,11.225,12.225,13.825
2017-12-22,2683.340087890625,9.899999618530272,11.425,12.325,13.825
2017-12-26,2680.5,10.25,11.325,12.325,13.775
2017-12-27,2682.6201171875,10.470000267028809,11.325,12.325,13.725
2017-12-28,2687.5400390625,10.18000030517578,11.225,12.275,13.725
2017-12-29,2673.610107421875,11.039999961853027,11.475,12.475,13.875
2018-01-02,2695.81005859375,9.770000457763672,10.875,11.975,13.525
2018-01-03,2713.06005859375,9.149999618530272,10.675,11.825,13.325
2018-01-04,2723.989990234375,9.220000267028809,10.575,11.825,13.375
2018-01-05,2743.14990234375,9.220000267028809,10.475,11.725,13.275
2018-01-08,2747.7099609375,9.520000457763672,10.475,11.675,13.225
2018-01-09,2751.2900390625,10.079999923706056,10.675,11.775,13.225
2018-01-10,2748.22998046875,9.81999969482422,10.575,11.575,13.075
2018-01-11,2767.56005859375,9.880000114440918,10.475,11.575,12.975
2018-01-12,2786.239990234375,10.15999984741211,10.575,11.675,12.975
2018-01-16,2776.419921875,11.65999984741211,11.775,12.075,13.325
2018-01-17,2802.56005859375,11.90999984741211,11.775,12.125,13.175
2018-01-18,2798.030029296875,12.220000267028809,12.075,12.775,13.825
2018-01-19,2810.300048828125,11.270000457763672,11.925,12.525,13.725
2018-01-22,2832.969970703125,11.029999732971191,11.825,12.475,13.625
2018-01-23,2839.1298828125,11.100000381469728,11.975,12.725,13.875
2018-01-24,2837.5400390625,11.470000267028809,12.225,12.925,14.125
2018-01-25,2839.25,11.579999923706056,12.425,13.025,14.275
2018-01-26,2872.8701171875,11.079999923706056,12.325,13.075,14.225
2018-01-29,2853.530029296875,13.84000015258789,13.525,13.825,14.675
2018-01-30,2822.429931640625,14.789999961853027,13.975,14.075,14.875
2018-01-31,2823.81005859375,13.539999961853027,13.475,13.675,14.575
2018-02-01,2821.97998046875,13.470000267028809,13.275,13.425,14.375
2018-02-02,2762.1298828125,17.309999465942383,15.625,14.975,15.275
2018-02-05,2648.93994140625,37.31999969482422,33.225,27.975,20.95
2018-02-06,2695.139892578125,29.979999542236328,23.875,21.025,19.225
2018-02-07,2681.659912109375,27.729999542236328,23.425,19.875,18.725
2018-02-08,2581.0,33.459999084472656,28.1,21.65,19.85
2018-02-09,2619.550048828125,29.059999465942383,27.175,20.425,18.525
2018-02-12,2656.0,25.61000061035156,25.825,19.825,18.475
2018-02-13,2662.93994140625,24.969999313354492,25.225,19.825,18.6
2018-02-14,2698.6298828125,19.260000228881836,25.225,17.875,17.825
2018-02-15,2731.199951171875,19.1299991607666,17.525,17.325,17.175
2018-02-16,2732.219970703125,19.459999084472656,17.775,17.375,17.225
2018-02-20,2716.260009765625,20.600000381469727,18.375,17.825,17.475
2018-02-21,2701.330078125,20.020000457763672,18.575,18.075,17.775
2018-02-22,2703.9599609375,18.719999313354492,18.075,17.625,17.4
2018-02-23,2747.300048828125,16.489999771118164,16.775,16.9,16.825
2018-02-26,2779.60009765625,15.800000190734863,16.175,16.175,16.375
2018-02-27,2744.280029296875,18.59000015258789,17.525,17.175,16.975
2018-02-28,2713.830078125,19.850000381469727,18.575,17.875,17.475
2018-03-01,2677.669921875,22.469999313354492,19.975,18.675,18.125
2018-03-02,2691.25,19.59000015258789,19.025,18.275,17.925
2018-03-05,2720.93994140625,18.729999542236328,18.275,17.825,17.6
2018-03-06,2728.1201171875,18.36000061035156,18.325,17.975,17.825
2018-03-07,2726.800048828125,17.760000228881836,17.875,17.775,17.8
2018-03-08,2738.969970703125,16.540000915527344,17.225,17.275,17.575
2018-03-09,2786.570068359375,14.640000343322754,15.775,16.225,16.825
2018-03-12,2783.02001953125,15.779999732971191,16.175,16.575,17.075
2018-03-13,2765.31005859375,16.350000381469727,16.775,16.925,17.275
2018-03-14,2749.47998046875,17.229999542236328,17.375,17.275,17.525
2018-03-15,2747.330078125,16.59000015258789,16.775,16.725,17.275
2018-03-16,2752.010009765625,15.800000190734863,16.275,16.475,16.975
2018-03-19,2712.919921875,19.020000457763672,18.175,17.475,17.375
2018-03-20,2716.93994140625,18.200000762939453,18.375,17.375,17.475
2018-03-21,2711.929931640625,17.860000610351562,17.76,17.325,17.375
2018-03-22,2643.68994140625,23.34000015258789,19.375,18.425,18.175
2018-03-23,2588.260009765625,24.8700008392334,20.425,19.325,18.875
2018-03-26,2658.550048828125,21.030000686645508,19.325,18.625,18.425
2018-03-27,2612.6201171875,22.5,20.425,19.525,19.175
2018-03-28,2605.0,22.8700008392334,21.025,19.875,19.525
2018-03-29,2640.8701171875,19.969999313354492,19.775,19.225,19.0
2018-04-02,2581.8798828125,23.6200008392334,21.425,20.025,19.525
2018-04-03,2614.449951171875,21.100000381469727,20.475,19.675,19.325
2018-04-04,2644.68994140625,20.059999465942383,19.975,19.225,19.025
2018-04-05,2662.840087890625,18.940000534057617,19.075,18.675,18.775
2018-04-06,2604.469970703125,21.489999771118164,20.625,19.525,19.425
2018-04-09,2613.159912109375,21.770000457763672,20.825,19.825,19.525
2018-04-10,2656.8701171875,20.469999313354492,20.175,19.425,19.275
2018-04-11,2642.18994140625,20.239999771118164,20.075,19.475,19.475
2018-04-12,2663.989990234375,18.489999771118164,18.825,18.725,18.925
2018-04-13,2656.300048828125,17.40999984741211,17.925,18.125,18.525
2018-04-16,2677.840087890625,16.559999465942383,16.825,17.275,17.975
2018-04-17,2706.389892578125,15.25,15.325,16.375,17.375
2018-04-18,2708.639892578125,15.600000381469728,17.26,16.425,17.125
2018-04-19,2693.1298828125,15.960000038146973,16.575,16.825,17.375
2018-04-20,2670.139892578125,16.8799991607666,17.025,17.075,17.575
2018-04-23,2670.2900390625,16.34000015258789,16.825,17.025,17.475
2018-04-24,2634.56005859375,18.020000457763672,17.675,17.475,17.625
2018-04-25,2639.39990234375,17.84000015258789,17.725,17.675,17.875
2018-04-26,2666.93994140625,16.239999771118164,16.875,17.025,17.425
2018-04-27,2669.909912109375,15.40999984741211,16.425,16.825,17.375
2018-04-30,2648.050048828125,15.93000030517578,16.625,16.925,17.425
2018-05-01,2654.800048828125,15.489999771118164,16.275,16.475,17.025
2018-05-02,2635.669921875,15.970000267028809,16.625,16.775,17.275
2018-05-03,2629.72998046875,15.899999618530272,16.525,16.525,17.1
2018-05-04,2663.419921875,14.770000457763672,15.875,16.375,16.925
2018-05-07,2672.6298828125,14.75,15.725,16.325,16.975
2018-05-08,2671.919921875,14.710000038146973,15.775,16.225,16.875
2018-05-09,2697.7900390625,13.420000076293944,14.825,15.625,16.525
2018-05-10,2723.070068359375,13.229999542236328,14.175,15.075,16.025
2018-05-11,2727.719970703125,12.649999618530272,13.675,14.7,15.675
2018-05-14,2730.1298828125,12.93000030517578,13.375,14.475,15.375
2018-05-15,2711.449951171875,14.630000114440918,14.875,15.325,16.075
2018-05-16,2722.4599609375,13.420000076293944,13.79,14.675,15.775
2018-05-17,2720.1298828125,13.43000030517578,14.375,15.075,16.025
2018-05-18,2712.969970703125,13.420000076293944,14.525,15.325,16.175
2018-05-21,2733.010009765625,13.079999923706056,14.075,14.775,15.725
2018-05-22,2724.43994140625,13.220000267028809,14.225,14.975,15.925
2018-05-23,2733.2900390625,12.579999923706056,13.875,14.725,15.725
2018-05-24,2727.760009765625,12.529999732971191,13.825,14.6,15.675
2018-05-25,2721.330078125,13.220000267028809,14.125,14.825,15.825
2018-05-29,2689.860107421875,17.020000457763672,15.925,16.125,16.375
2018-05-30,2724.010009765625,14.9399995803833,15.175,15.675,16.425
2018-05-31,2705.27001953125,15.43000030517578,15.425,15.875,16.575
2018-06-01,2734.6201171875,13.460000038146973,14.425,15.175,16.025
2018-06-04,2746.8701171875,12.739999771118164,13.925,14.675,15.625
2018-06-05,2748.800048828125,12.399999618530272,13.625,14.525,15.475
2018-06-06,2772.35009765625,11.640000343322754,13.075,14.075,15.175
2018-06-07,2770.3701171875,12.130000114440918,13.175,14.175,15.275
2018-06-08,2779.030029296875,12.18000030517578,13.325,14.225,15.325
2018-06-11,2782.0,12.350000381469728,12.875,13.975,15.225
2018-06-12,2786.85009765625,12.34000015258789,12.775,13.925,15.275
2018-06-13,2775.6298828125,12.9399995803833,13.225,14.175,15.425
2018-06-14,2782.489990234375,12.119999885559082,12.675,13.675,15.1
2018-06-15,2779.659912109375,11.979999542236328,12.575,13.725,14.975
2018-06-18,2773.75,12.3100004196167,12.675,13.675,14.825
2018-06-19,2762.590087890625,13.350000381469728,13.575,14.225,15.275
2018-06-20,2767.320068359375,12.789999961853027,12.27,13.925,15.225
2018-06-21,2749.760009765625,14.640000343322754,14.875,15.275,16.175
2018-06-22,2754.8798828125,13.770000457763672,14.425,15.075,16.025
2018-06-25,2717.070068359375,17.329999923706055,16.325,16.275,16.825
2018-06-26,2723.06005859375,15.920000076293944,15.875,16.125,16.825
2018-06-27,2699.6298828125,17.90999984741211,16.925,16.875,17.375
2018-06-28,2716.31005859375,16.850000381469727,16.525,16.575,17.175
2018-06-29,2718.3701171875,16.09000015258789,16.025,16.375,17.075
2018-07-02,2726.7099609375,15.600000381469728,16.025,16.325,17.075
2018-07-03,2713.219970703125,16.139999389648438,16.375,16.725,17.325
2018-07-05,2736.610107421875,14.970000267028809,15.475,16.075,16.975
2018-07-06,2759.820068359375,13.369999885559082,14.575,15.525,16.575
2018-07-09,2784.169921875,12.6899995803833,13.775,14.625,15.825
2018-07-10,2793.840087890625,12.640000343322754,13.425,14.425,15.625
2018-07-11,2774.02001953125,13.630000114440918,14.175,14.875,15.925
2018-07-12,2798.2900390625,12.579999923706056,13.325,14.475,15.625
2018-07-13,2801.31005859375,12.18000030517578,12.975,14.225,15.475
2018-07-16,2798.429931640625,12.829999923706056,12.975,14.275,15.525
2018-07-17,2809.550048828125,12.0600004196167,12.125,13.975,15.525
2018-07-18,2815.6201171875,12.100000381469728,12.38,13.925,15.575
2018-07-19,2804.489990234375,12.869999885559082,14.175,15.025,15.925
2018-07-20,2801.830078125,12.859999656677246,14.275,15.175,16.05
2018-07-23,2806.97998046875,12.619999885559082,14.075,15.025,15.975
2018-07-24,2820.39990234375,12.40999984741211,14.075,14.975,15.925
2018-07-25,2846.070068359375,12.289999961853027,13.825,14.875,15.875
2018-07-26,2837.43994140625,12.140000343322754,13.85,14.925,15.925
2018-07-27,2818.820068359375,13.029999732971191,14.325,15.175,16.075
2018-07-30,2802.60009765625,14.260000228881836,14.875,15.625,16.325
2018-07-31,2816.2900390625,12.829999923706056,14.075,15.025,15.925
2018-08-01,2813.360107421875,13.149999618530272,14.275,15.125,15.975
2018-08-02,2827.219970703125,12.1899995803833,13.925,14.975,15.875
2018-08-03,2840.35009765625,11.640000343322754,13.525,14.8,15.825
2018-08-06,2850.39990234375,11.270000457763672,13.025,14.375,15.525
2018-08-07,2858.449951171875,10.93000030517578,12.725,14.025,15.225
2018-08-08,2857.699951171875,10.850000381469728,12.575,13.975,15.225
2018-08-09,2853.580078125,11.270000457763672,12.675,14.125,15.275
2018-08-10,2833.280029296875,13.15999984741211,13.775,14.775,15.675
2018-08-13,2821.929931640625,14.779999732971191,14.875,15.475,16.075
2018-08-14,2839.9599609375,13.3100004196167,13.725,14.725,15.625
2018-08-15,2818.3701171875,14.640000343322754,14.875,15.225,15.875
2018-08-16,2840.68994140625,13.449999809265137,13.725,14.775,15.625
2018-08-17,2850.1298828125,12.640000343322754,13.075,14.325,15.375
2018-08-20,2857.050048828125,12.489999771118164,12.775,14.175,15.225
2018-08-21,2862.9599609375,12.859999656677246,12.875,14.625,15.475
2018-08-22,2861.820068359375,12.25,12.61,14.175,15.425
2018-08-23,2856.97998046875,12.40999984741211,14.225,15.175,15.675
2018-08-24,2874.68994140625,11.989999771118164,14.125,15.175,15.625
2018-08-27,2896.739990234375,12.15999984741211,14.125,15.225,15.675
2018-08-28,2897.52001953125,12.5,14.075,15.275,15.775
2018-08-29,2914.0400390625,12.25,13.925,15.225,15.775
2018-08-30,2901.1298828125,13.529999732971191,14.525,15.675,16.075
2018-08-31,2901.52001953125,12.859999656677246,14.025,15.175,15.775
2018-09-04,2896.719970703125,13.15999984741211,14.225,15.225,15.775
2018-09-05,2888.60009765625,13.90999984741211,14.575,15.525,16.025
2018-09-06,2878.050048828125,14.649999618530272,15.175,16.025,16.375
2018-09-07,2871.679931640625,14.880000114440918,15.375,16.225,16.475
2018-09-10,2877.1298828125,14.15999984741211,14.775,15.675,16.075
2018-09-11,2887.889892578125,13.220000267028809,14.225,15.125,15.675
2018-09-12,2888.919921875,13.140000343322754,14.025,15.025,15.525
2018-09-13,2904.179931640625,12.369999885559082,13.375,14.625,15.225
2018-09-14,2904.97998046875,12.06999969482422,12.875,14.375,15.075
2018-09-17,2888.800048828125,13.68000030517578,13.575,14.975,15.375
2018-09-18,2904.31005859375,12.789999961853027,12.725,14.675,15.375
2018-09-19,2907.949951171875,11.75,11.94,14.275,15.275
2018-09-20,2930.75,11.800000190734863,14.025,14.925,15.675
2018-09-21,2929.669921875,11.68000030517578,14.125,15.075,15.825
2018-09-24,2919.3701171875,12.199999809265137,14.025,14.925,15.625
2018-09-25,2915.56005859375,12.420000076293944,14.075,14.975,15.725
2018-09-26,2905.969970703125,12.890000343322754,14.425,15.275,15.925
2018-09-27,2914.0,12.40999984741211,14.125,15.025,15.775
2018-09-28,2913.97998046875,12.119999885559082,13.975,14.975,15.725
2018-10-01,2924.590087890625,12.0,13.925,14.875,15.675
2018-10-02,2923.429931640625,12.050000190734863,13.975,14.925,15.775
2018-10-03,2925.510009765625,11.609999656677246,13.775,14.725,15.65
2018-10-04,2901.610107421875,14.220000267028809,14.875,15.225,15.925
2018-10-05,2885.570068359375,14.81999969482422,15.225,15.475,16.075
2018-10-08,2884.429931640625,15.6899995803833,15.675,15.725,16.275
2018-10-09,2880.340087890625,15.949999809265137,15.975,15.925,16.375
2018-10-10,2785.679931640625,22.959999084472656,20.125,18.525,17.925
2018-10-11,2728.3701171875,24.979999542236328,21.175,18.525,18.125
2018-10-12,2767.1298828125,21.309999465942383,19.925,18.125,17.775
2018-10-15,2750.7900390625,21.299999237060547,20.125,18.525,18.275
2018-10-16,2809.919921875,17.6200008392334,17.675,17.275,17.625
2018-10-17,2809.2099609375,17.399999618530273,17.23,17.125,17.575
2018-10-18,2768.780029296875,20.059999465942383,18.425,18.075,18.225
2018-10-19,2767.780029296875,19.88999938964844,18.425,18.175,18.325
2018-10-22,2755.8798828125,19.63999938964844,18.625,18.225,18.425
2018-10-23,2740.68994140625,20.709999084472656,18.825,18.425,18.475
2018-10-24,2656.10009765625,25.229999542236328,20.625,19.625,19.375
2018-10-25,2705.570068359375,24.219999313354492,20.925,19.825,19.575
2018-10-26,2658.68994140625,24.15999984741211,21.075,20.075,19.775
2018-10-29,2641.25,24.700000762939453,21.525,20.575,20.225
2018-10-30,2682.6298828125,23.350000381469727,20.925,20.225,20.075
2018-10-31,2711.739990234375,21.229999542236328,20.275,19.775,19.775
2018-11-01,2740.3701171875,19.34000015258789,19.275,19.025,19.225
2018-11-02,2723.06005859375,19.510000228881836,19.575,19.075,19.225
2018-11-05,2738.31005859375,19.959999084472656,19.425,18.825,18.975
2018-11-06,2755.449951171875,19.90999984741211,18.625,18.225,18.475
2018-11-07,2813.889892578125,16.360000610351562,16.825,17.125,17.775
2018-11-08,2806.830078125,16.719999313354492,16.975,17.175,17.775
2018-11-09,2781.010009765625,17.360000610351562,17.475,17.675,18.175
2018-11-12,2726.219970703125,20.450000762939453,19.575,18.725,18.875
2018-11-13,2722.179931640625,20.020000457763672,19.425,18.925,19.125
2018-11-14,2701.580078125,21.25,20.175,19.425,19.575
2018-11-15,2730.199951171875,19.979999542236328,19.375,19.125,19.475
2018-11-16,2736.27001953125,18.13999938964844,18.275,18.325,18.825
2018-11-19,2690.72998046875,20.100000381469727,19.925,19.375,19.575
2018-11-20,2641.889892578125,22.479999542236328,22.175,20.425,20.425
2018-11-21,2649.929931640625,20.799999237060547,22.07,20.125,20.325
2018-11-23,2632.56005859375,21.520000457763672,20.475,20.525,20.275
2018-11-26,2673.449951171875,18.899999618530273,18.925,19.375,19.475
2018-11-27,2682.169921875,19.020000457763672,18.775,19.125,19.275
2018-11-28,2743.7900390625,18.489999771118164,18.225,18.575,18.825
2018-11-29,2737.800048828125,18.790000915527344,18.375,18.825,18.975
2018-11-30,2760.169921875,18.06999969482422,17.675,18.175,18.575
2018-12-03,2790.3701171875,16.440000534057617,16.775,17.375,17.925
2018-12-04,2700.06005859375,20.739999771118164,19.425,19.275,19.175
2018-12-05,,,19.025,19.05,19.025
2018-12-06,2695.949951171875,21.190000534057617,19.925,19.475,19.275
2018-12-07,2633.080078125,23.229999542236328,21.425,20.675,20.075
2018-12-10,2637.719970703125,22.63999938964844,21.325,20.525,19.975
2018-12-11,2636.780029296875,21.760000228881836,21.275,20.475,20.125
2018-12-12,2651.070068359375,21.459999084472656,21.075,20.425,20.125
2018-12-13,2650.5400390625,20.649999618530273,20.725,20.225,20.075
2018-12-14,2599.949951171875,21.6299991607666,21.725,20.875,20.425
2018-12-17,2545.93994140625,24.520000457763672,23.475,21.675,20.975
2018-12-18,2546.159912109375,25.579999923706055,24.675,21.975,21.325
2018-12-19,2506.9599609375,25.579999923706055,26.2,22.325,21.575
2018-12-20,2467.419921875,28.3799991607666,22.725,22.075,21.125
2018-12-21,2416.6201171875,30.11000061035156,24.3,22.925,21.425
2018-12-24,2351.10009765625,36.06999969482422,25.9,23.325,21.425
2018-12-26,2467.699951171875,30.40999984741211,24.675,22.625,20.925
2018-12-27,2488.830078125,29.959999084472656,25.025,22.925,21.225
2018-12-28,2485.739990234375,28.34000015258789,25.325,22.975,21.325
2018-12-31,2506.85009765625,25.420000076293945,24.175,22.275,20.975
2019-01-02,2510.030029296875,23.219999313354492,23.125,21.875,20.875
2019-01-03,2447.889892578125,25.450000762939453,24.375,22.775,21.525
2019-01-04,2531.93994140625,21.3799991607666,21.925,21.225,20.475
2019-01-07,2549.68994140625,21.399999618530273,21.425,20.925,20.325
2019-01-08,2574.409912109375,20.469999313354492,20.625,20.625,20.125
2019-01-09,2584.9599609375,19.979999542236328,20.125,20.275,20.0
2019-01-10,2596.639892578125,19.5,19.875,20.025,19.925
2019-01-11,2596.260009765625,18.190000534057617,19.025,19.475,19.625
2019-01-14,2582.610107421875,19.06999969482422,19.225,19.475,19.525
2019-01-15,2610.300048828125,18.600000381469727,18.825,18.825,19.075
2019-01-16,2616.10009765625,19.040000915527344,18.87,19.025,19.075
2019-01-17,2635.9599609375,18.059999465942383,18.525,18.775,18.875
2019-01-18,2670.7099609375,17.799999237060547,18.325,18.625,18.675
2019-01-22,2632.89990234375,20.799999237060547,20.175,19.725,19.275
2019-01-23,2638.699951171875,19.520000457763672,19.725,19.575,19.275
2019-01-24,2642.330078125,18.88999938964844,19.175,19.225,18.925
2019-01-25,2664.760009765625,17.420000076293945,18.275,18.525,18.575
2019-01-28,2643.85009765625,18.8700008392334,19.125,19.125,18.925
2019-01-29,2640.0,19.1299991607666,18.925,18.875,18.675
2019-01-30,2681.050048828125,17.65999984741211,17.975,18.375,18.525
2019-01-31,2704.10009765625,16.56999969482422,17.125,17.775,18.125
2019-02-01,2706.530029296875,16.139999389648438,17.025,17.525,17.925
2019-02-04,2724.8701171875,15.729999542236328,16.525,17.075,17.525
2019-02-05,2737.699951171875,15.56999969482422,16.525,16.975,17.375
2019-02-06,2731.610107421875,15.380000114440918,16.375,16.825,17.275
2019-02-07,2706.050048828125,16.3700008392334,17.175,17.375,17.575
2019-02-08,2707.8798828125,15.720000267028809,16.625,17.075,17.475
2019-02-11,2709.800048828125,15.970000267028809,16.225,16.975,17.425
2019-02-12,2744.72998046875,15.43000030517578,15.625,16.725,17.275
2019-02-13,2753.030029296875,15.649999618530272,15.6,16.675,17.075
2019-02-14,2745.72998046875,16.219999313354492,16.925,17.125,17.475
2019-02-15,2775.60009765625,14.90999984741211,16.325,16.625,17.125
2019-02-19,2779.760009765625,14.880000114440918,16.325,16.625,17.075
2019-02-20,2784.699951171875,14.020000457763672,15.575,16.225,16.875
2019-02-21,2774.8798828125,14.460000038146973,15.875,16.475,16.925
2019-02-22,2792.669921875,13.510000228881836,15.175,15.925,16.625
2019-02-25,2796.110107421875,14.850000381469728,15.575,16.125,16.525
2019-02-26,2793.89990234375,15.170000076293944,15.725,16.375,16.775
2019-02-27,2792.3798828125,14.699999809265137,15.675,16.325,16.725
2019-02-28,2784.489990234375,14.779999732971191,15.575,16.225,16.75
2019-03-01,2803.68994140625,13.56999969482422,14.825,15.625,16.4
2019-03-04,2792.81005859375,14.630000114440918,15.275,15.875,16.525
2019-03-05,2789.64990234375,14.739999771118164,15.475,16.075,16.625
2019-03-06,2771.449951171875,15.739999771118164,16.075,16.475,16.925
2019-03-07,2748.929931640625,16.59000015258789,16.725,16.875,17.275
2019-03-08,2743.070068359375,16.049999237060547,16.675,16.975,17.35
2019-03-11,2783.300048828125,14.329999923706056,15.025,15.925,16.675
2019-03-12,2791.52001953125,13.770000457763672,14.475,15.675,16.475
2019-03-13,2810.919921875,13.40999984741211,14.075,15.475,16.275
2019-03-14,2808.47998046875,13.5,13.925,15.325,16.275
2019-03-15,2822.47998046875,12.880000114440918,13.475,14.875,16.025
2019-03-18,2832.93994140625,13.100000381469728,12.925,15.025,16.125
2019-03-19,2832.570068359375,13.5600004196167,12.35,15.125,16.275
2019-03-20,2824.22998046875,13.90999984741211,15.325,16.125,16.725
2019-03-21,2854.8798828125,13.630000114440918,15.075,15.925,16.525
2019-03-22,2800.7099609375,16.479999542236328,16.725,17.125,17.275
2019-03-25,2798.360107421875,16.329999923706055,16.825,17.225,17.475
2019-03-26,2818.4599609375,14.68000030517578,15.925,16.675,17.175
2019-03-27,2805.3701171875,15.149999618530272,16.225,16.975,17.475
2019-03-28,2815.43994140625,14.43000030517578,15.625,16.625,17.275
2019-03-29,2834.39990234375,13.710000038146973,15.225,16.325,16.925
2019-04-01,2867.18994140625,13.399999618530272,14.875,15.975,16.675
2019-04-02,2867.239990234375,13.359999656677246,14.875,16.075,16.775
2019-04-03,2873.39990234375,13.739999771118164,14.875,16.025,16.575
2019-04-04,2879.389892578125,13.579999923706056,14.775,15.925,16.625
2019-04-05,2892.739990234375,12.81999969482422,14.325,15.675,16.425
2019-04-08,2895.77001953125,13.18000030517578,14.475,15.675,16.325
2019-04-09,2878.199951171875,14.279999732971191,15.075,16.225,16.825
2019-04-10,2888.2099609375,13.300000190734863,14.425,15.775,16.625
2019-04-11,2888.320068359375,13.020000457763672,13.825,15.525,16.425
2019-04-12,2907.409912109375,12.010000228881836,12.775,14.775,16.175
2019-04-15,2905.580078125,12.31999969482422,12.575,14.675,16.125
2019-04-16,2907.06005859375,12.18000030517578,12.575,14.625,16.225
2019-04-17,2900.449951171875,12.600000381469728,11.71,14.625,16.225
2019-04-18,2905.030029296875,12.09000015258789,14.425,15.575,16.575
2019-04-22,2907.969970703125,12.420000076293944,14.175,15.375,16.375
2019-04-23,2933.679931640625,12.279999732971191,14.125,15.325,16.375
2019-04-24,2927.25,13.140000343322754,14.575,15.625,16.425
2019-04-25,2926.169921875,13.25,14.825,15.975,16.675
2019-04-26,2939.8798828125,12.729999542236328,14.325,15.525,16.425
2019-04-29,2943.030029296875,13.109999656677246,14.525,15.725,16.525
2019-04-30,2945.830078125,13.119999885559082,14.425,15.775,16.575
2019-05-01,2923.72998046875,14.800000190734863,15.225,16.325,16.975
2019-05-02,2917.52001953125,14.420000076293944,15.175,16.225,16.975
2019-05-03,2945.639892578125,12.869999885559082,14.275,15.575,16.575
2019-05-06,2932.469970703125,15.4399995803833,15.525,16.325,16.875
2019-05-07,2884.050048828125,19.31999969482422,17.875,17.725,17.725
2019-05-08,2879.419921875,19.399999618530273,18.175,17.925,17.625
2019-05-09,2870.719970703125,19.100000381469727,17.975,17.875,17.675
2019-05-10,2881.39990234375,16.040000915527344,16.125,16.825,17.1
2019-05-13,2811.8701171875,20.549999237060547,19.525,18.975,18.425
2019-05-14,2834.409912109375,18.059999465942383,18.125,18.075,17.725
2019-05-15,2850.9599609375,16.440000534057617,16.925,17.375,17.425
2019-05-16,2876.320068359375,15.289999961853027,15.725,16.775,17.225
2019-05-17,2859.530029296875,15.960000038146973,15.875,17.025,17.275
2019-05-20,2840.22998046875,16.309999465942383,16.125,17.175,17.475
2019-05-21,2864.360107421875,14.949999809265137,15.025,16.275,16.975
2019-05-22,2856.27001953125,14.75,15.01,16.225,17.075
2019-05-23,2822.239990234375,16.920000076293945,17.325,17.625,17.725
2019-05-24,2826.06005859375,15.850000381469728,16.725,17.325,17.625
2019-05-28,2802.389892578125,17.5,17.375,17.725,17.875
2019-05-29,2783.02001953125,17.899999618530273,17.775,18.025,18.075
2019-05-30,2788.860107421875,17.299999237060547,17.425,17.825,17.875
2019-05-31,2752.06005859375,18.709999084472656,18.175,18.375,18.325
2019-06-03,2744.449951171875,18.86000061035156,18.275,18.325,18.275
2019-06-04,2803.27001953125,16.969999313354492,17.225,17.675,17.725
2019-06-05,2826.14990234375,16.09000015258789,16.625,17.325,17.575
2019-06-06,2843.489990234375,15.93000030517578,16.475,17.125,17.425
2019-06-07,2873.340087890625,16.299999237060547,16.725,17.225,17.525
2019-06-10,2886.72998046875,15.9399995803833,16.375,17.025,17.325
2019-06-11,2885.719970703125,15.989999771118164,16.475,17.125,17.475
2019-06-12,2879.840087890625,15.90999984741211,16.325,17.025,17.475
2019-06-13,2891.639892578125,15.81999969482422,16.125,17.025,17.475
2019-06-14,2886.97998046875,15.279999732971191,15.775,16.775,17.325
2019-06-17,2889.669921875,15.350000381469728,15.275,16.625,17.125
2019-06-18,2917.75,15.149999618530272,15.075,16.625,17.225
2019-06-19,2926.4599609375,14.329999923706056,14.8,15.875,16.975
2019-06-20,2954.179931640625,14.75,16.125,16.725,17.075
2019-06-21,2950.4599609375,15.399999618530272,16.525,17.125,17.475
2019-06-24,2945.35009765625,15.260000228881836,16.275,16.975,17.325
2019-06-25,2917.3798828125,16.280000686645508,16.675,17.325,17.675
2019-06-26,2913.780029296875,16.209999084472656,16.525,17.275,17.575
2019-06-27,2924.919921875,15.81999969482422,16.075,16.975,17.375
2019-06-28,2941.760009765625,15.079999923706056,15.525,16.575,17.075
2019-07-01,2964.330078125,14.0600004196167,14.925,16.125,16.775
2019-07-02,2973.010009765625,12.93000030517578,14.225,15.575,16.475
2019-07-03,2995.820068359375,12.56999969482422,14.025,15.525,16.375
2019-07-05,2990.409912109375,13.279999732971191,14.325,15.675,16.425
2019-07-08,2975.949951171875,13.960000038146973,14.875,16.025,16.675
2019-07-09,2979.6298828125,14.09000015258789,14.825,16.075,16.775
2019-07-10,2993.070068359375,13.029999732971191,14.025,15.575,16.525
2019-07-11,2999.909912109375,12.93000030517578,13.625,15.425,16.425
2019-07-12,3013.77001953125,12.390000343322754,13.125,15.225,16.375
2019-07-15,3014.300048828125,12.68000030517578,12.875,15.225,16.425
2019-07-16,3004.0400390625,12.859999656677246,12.775,15.325,16.625
2019-07-17,2984.419921875,13.970000267028809,12.69,15.725,16.875
2019-07-18,2995.110107421875,13.529999732971191,15.325,16.375,16.875
2019-07-19,2976.610107421875,14.449999809265137,15.875,16.725,16.975
2019-07-22,2985.030029296875,13.529999732971191,15.175,16.375,16.925
2019-07-23,3005.469970703125,12.609999656677246,14.775,16.125,16.625
2019-07-24,3019.56005859375,12.06999969482422,14.375,15.825,16.375
2019-07-25,3003.669921875,12.739999771118164,14.675,16.125,16.625
2019-07-26,3025.860107421875,12.15999984741211,14.375,15.825,16.475
2019-07-29,3020.969970703125,12.829999923706056,14.475,15.925,16.425
2019-07-30,3013.179931640625,13.9399995803833,15.075,16.425,16.775
2019-07-31,2980.3798828125,16.1200008392334,16.075,17.175,17.325
2019-08-01,2953.56005859375,17.8700008392334,17.475,17.775,17.525
2019-08-02,2932.050048828125,17.610000610351562,17.475,17.675,17.475
2019-08-05,2844.739990234375,24.59000015258789,21.625,20.225,18.925
2019-08-06,2881.77001953125,20.170000076293945,19.675,19.425,18.525
2019-08-07,2883.97998046875,19.489999771118164,19.375,19.125,18.375
2019-08-08,2938.090087890625,16.90999984741211,17.725,18.075,17.675
2019-08-09,2918.64990234375,17.969999313354492,18.475,18.575,18.025
2019-08-12,2882.699951171875,21.09000015258789,20.775,19.975,18.925
2019-08-13,2926.320068359375,17.520000457763672,18.125,18.475,18.125
2019-08-14,2840.60009765625,22.100000381469727,21.425,20.425,19.325
2019-08-15,2847.60009765625,21.18000030517578,21.175,20.475,19.325
2019-08-16,2888.679931640625,18.469999313354492,18.775,19.325,18.875
2019-08-19,2923.64990234375,16.8799991607666,16.825,18.075,18.125
2019-08-20,2900.510009765625,17.5,17.225,18.475,18.575
2019-08-21,2924.429931640625,15.800000190734863,15.63,17.375,18.125
2019-08-22,2922.949951171875,16.68000030517578,17.875,18.325,17.975
2019-08-23,2847.110107421875,19.8700008392334,19.675,19.475,18.875
2019-08-26,2878.3798828125,19.31999969482422,19.425,19.425,18.725
2019-08-27,2869.159912109375,20.309999465942383,20.125,20.075,19.225
2019-08-28,2887.93994140625,19.350000381469727,19.375,19.625,18.925
2019-08-29,2924.580078125,17.8799991607666,18.475,19.025,18.525
2019-08-30,2926.4599609375,18.979999542236328,18.825,19.175,18.675
2019-09-03,2906.27001953125,19.65999984741211,19.525,19.525,19.025
2019-09-04,2937.780029296875,17.329999923706055,18.075,18.675,18.4
2019-09-05,2976.0,16.270000457763672,17.275,18.225,18.175
2019-09-06,2978.7099609375,15.0,16.525,17.725,17.875
2019-09-09,2978.429931640625,15.270000457763672,16.425,17.675,17.775
2019-09-10,2979.389892578125,15.199999809265137,16.225,17.675,17.875
2019-09-11,3000.929931640625,14.609999656677246,15.725,17.325,17.725
2019-09-12,3009.570068359375,14.220000267028809,14.975,17.025,17.575
2019-09-13,3007.389892578125,13.739999771118164,14.475,16.875,17.625
2019-09-16,2997.9599609375,14.670000076293944,14.625,17.275,17.925
2019-09-17,3005.699951171875,14.4399995803833,14.525,17.075,18.025
2019-09-18,3006.72998046875,13.949999809265137,14.54,16.375,17.725
2019-09-19,3006.7900390625,14.050000190734863,16.225,17.575,18.325
2019-09-20,2992.070068359375,15.31999969482422,17.225,18.375,18.875
2019-09-23,2991.780029296875,14.90999984741211,16.725,18.025,18.675
2019-09-24,2966.60009765625,17.049999237060547,17.875,18.675,19.125
2019-09-25,2984.8701171875,15.960000038146973,17.225,18.375,18.875
2019-09-26,2977.6201171875,16.06999969482422,17.425,18.575,19.0
2019-09-27,2961.7900390625,17.219999313354492,18.025,19.025,19.225
2019-09-30,2976.739990234375,16.239999771118164,17.125,18.275,18.825
2019-10-01,2940.25,18.559999465942383,18.575,19.325,19.475
2019-10-02,2887.610107421875,20.559999465942383,20.075,20.175,20.175
2019-10-03,2910.6298828125,19.1200008392334,18.975,19.375,19.675
2019-10-04,2952.010009765625,17.040000915527344,17.625,18.675,19.175
2019-10-07,2938.7900390625,17.860000610351562,17.975,18.775,19.225
2019-10-08,2893.06005859375,20.280000686645508,20.075,19.975,20.125
2019-10-09,2919.39990234375,18.63999938964844,18.575,19.275,19.775
2019-10-10,2938.1298828125,17.56999969482422,17.625,18.825,19.425
2019-10-11,2970.27001953125,15.579999923706056,15.825,18.075,19.025
2019-10-14,2966.14990234375,14.56999969482422,14.525,17.325,18.675
2019-10-15,2995.679931640625,13.539999961853027,13.625,16.875,18.375
2019-10-16,2989.68994140625,13.68000030517578,13.78,16.725,18.375
2019-10-17,2997.949951171875,13.789999961853027,16.575,17.425,18.575
2019-10-18,2986.199951171875,14.25,16.675,17.525,18.775
2019-10-21,3006.719970703125,14.0,16.075,17.225,18.475
2019-10-22,2995.989990234375,14.460000038146973,16.475,17.575,18.725
2019-10-23,3004.52001953125,14.010000228881836,16.175,17.325,18.525
2019-10-24,3010.2900390625,13.710000038146973,16.025,17.275,18.525
2019-10-25,3022.550048828125,12.649999618530272,15.425,16.925,18.225
2019-10-28,3039.419921875,13.109999656677246,15.625,17.025,18.375
2019-10-29,3036.889892578125,13.199999809265137,15.475,17.025,18.425
2019-10-30,3046.77001953125,12.329999923706056,14.975,16.475,18.125
2019-10-31,3037.56005859375,13.220000267028809,15.275,16.725,18.325
2019-11-01,3066.909912109375,12.300000190734863,14.575,16.175,18.025
2019-11-04,3078.27001953125,12.829999923706056,14.725,16.225,17.975
2019-11-05,3074.6201171875,13.100000381469728,15.025,16.575,18.225
2019-11-06,3076.780029296875,12.619999885559082,14.775,16.325,18.225
2019-11-07,3085.179931640625,12.729999542236328,14.625,16.175,18.125
2019-11-08,3093.080078125,12.06999969482422,14.275,16.025,18.075
2019-11-11,3087.010009765625,12.6899995803833,14.075,15.825,17.875
2019-11-12,3091.840087890625,12.68000030517578,13.875,15.825,17.925
2019-11-13,3094.0400390625,13.0,13.975,15.825,17.925
2019-11-14,3096.6298828125,13.050000190734863,13.725,15.625,17.775
2019-11-15,3120.4599609375,12.050000190734863,12.975,15.125,17.525
2019-11-18,3122.030029296875,12.460000038146973,12.675,15.025,17.425
2019-11-19,3120.179931640625,12.859999656677246,13.075,15.225,17.525
2019-11-20,3108.4599609375,12.779999732971191,13.01,15.175,17.775
2019-11-21,3103.5400390625,13.130000114440918,15.325,17.025,18.275
2019-11-22,3110.2900390625,12.34000015258789,14.775,16.725,18.075
2019-11-25,3133.639892578125,11.869999885559082,14.075,16.225,17.725
2019-11-26,3140.52001953125,11.539999961853027,13.875,16.075,17.575
2019-11-27,3153.6298828125,11.75,13.825,16.125,17.575
2019-11-29,3140.97998046875,12.619999885559082,14.125,16.375,17.875
2019-12-02,3113.8701171875,14.90999984741211,15.225,17.075,18.275
2019-12-03,3093.199951171875,15.960000038146973,16.225,17.575,18.525
2019-12-04,3112.760009765625,14.800000190734863,15.325,16.975,18.225
2019-12-05,3117.429931640625,14.520000457763672,15.025,16.775,18.075
2019-12-06,3145.909912109375,13.619999885559082,14.425,16.375,17.675
2019-12-09,3135.9599609375,15.859999656677246,15.625,17.125,18.075
2019-12-10,3132.52001953125,15.68000030517578,15.275,16.875,18.025
2019-12-11,3141.6298828125,14.989999771118164,14.775,16.575,17.825
2019-12-12,3168.570068359375,13.9399995803833,13.625,15.925,17.375
2019-12-13,3168.800048828125,12.630000114440918,12.575,15.175,16.975
2019-12-16,3191.449951171875,12.140000343322754,12.225,14.825,16.775
2019-12-17,3192.52001953125,12.289999961853027,12.475,14.875,16.875
2019-12-18,3191.139892578125,12.579999923706056,11.99,14.825,16.825
2019-12-19,3205.3701171875,12.5,14.625,16.275,17.225
2019-12-20,3221.219970703125,12.510000228881836,14.775,16.425,17.275
2019-12-23,3224.010009765625,12.609999656677246,14.775,16.575,17.275
2019-12-24,3223.3798828125,12.670000076293944,14.525,16.475,17.225
2019-12-26,3239.909912109375,12.649999618530272,14.525,16.575,17.225
2019-12-27,3240.02001953125,13.43000030517578,15.125,17.025,17.625
2019-12-30,3221.2900390625,14.81999969482422,15.525,17.375,17.9
2019-12-31,3230.780029296875,13.779999732971191,14.625,16.625,17.425
2020-01-02,3257.85009765625,12.470000267028809,14.075,16.125,17.025
2020-01-03,3234.85009765625,14.020000457763672,15.025,16.725,17.325
2020-01-06,3246.280029296875,13.850000381469728,14.875,16.675,17.275
2020-01-07,3237.179931640625,13.789999961853027,14.675,16.525,17.225
2020-01-08,3253.050048828125,13.449999809265137,14.175,16.125,16.925
2020-01-09,3274.699951171875,12.539999961853027,13.625,15.775,16.675
2020-01-10,3265.35009765625,12.5600004196167,13.575,15.725,16.575
2020-01-13,3288.1298828125,12.31999969482422,13.175,15.375,16.375
2020-01-14,3283.14990234375,12.390000343322754,13.075,15.225,16.3
2020-01-15,3289.2900390625,12.420000076293944,12.925,15.175,16.175
2020-01-16,3316.81005859375,12.31999969482422,12.575,14.925,15.975
2020-01-17,3329.6201171875,12.100000381469728,12.525,14.925,16.025
2020-01-21,3320.7900390625,12.850000381469728,12.925,15.075,16.025
2020-01-22,3321.75,12.90999984741211,12.62,15.175,16.275
2020-01-23,3325.5400390625,12.979999542236328,15.025,15.675,16.475
2020-01-24,3295.469970703125,14.5600004196167,16.025,16.225,16.725
2020-01-27,3243.6298828125,18.229999542236328,17.775,17.325,17.425
2020-01-28,3276.239990234375,16.280000686645508,16.675,16.825,16.975
2020-01-29,3273.39990234375,16.389999389648438,16.675,16.775,17.025
2020-01-30,3283.659912109375,15.489999771118164,16.075,16.425,16.725
2020-01-31,3225.52001953125,18.84000015258789,18.225,17.725,17.575
2020-02-03,3248.919921875,17.969999313354492,17.975,17.425,17.275
2020-02-04,3297.590087890625,16.049999237060547,16.525,16.525,16.675
2020-02-05,3334.68994140625,15.149999618530272,15.725,16.125,16.525
2020-02-06,3345.780029296875,14.960000038146973,15.575,15.975,16.4
2020-02-07,3327.7099609375,15.470000267028809,16.025,16.225,16.675
2020-02-10,3352.090087890625,15.039999961853027,15.625,15.975,16.525
2020-02-11,3357.75,15.18000030517578,15.625,15.925,16.575
2020-02-12,3379.449951171875,13.739999771118164,14.475,15.325,16.275
2020-02-13,3373.93994140625,14.149999618530272,14.825,15.575,16.475
2020-02-14,3380.159912109375,13.68000030517578,14.425,15.425,16.325
2020-02-18,3370.2900390625,14.829999923706056,14.875,15.825,16.675
2020-02-19,3386.14990234375,14.380000114440918,14.51,15.375,16.525
2020-02-20,3373.22998046875,15.5600004196167,16.075,16.825,17.175
2020-02-21,3337.75,17.079999923706055,16.925,17.325,17.375
2020-02-24,3225.889892578125,25.030000686645508,20.075,19.375,18.375
2020-02-25,3128.2099609375,27.850000381469727,22.225,20.875,19.275
2020-02-26,3116.389892578125,27.559999465942383,22.325,20.975,19.425
2020-02-27,2978.760009765625,39.15999984741211,26.275,23.525,20.925
2020-02-28,2954.219970703125,40.11000061035156,26.325,23.025,20.375
2020-03-02,3090.22998046875,33.41999816894531,26.275,23.325,20.325
2020-03-03,3003.3701171875,36.81999969482422,29.175,25.525,21.575
2020-03-04,3130.1201171875,31.989999771118164,27.425,24.625,21.375
2020-03-05,3023.93994140625,39.619998931884766,31.875,27.525,23.225
2020-03-06,2972.3701171875,41.939998626708984,35.775,30.325,24.675
2020-03-09,2746.56005859375,54.459999084472656,44.375,36.225,27.775
2020-03-10,2882.22998046875,47.29999923706055,41.825,34.775,27.225
2020-03-11,2741.3798828125,53.900001525878906,46.35,38.575,29.275
2020-03-12,2480.639892578125,75.47000122070312,58.3,45.825,33.025
2020-03-13,2711.02001953125,57.83000183105469,53.425,43.9,30.65
2020-03-16,2386.1298828125,82.69000244140625,72.625,59.15,38.95
2020-03-17,2529.18994140625,75.91000366210938,68.825,61.425,42.075
2020-03-18,2398.10009765625,76.44999694824219,69.76,70.475,51.5
2020-03-19,2409.389892578125,72.0,66.3,58.975,42.975
2020-03-20,2304.919921875,66.04000091552734,61.525,56.625,42.075
2020-03-23,2237.39990234375,61.59000015258789,49.45,45.325,34.475
2020-03-24,2447.330078125,61.66999816894531,48.25,40.15,30.9
2020-03-25,2475.56005859375,63.95000076293945,51.275,44.525,34.8
2020-03-26,2630.070068359375,61.0,45.875,39.65,32.325
2020-03-27,2541.469970703125,65.54000091552734,53.425,44.825,35.35
2020-03-30,2626.64990234375,57.08000183105469,49.775,42.75,34.3
2020-03-31,2584.590087890625,53.540000915527344,46.775,40.925,33.925
2020-04-01,2470.5,57.060001373291016,51.325,44.625,36.775
2020-04-02,2526.89990234375,50.90999984741211,47.175,42.025,35.425
2020-04-03,2488.64990234375,46.79999923706055,44.925,40.9,35.025
2020-04-06,2663.679931640625,45.2400016784668,41.775,37.925,33.475
2020-04-07,2659.409912109375,46.70000076293945,44.025,39.675,34.1
2020-04-08,2749.97998046875,43.349998474121094,42.375,38.3,33.55
2020-04-09,2789.820068359375,41.66999816894531,41.275,36.925,32.525
2020-04-13,2761.6298828125,41.16999816894531,40.575,36.125,32.1
2020-04-14,2846.06005859375,37.7599983215332,37.875,32.975,31.025
2020-04-15,2783.360107421875,40.84000015258789,42.51,36.575,33.075
2020-04-16,2799.550048828125,40.11000061035156,36.525,34.425,31.85
2020-04-17,2874.56005859375,38.150001525878906,34.575,33.075,30.875
2020-04-20,2823.159912109375,43.83000183105469,39.075,36.225,32.875
2020-04-21,2736.56005859375,45.40999984741211,41.775,38.675,34.425
2020-04-22,2799.31005859375,41.97999954223633,39.625,37.375,33.825
2020-04-23,2797.800048828125,41.380001068115234,39.725,37.725,33.975
2020-04-24,2836.739990234375,35.93000030517578,36.775,35.575,32.875
2020-04-27,2878.47998046875,33.290000915527344,33.875,33.475,31.475
2020-04-28,2863.389892578125,33.56999969482422,34.175,33.825,31.775
2020-04-29,2939.510009765625,31.229999542236328,31.925,31.775,30.575
2020-04-30,2912.429931640625,34.150001525878906,33.975,33.225,31.325
2020-05-01,2830.7099609375,37.189998626708984,37.35,35.975,33.375
2020-05-04,2842.739990234375,35.970001220703125,35.675,34.975,33.075
2020-05-05,2868.43994140625,33.61000061035156,34.025,33.775,32.125
2020-05-06,2848.419921875,34.119998931884766,34.775,34.575,32.675
2020-05-07,2881.18994140625,31.440000534057617,32.125,32.625,31.375
2020-05-08,2929.800048828125,27.979999542236328,29.325,30.725,30.15
2020-05-11,2930.18994140625,27.56999969482422,27.825,29.025,29.275
2020-05-12,2870.1201171875,33.040000915527344,33.075,32.925,31.7
2020-05-13,2820.0,35.279998779296875,35.075,34.925,32.675
2020-05-14,2852.5,32.61000061035156,32.375,32.925,32.05
2020-05-15,2863.699951171875,31.88999938964844,32.125,32.725,32.075
2020-05-18,2953.909912109375,29.299999237060547,28.925,30.1,30.225
2020-05-19,2922.93994140625,30.530000686645508,30.75,32.075,31.275
2020-05-20,2971.610107421875,27.989999771118164,28.11,29.775,30.325
2020-05-21,2948.510009765625,29.530000686645508,31.025,31.625,31.475
2020-05-22,2955.449951171875,28.15999984741211,30.375,31.075,31.1
2020-05-26,2991.77001953125,28.010000228881836,29.625,30.475,30.425
2020-05-27,3036.1298828125,27.6200008392334,29.075,30.075,30.125
2020-05-28,3029.72998046875,28.59000015258789,30.325,31.125,30.775
2020-05-29,3044.31005859375,27.510000228881836,28.825,30.175,30.225
2020-06-01,3055.72998046875,28.229999542236328,29.525,30.775,30.525
2020-06-02,3080.820068359375,26.84000015258789,28.225,30.025,30.025
2020-06-03,3122.8701171875,25.65999984741211,27.0,29.075,29.325
2020-06-04,3112.35009765625,25.809999465942383,26.725,28.725,29.075
2020-06-05,3193.929931640625,24.520000457763672,25.325,27.175,27.675
2020-06-08,3232.389892578125,25.809999465942383,26.025,27.925,28.325
2020-06-09,3207.179931640625,27.56999969482422,27.625,29.575,29.275
2020-06-10,3190.139892578125,27.56999969482422,27.475,29.025,28.925
2020-06-11,3002.10009765625,40.790000915527344,40.625,39.675,35.075
2020-06-12,3041.31005859375,36.09000015258789,35.075,34.825,32.875
2020-06-15,3066.590087890625,34.400001525878906,33.9,34.075,32.575
2020-06-16,3124.739990234375,33.66999816894531,33.1,33.625,32.85
2020-06-17,3113.489990234375,33.470001220703125,33.44,33.625,32.675
2020-06-18,3115.340087890625,32.939998626708984,33.575,33.375,33.8
2020-06-19,3097.739990234375,35.119998931884766,35.275,34.725,35.125
2020-06-22,3117.860107421875,31.770000457763672,31.625,31.675,33.175
2020-06-23,3131.2900390625,31.3700008392334,31.925,31.925,33.075
2020-06-24,3050.330078125,33.84000015258789,33.575,33.475,34.475
2020-06-25,3083.760009765625,32.220001220703125,32.175,32.325,33.575
2020-06-26,3009.050048828125,34.72999954223633,34.525,34.475,35.325
2020-06-29,3053.239990234375,31.780000686645508,32.325,32.825,34.025
2020-06-30,3100.2900390625,30.43000030517578,30.875,31.825,33.175
2020-07-01,3115.860107421875,28.6200008392334,29.825,30.825,32.775
2020-07-02,3130.010009765625,27.68000030517578,29.075,30.075,32.425
2020-07-06,3179.719970703125,27.940000534057617,29.25,30.2,32.475
2020-07-07,3145.320068359375,29.43000030517578,30.575,31.125,33.175
2020-07-08,3169.93994140625,28.079999923706055,29.525,30.425,32.575
2020-07-09,3152.050048828125,29.260000228881836,30.225,31.225,33.2
2020-07-10,3185.0400390625,27.290000915527344,28.775,30.325,32.775
2020-07-13,3155.219970703125,32.189998626708984,31.825,32.975,34.875
2020-07-14,3197.52001953125,29.520000457763672,29.625,31.275,33.525
2020-07-15,3226.56005859375,27.760000228881836,28.325,30.375,33.125
2020-07-16,3215.570068359375,28.0,28.125,30.275,33.125
2020-07-17,3224.72998046875,25.68000030517578,26.425,28.975,32.425
2020-07-20,3251.840087890625,24.459999084472656,24.725,27.525,31.275
2020-07-21,3257.300048828125,24.84000015258789,24.775,27.825,31.475
2020-07-22,3276.02001953125,24.31999969482422,25.45,27.25,31.25
2020-07-23,3235.659912109375,26.079999923706055,28.775,30.275,29.975
2020-07-24,3215.6298828125,25.84000015258789,28.725,30.525,30.375
2020-07-27,3239.409912109375,24.739999771118164,27.525,29.925,29.975
2020-07-28,3218.43994140625,25.440000534057617,27.525,29.875,30.075
2020-07-29,3258.43994140625,24.100000381469727,26.775,29.475,29.825
2020-07-30,3246.219970703125,24.760000228881836,27.175,29.825,30.025
2020-07-31,3271.1201171875,24.459999084472656,26.825,29.625,30.025
2020-08-03,3294.610107421875,24.280000686645508,26.775,29.375,29.875
2020-08-04,3306.510009765625,23.760000228881836,25.875,28.425,29.125
2020-08-05,3327.77001953125,22.989999771118164,25.325,28.125,29.025
2020-08-06,3349.159912109375,22.649999618530273,24.875,27.875,28.85
2020-08-07,3351.280029296875,22.209999084472656,24.625,27.825,28.975
2020-08-10,3360.469970703125,22.1299991607666,23.775,27.125,28.575
2020-08-11,3333.68994140625,24.030000686645508,24.925,28.175,29.275
2020-08-12,3380.35009765625,22.280000686645508,23.275,26.875,28.525
2020-08-13,3373.429931640625,22.1299991607666,23.225,26.825,28.575
2020-08-14,3372.85009765625,22.049999237060547,23.275,26.975,28.775
2020-08-17,3381.989990234375,21.350000381469727,21.775,25.825,28.125
2020-08-18,3389.780029296875,21.510000228881836,21.775,25.475,28.225
2020-08-19,3374.85009765625,22.540000915527344,21.71,26.225,28.675
2020-08-20,3385.510009765625,22.719999313354492,25.875,29.225,27.825
2020-08-21,3397.159912109375,22.540000915527344,25.925,29.575,28.175
2020-08-24,3431.280029296875,22.3700008392334,25.825,29.575,28.2
2020-08-25,3443.6201171875,22.030000686645508,25.475,29.475,28.075
2020-08-26,3478.72998046875,23.270000457763672,26.075,30.375,28.525
2020-08-27,3484.550048828125,24.469999313354492,27.025,31.325,28.825
2020-08-28,3508.010009765625,22.959999084472656,26.95,31.675,28.925
2020-08-31,3500.31005859375,26.40999984741211,27.875,33.225,29.675
2020-09-01,3526.64990234375,26.1200008392334,28.325,33.525,29.875
2020-09-02,3580.840087890625,26.56999969482422,28.875,35.325,30.775
2020-09-03,3455.06005859375,33.599998474121094,33.875,39.025,31.575
2020-09-04,3426.9599609375,30.75,29.65,36.175,30.925
2020-09-08,3331.840087890625,31.459999084472656,30.225,34.625,29.4
2020-09-09,3398.9599609375,28.809999465942383,28.375,33.225,29.325
2020-09-10,3339.18994140625,29.709999084472656,28.775,32.675,29.075
2020-09-11,3340.969970703125,26.8700008392334,26.325,31.875,29.425
2020-09-14,3383.5400390625,25.850000381469727,25.725,31.375,29.025
2020-09-15,3401.199951171875,25.59000015258789,25.375,30.425,29.425
2020-09-16,3385.489990234375,26.040000915527344,26.12,30.525,29.975
2020-09-17,3357.010009765625,26.459999084472656,29.825,30.575,29.675
2020-09-18,3319.469970703125,25.829999923706055,30.075,30.675,29.775
2020-09-21,3281.06005859375,27.780000686645508,31.225,31.675,30.275
2020-09-22,3315.570068359375,26.86000061035156,31.375,32.175,30.575
2020-09-23,3236.919921875,28.579999923706055,32.475,33.325,31.075
2020-09-24,3246.590087890625,28.510000228881836,32.225,33.675,31.025
2020-09-25,3298.4599609375,26.3799991607666,31.225,32.925,30.325
2020-09-28,3351.60009765625,26.190000534057617,30.825,32.975,29.925
2020-09-29,3335.469970703125,26.270000457763672,29.775,32.075,29.625
2020-09-30,3363.0,26.3700008392334,30.375,32.875,29.875
2020-10-01,3380.800048828125,26.700000762939453,30.675,32.475,30.15
2020-10-02,3348.419921875,27.6299991607666,32.075,33.175,30.575
2020-10-05,3408.60009765625,27.959999084472656,30.825,32.225,29.85
2020-10-06,3360.969970703125,29.479999542236328,31.225,32.225,29.975
2020-10-07,3419.43994140625,28.059999465942383,30.025,31.725,29.725
2020-10-08,3446.830078125,26.36000061035156,28.125,30.425,28.925
2020-10-09,3477.139892578125,25.0,26.875,29.025,27.95
2020-10-12,3534.219970703125,25.06999969482422,26.325,28.575,27.625
2020-10-13,3511.929931640625,26.06999969482422,26.775,28.575,27.525
2020-10-14,3488.669921875,26.399999618530273,27.075,28.2,27.4
2020-10-15,3483.340087890625,26.969999313354492,27.575,28.875,27.7
2020-10-16,3483.81005859375,27.40999984741211,27.875,29.025,27.975
2020-10-19,3426.919921875,29.18000030517578,29.175,30.225,28.575
2020-10-20,3443.1201171875,29.350000381469727,29.275,29.975,28.7
2020-10-21,3435.56005859375,28.649999618530273,29.07,29.225,28.225
2020-10-22,3453.489990234375,28.11000061035156,28.825,28.525,27.625
2020-10-23,3465.389892578125,27.549999237060547,28.775,28.625,27.625
2020-10-26,3400.969970703125,32.459999084472656,31.325,30.375,28.825
2020-10-27,3390.679931640625,33.349998474121094,31.325,30.925,28.9
2020-10-28,3271.030029296875,40.279998779296875,36.0,34.725,30.775
2020-10-29,3310.110107421875,37.59000015258789,33.125,32.575,29.525
2020-10-30,3269.9599609375,38.02000045776367,34.1,34.075,30.175
2020-11-02,3310.239990234375,37.130001068115234,33.375,33.175,29.175
2020-11-03,3369.159912109375,35.54999923706055,31.425,31.575,28.325
2020-11-04,3443.43994140625,29.56999969482422,28.375,29.175,27.475
2020-11-05,3510.449951171875,27.579999923706055,27.775,28.775,27.675
2020-11-06,3509.43994140625,24.86000061035156,25.475,27.175,27.3
2020-11-09,3550.5,25.75,25.575,26.275,25.675
2020-11-10,3545.530029296875,24.799999237060547,24.675,25.425,25.625
2020-11-11,3572.659912109375,23.450000762939453,23.825,24.975,25.475
2020-11-12,3537.010009765625,25.350000381469727,25.875,26.575,26.275
2020-11-13,3585.14990234375,23.100000381469727,23.325,25.075,25.675
2020-11-16,3626.909912109375,22.450000762939453,22.925,24.525,25.575
2020-11-17,3609.530029296875,22.709999084472656,22.975,24.025,25.375
2020-11-18,3567.7900390625,23.84000015258789,22.41,24.875,26.225
2020-11-19,3581.8701171875,23.11000061035156,24.475,25.925,25.925
2020-11-20,3557.5400390625,23.700000762939453,24.375,25.825,25.925
2020-11-23,3577.590087890625,22.65999984741211,24.1,25.725,25.725
2020-11-24,3635.409912109375,21.63999938964844,23.6,25.625,25.7
2020-11-25,3629.64990234375,21.25,22.625,24.825,25.275
2020-11-27,3638.35009765625,20.84000015258789,22.825,25.025,25.325
2020-11-30,3621.6298828125,20.56999969482422,22.375,24.575,25.075
2020-12-01,3662.449951171875,20.770000457763672,22.825,24.425,25.125
2020-12-02,3669.010009765625,21.170000076293945,22.675,24.325,24.975
2020-12-03,3666.719970703125,21.280000686645508,22.975,24.475,25.175
2020-12-04,3699.1201171875,20.790000915527344,22.475,24.225,24.975
2020-12-07,3691.9599609375,21.299999237060547,22.475,24.325,25.125
2020-12-08,3702.25,20.68000030517578,21.375,23.625,24.725
2020-12-09,3672.820068359375,22.270000457763672,22.525,24.375,25.375
2020-12-10,3668.10009765625,22.520000457763672,22.525,24.675,25.575
2020-12-11,3663.4599609375,23.309999465942383,23.625,25.575,26.075
2020-12-14,3647.489990234375,24.719999313354492,24.275,26.125,26.525
2020-12-15,3694.6201171875,22.88999938964844,22.875,24.975,26.175
2020-12-16,3701.169921875,22.5,23.35,24.1,25.875
2020-12-17,3722.47998046875,21.93000030517578,23.825,25.425,25.925
2020-12-18,3709.409912109375,21.56999969482422,24.175,25.725,26.175
2020-12-21,3694.919921875,25.15999984741211,26.325,27.125,26.675
2020-12-22,3687.260009765625,24.229999542236328,25.775,26.925,26.825
2020-12-23,3690.010009765625,23.309999465942383,24.625,26.175,26.125
2020-12-24,3703.06005859375,21.530000686645508,23.825,25.625,25.8
2020-12-28,3735.360107421875,21.700000762939453,23.675,25.575,25.775
2020-12-29,3727.0400390625,23.079999923706055,24.625,26.425,26.475
2020-12-30,3732.0400390625,22.770000457763672,23.675,25.625,25.925
2020-12-31,3756.070068359375,22.75,23.675,25.575,25.95
2021-01-04,3700.64990234375,26.969999313354492,26.275,27.125,26.825
2021-01-05,3726.860107421875,25.34000015258789,25.325,26.425,26.425
2021-01-06,3748.139892578125,25.06999969482422,25.125,26.275,26.225
2021-01-07,3803.7900390625,22.3700008392334,23.225,24.975,25.725
2021-01-08,3824.679931640625,21.559999465942383,22.775,24.825,25.575
2021-01-11,3799.610107421875,24.079999923706055,24.475,26.175,26.575
2021-01-12,3801.18994140625,23.329999923706055,23.325,25.425,26.225
2021-01-13,3809.840087890625,22.209999084472656,22.675,25.075,26.0
2021-01-14,3795.5400390625,23.25,23.175,25.325,26.475
2021-01-15,3768.25,24.34000015258789,23.775,25.975,26.925
2021-01-19,3798.909912109375,23.239999771118164,23.225,25.225,26.875
2021-01-20,3851.85009765625,21.579999923706055,22.59,24.775,26.675
2021-01-21,3853.070068359375,21.31999969482422,24.525,26.225,26.975
2021-01-22,3841.469970703125,21.90999984741211,24.875,26.525,27.075
2021-01-25,3855.360107421875,23.190000534057617,25.9535,27.4004,27.6674
2021-01-26,3849.6201171875,23.020000457763672,25.4095,27.2267,27.7888
2021-01-27,3750.77001953125,37.209999084472656,31.5342,31.2313,29.9922
2021-01-28,3787.3798828125,30.209999084472656,30.3946,30.7199,29.4496
2021-01-29,3714.239990234375,33.09000015258789,32.3859,32.4205,30.5068
2021-02-01,3773.860107421875,30.239999771118164,30.3302,31.0263,30.1151
2021-02-02,3826.31005859375,25.559999465942383,27.5781,28.7376,28.9762
2021-02-03,3830.169921875,22.90999984741211,25.7794,27.6514,28.2887
2021-02-04,3871.739990234375,21.770000457763672,24.2274,26.7436,28.05
2021-02-05,3886.830078125,20.8700008392334,24.0993,26.65,28.0456
2021-02-08,3915.590087890625,21.239999771118164,23.8379,26.5484,28.1
2021-02-09,3911.22998046875,21.6299991607666,23.7021,26.6863,28.5
2021-02-10,3909.8798828125,21.989999771118164,23.7413,27.2855,29.2004
2021-02-11,3916.3798828125,21.25,22.71,26.692,29.0421
2021-02-12,3934.830078125,19.969999313354492,21.3594,25.8785,28.75
2021-02-16,3932.590087890625,21.459999084472656,21.2418,26.1251,29.0977
2021-02-17,3931.330078125,21.5,22.81,25.6,29.1871
2021-02-18,3913.969970703125,22.489999771118164,25.8017,28.65,29.5825
2021-02-19,3906.7099609375,22.049999237060547,24.7988,27.8902,29.3
2021-02-22,3876.5,23.450000762939453,25.9031,28.6508,29.85
2021-02-23,3881.3701171875,23.11000061035156,24.748,27.8272,29.3
2021-02-24,3925.429931640625,21.34000015258789,23.7595,26.7495,28.3886
2021-02-25,3829.340087890625,28.88999938964844,28.215,29.6522,29.886
2021-02-26,3811.14990234375,27.950000762939453,26.7444,28.2329,29.1549
2021-03-01,3901.820068359375,23.350000381469727,24.6158,26.9033,28.1036
2021-03-02,3870.2900390625,24.100000381469727,24.765,27.0329,28.5484
2021-03-03,3819.719970703125,26.670000076293945,26.1275,27.9008,28.9505
2021-03-04,3768.469970703125,28.56999969482422,27.521,28.9361,29.5554
2021-03-05,3841.93994140625,24.65999984741211,25.0507,27.2112,28.3466
2021-03-08,3821.35009765625,25.469999313354492,25.3667,27.6657,28.803
2021-03-09,3875.43994140625,24.030000686645508,23.9726,26.7188,28.3688
2021-03-10,3898.81005859375,22.559999465942383,23.5048,26.4616,28.2118
2021-03-11,3939.340087890625,21.90999984741211,22.8882,25.8013,27.7066
2021-03-12,3943.340087890625,20.690000534057617,21.9778,25.4109,27.7586
2021-03-15,3968.93994140625,20.030000686645508,20.1006,23.9781,26.9892
2021-03-16,3962.7099609375,19.790000915527344,19.9204,24.047,26.8014
2021-03-17,3974.1201171875,19.229999542236328,20.8,23.0025,25.9829
2021-03-18,3915.4599609375,21.579999923706055,24.3001,25.8014,27.0
2021-03-19,3913.10009765625,20.950000762939453,23.315,25.2669,27.05
2021-03-22,3940.590087890625,18.8799991607666,21.731,23.9449,25.85
2021-03-23,3910.52001953125,20.299999237060547,22.833,24.7467,26.2
2021-03-24,3889.139892578125,21.200000762939453,22.9775,24.7612,26.1517
2021-03-25,3909.52001953125,19.809999465942383,22.3056,24.2012,25.7045
2021-03-26,3974.5400390625,18.86000061035156,21.3859,23.3135,25.1614
2021-03-29,3971.090087890625,20.739999771118164,22.0032,23.6502,25.1
2021-03-30,3958.550048828125,19.61000061035156,21.0321,22.8076,24.3811
2021-03-31,3972.889892578125,19.399999618530273,20.734,22.6758,24.3
2021-04-01,4019.8701171875,17.329999923706055,20.0824,22.0336,23.8539
2021-04-05,4077.909912109375,17.90999984741211,19.5423,21.4914,23.35
2021-04-06,4073.93994140625,18.1200008392334,19.561,21.4864,23.2518
2021-04-07,4079.949951171875,17.15999984741211,18.986,21.0655,23.1
2021-04-08,4097.169921875,16.950000762939453,18.4887,20.805,23.05
2021-04-09,4128.7998046875,16.690000534057617,18.1505,20.8262,23.1646
2021-04-12,4127.990234375,16.90999984741211,18.0039,20.5653,23.0074
2021-04-13,4141.58984375,16.649999618530273,17.6781,20.4734,23.1873
2021-04-14,4124.66015625,16.989999771118164,18.0989,20.9333,23.4063
2021-04-15,4170.419921875,16.56999969482422,17.1523,20.2942,23.1557
2021-04-16,4185.47021484375,16.25,17.0019,19.955,22.85
2021-04-19,4163.259765625,17.290000915527344,17.657,20.7006,23.4524
2021-04-20,4134.93994140625,18.68000030517578,18.6526,21.0528,23.9038
2021-04-21,4173.419921875,17.5,19.28,19.9955,23.1962
2021-04-22,4134.97998046875,18.709999084472656,21.1658,22.8048,24.4389
2021-04-23,4180.169921875,17.329999923706055,20.4318,22.191,24.05
2021-04-26,4187.6201171875,17.639999389648438,20.2051,22.1001,23.9507
2021-04-27,4186.72021484375,17.559999465942383,19.7093,21.6953,23.5529
2021-04-28,4183.18017578125,17.280000686645508,19.6632,21.7018,23.6549
2021-04-29,4211.47021484375,17.610000610351562,19.5684,21.598,23.55
2021-04-30,4181.169921875,18.61000061035156,20.438,22.2391,23.976
2021-05-03,4192.66015625,18.309999465942383,19.7324,21.5522,23.4848
2021-05-04,4164.66015625,19.479999542236328,20.5493,22.2357,23.9
2021-05-05,4167.58984375,19.149999618530273,19.9784,21.6758,23.5
2021-05-06,4201.6201171875,18.38999938964844,19.6892,21.6227,23.5
2021-05-07,4232.60009765625,16.690000534057617,18.2917,20.5424,22.9005
2021-05-10,4188.43017578125,19.65999984741211,19.4819,21.3487,23.3922
2021-05-11,4152.10009765625,21.84000015258789,21.2388,22.8487,24.35
2021-05-12,4063.0400390625,27.59000015258789,25.9725,26.4334,26.5172
2021-05-13,4112.5,23.1299991607666,22.6932,24.0809,24.8911
2021-05-14,4173.85009765625,18.809999465942383,19.1312,21.3668,23.3341
2021-05-17,4163.2900390625,19.719999313354492,19.9063,22.1144,23.8924
2021-05-18,4127.830078125,21.34000015258789,21.1438,22.3794,24.5043
2021-05-19,4115.68017578125,22.18000030517578,25.21,23.3861,24.8198
2021-05-20,4159.1201171875,20.670000076293945,22.1031,23.6346,24.6491
2021-05-21,4155.85986328125,20.149999618530273,21.8453,23.28,24.3574
2021-05-24,4197.0498046875,18.399999618530273,20.7569,22.4758,23.7
2021-05-25,4188.1298828125,18.84000015258789,20.7012,22.6499,23.8974
2021-05-26,4195.990234375,17.360000610351562,19.6232,21.6727,23.2715
2021-05-27,4200.8798828125,16.739999771118164,18.5669,20.6488,22.58
2021-05-28,4204.10986328125,16.760000228881836,19.1343,20.8509,22.6626
2021-06-01,4202.0400390625,17.899999618530273,19.5551,21.3709,22.8556
2021-06-02,4208.1201171875,17.479999542236328,18.9248,21.0457,22.9165
2021-06-03,4192.85009765625,18.040000915527344,19.2865,21.3869,23.15
2021-06-04,4229.89013671875,16.420000076293945,18.1246,20.3389,22.4
2021-06-07,4226.52001953125,16.420000076293945,17.6359,20.0021,22.2506
2021-06-08,4227.259765625,17.06999969482422,17.9012,20.2319,22.25
2021-06-09,4219.5498046875,17.889999389648438,18.3797,20.4981,22.5785
2021-06-10,4239.18017578125,16.100000381469727,16.9031,19.443,21.6078
2021-06-11,4247.43994140625,15.649999618530272,16.5505,18.8501,21.3936
2021-06-14,4255.14990234375,16.389999389648438,16.4514,19.0759,21.4883
2021-06-15,4246.58984375,17.020000457763672,17.1014,19.5645,21.802
2021-06-16,4223.7001953125,18.149999618530273,16.38,19.623,21.9897
2021-06-17,4221.85986328125,17.75,19.5146,20.9062,22.3196
2021-06-18,4166.4501953125,20.700000762939453,21.339,22.2601,23.182
2021-06-21,4224.7900390625,17.889999389648438,19.9159,21.1897,22.5711
2021-06-22,4246.43994140625,16.65999984741211,18.8265,20.5299,22.2474
2021-06-23,4241.83984375,16.31999969482422,18.4413,20.1918,21.95
2021-06-24,4266.490234375,15.970000267028809,18.167,19.853,21.7
2021-06-25,4280.7001953125,15.619999885559082,17.7017,19.6252,21.7276
2021-06-28,4290.60986328125,15.760000228881836,17.7213,19.516,21.599
2021-06-29,4291.7998046875,16.020000457763672,18.1278,19.953,21.8899
2021-06-30,4297.5,15.829999923706056,17.9033,19.7487,21.8544
2021-07-01,4319.93994140625,15.479999542236328,17.4735,19.5447,21.7
2021-07-02,4352.33984375,15.06999969482422,17.4706,19.4999,21.65
2021-07-06,4343.5400390625,16.440000534057617,17.9987,19.8513,21.825
2021-07-07,4358.1298828125,16.200000762939453,18.0485,19.9455,21.9514
2021-07-08,4320.81982421875,19.0,19.545,20.9988,22.5539
2021-07-09,4369.5498046875,16.18000030517578,17.7962,19.8444,21.9502
2021-07-12,4384.6298828125,16.170000076293945,17.3713,19.8395,22.2
2021-07-13,4369.2099609375,17.1200008392334,17.7342,20.0157,22.3518
2021-07-14,4374.2998046875,16.329999923706055,17.047,19.6029,22.25
2021-07-15,4360.02978515625,17.010000228881836,17.51,19.8149,22.2019
2021-07-16,4327.16015625,18.450000762939453,18.6228,20.6339,22.5793
2021-07-19,4258.490234375,22.5,22.738,23.6675,23.9996
2021-07-20,4323.06005859375,19.729999542236328,19.9561,21.4852,23.3957
2021-07-21,4358.68994140625,17.90999984741211,18.9,20.1082,22.5494
2021-07-22,4367.47998046875,17.690000534057617,20.5665,21.85,22.8901
2021-07-23,4411.7900390625,17.200000762939453,20.3675,21.6506,22.7003
2021-07-26,4422.2998046875,17.579999923706055,20.1497,21.6947,22.8403
2021-07-27,4401.4599609375,19.36000061035156,20.7147,22.2005,23.1721
2021-07-28,4400.64013671875,18.309999465942383,20.1089,21.7999,22.9289
2021-07-29,4419.14990234375,17.700000762939453,19.7092,21.5483,22.8
2021-07-30,4395.259765625,18.239999771118164,20.274,22.0749,23.2496
2021-08-02,4387.16015625,19.459999084472656,21.1496,22.7197,23.7
2021-08-03,4423.14990234375,18.040000915527344,19.8525,21.8428,23.1793
2021-08-04,4402.66015625,17.969999313354492,19.8494,21.7559,23.1982
2021-08-05,4429.10009765625,17.280000686645508,19.3129,21.2892,22.9
2021-08-06,4436.52001953125,16.149999618530273,18.7024,20.751,22.5119
2021-08-09,4432.35009765625,16.719999313354492,18.4231,20.6867,22.5513
2021-08-10,4436.75,16.790000915527344,17.9776,20.3456,22.4013
2021-08-11,4442.41015625,16.170000076293945,17.4443,19.7318,21.9304
2021-08-12,4460.830078125,15.59000015258789,17.0028,19.3979,21.5493
2021-08-13,4468.0,15.449999809265137,16.631,19.486,21.5587
2021-08-16,4479.7099609375,16.1200008392334,16.504,19.6237,21.7125
2021-08-17,4448.080078125,17.90999984741211,17.5787,20.1697,22.3124
2021-08-18,4400.27001953125,21.56999969482422,18.58,21.7058,23.3363
2021-08-19,4405.7998046875,21.670000076293945,22.346,23.1773,23.386
2021-08-20,4441.669921875,18.559999465942383,20.5273,22.1551,22.9318
2021-08-23,4479.52978515625,17.149999618530273,19.8468,21.6622,22.7243
2021-08-24,4486.22998046875,17.219999313354492,19.7306,21.6582,22.75
2021-08-25,4496.18994140625,16.790000915527344,19.2328,21.2899,22.5005
2021-08-26,4470.0,18.84000015258789,20.1229,21.9501,22.8592
2021-08-27,4509.3701171875,16.389999389648438,18.9529,21.1309,22.2424
2021-08-30,4528.7900390625,16.190000534057617,18.746,20.9491,22.2999
2021-08-31,4522.68017578125,16.479999542236328,18.6212,20.9074,22.3
2021-09-01,4524.08984375,16.110000610351562,18.0805,20.446,21.9659
2021-09-02,4536.9501953125,16.40999984741211,17.9632,20.4432,22.0
2021-09-03,4535.43017578125,16.40999984741211,18.3528,20.5624,22.1502
2021-09-07,4520.02978515625,18.13999938964844,18.8314,20.9005,22.448
2021-09-08,4514.06982421875,17.959999084472656,18.7658,20.9315,22.6114
2021-09-09,4493.27978515625,18.799999237060547,19.3716,21.353,22.8946
2021-09-10,4458.580078125,20.950000762939453,20.6249,22.1543,23.2004
2021-09-13,4468.72998046875,19.3700008392334,19.298,21.3321,22.9873
2021-09-14,4443.0498046875,19.459999084472656,19.715,21.5605,23.3061
2021-09-15,4480.7001953125,18.18000030517578,19.79,20.8379,23.0433
2021-09-16,4473.75,18.690000534057617,20.5556,22.0021,23.85
2021-09-17,4432.990234375,20.809999465942383,21.9377,22.9489,24.3495
2021-09-20,4357.72998046875,25.709999084472656,24.4629,24.6975,25.4788
2021-09-21,4354.18994140625,24.36000061035156,23.4294,24.1154,24.9932
2021-09-22,4395.64013671875,20.8700008392334,22.0994,23.1347,24.3399
2021-09-23,4448.97998046875,18.6299991607666,20.5996,22.2012,23.6541
2021-09-24,4455.47998046875,17.75,19.8182,21.6471,23.45
2021-09-27,4443.10986328125,18.760000228881836,20.1083,21.6778,23.4418
2021-09-28,4352.6298828125,23.25,22.5173,23.4435,24.5862
2021-09-29,4359.4599609375,22.559999465942383,22.9912,23.7823,24.7555
2021-09-30,4307.5400390625,23.13999938964844,22.8678,23.6859,24.8007
2021-10-01,4357.0400390625,21.100000381469727,21.994,23.2158,24.4823
2021-10-04,4300.4599609375,22.959999084472656,22.681,23.6992,25.0296
2021-10-05,4345.72021484375,21.299999237060547,21.7541,23.0271,24.424
2021-10-06,4363.5498046875,21.0,21.2171,22.6587,24.2522
2021-10-07,4399.759765625,19.540000915527344,20.1013,22.0851,23.8978
2021-10-08,4391.33984375,18.770000457763672,19.7169,21.6097,23.8636
2021-10-11,4361.18994140625,20.0,20.1505,21.8565,23.9
2021-10-12,4350.64990234375,19.850000381469727,19.7169,21.4506,23.6
2021-10-13,4363.7998046875,18.63999938964844,19.1506,21.107,23.4057
2021-10-14,4438.259765625,16.860000610351562,17.6014,20.0046,22.7996
2021-10-15,4471.3701171875,16.299999237060547,17.1727,20.0983,23.0032
2021-10-18,4486.4599609375,16.309999465942383,16.618,19.6962,23.0615
2021-10-19,4519.6298828125,15.699999809265137,15.9647,19.5287,23.0004
2021-10-20,4536.18994140625,15.489999771118164,15.35,19.3155,22.7
2021-10-21,4549.77978515625,15.010000228881836,18.6977,20.6504,23.2
2021-10-22,4544.89990234375,15.43000030517578,19.1016,21.1001,23.4862
2021-10-25,4566.47998046875,15.239999771118164,18.5505,20.4983,23.05
2021-10-26,4574.7900390625,15.979999542236328,18.9246,20.8037,23.2502
2021-10-27,4551.68017578125,16.979999542236328,19.3496,21.2962,23.6082
2021-10-28,4596.419921875,16.530000686645508,18.6503,20.8493,23.2
2021-10-29,4605.3798828125,16.260000228881836,18.7793,21.0533,23.4754
2021-11-01,4613.669921875,16.40999984741211,18.3999,20.8006,23.3491
2021-11-02,4630.64990234375,16.030000686645508,17.8505,20.3509,23.0429
2021-11-03,4660.56982421875,15.100000381469728,17.1078,19.7495,22.5557
2021-11-04,4680.06005859375,15.4399995803833,17.4041,20.084,22.9
2021-11-05,4697.52978515625,16.479999542236328,18.4401,20.5057,23.222
2021-11-08,4701.7001953125,17.219999313354492,18.4945,20.5003,23.25
2021-11-09,4685.25,17.780000686645508,18.9001,20.827,23.6
2021-11-10,4646.7099609375,18.729999542236328,19.5268,21.0045,23.6217
2021-11-11,4649.27001953125,17.65999984741211,18.7588,20.7957,23.3865
2021-11-12,4682.85009765625,16.290000915527344,17.4182,20.108,23.1752
2021-11-15,4682.7998046875,16.489999771118164,17.0011,19.891,23.132
2021-11-16,4700.89990234375,16.3700008392334,16.7991,20.0017,23.2013
2021-11-17,4688.669921875,17.110000610351562,16.34,20.2745,23.602
2021-11-18,4704.5400390625,17.59000015258789,20.4995,22.6455,24.6
2021-11-19,4697.9599609375,17.90999984741211,20.7994,22.7497,24.5716
2021-11-22,4682.93994140625,19.170000076293945,21.1529,23.0998,24.85
2021-11-23,4690.7001953125,19.3799991607666,20.563,22.6656,24.5712
2021-11-24,4701.4599609375,18.579999923706055,20.348,22.4538,24.4247
2021-11-26,4594.6201171875,28.6200008392334,26.5412,27.0096,27.1271
2021-11-29,4655.27001953125,22.959999084472656,22.2041,23.7474,25.219
2021-11-30,4567.0,27.190000534057617,25.6865,26.4777,26.9063
2021-12-01,4513.0400390625,31.1200008392334,27.8304,27.964,27.7563
2021-12-02,4577.10009765625,27.950000762939453,25.9392,26.905,27.0685
2021-12-03,4538.43017578125,30.670000076293945,28.7301,28.6173,28.1169
2021-12-06,4591.669921875,27.18000030517578,25.8521,26.6506,27.0088
2021-12-07,4686.75,21.88999938964844,22.5437,24.2002,25.5536
2021-12-08,4701.2099609375,19.899999618530273,20.8267,23.0192,24.891
2021-12-09,4667.4501953125,21.579999923706055,21.5672,23.5593,25.1042
2021-12-10,4712.02001953125,18.690000534057617,19.7975,22.2662,24.4502
2021-12-13,4668.97021484375,20.309999465942383,20.5841,23.1634,25.2573
2021-12-14,4634.08984375,21.88999938964844,21.2857,23.4828,25.5411
2021-12-15,4709.85009765625,19.290000915527344,19.0758,21.9711,24.4199
2021-12-16,4668.669921875,20.56999969482422,20.4217,22.8188,25.1453
2021-12-17,4620.64013671875,21.56999969482422,21.0691,23.5739,25.6924
2021-12-20,4568.02001953125,22.8700008392334,22.8089,24.3107,25.9998
2021-12-21,4649.22998046875,21.010000228881836,21.0726,23.1636,25.4724
2021-12-22,4696.56005859375,18.6299991607666,20.83,21.8007,24.7126
2021-12-23,4725.7900390625,17.959999084472656,21.6518,23.3994,25.5508
2021-12-27,4791.18994140625,17.68000030517578,21.0053,23.0302,25.2561
2021-12-28,4786.35009765625,17.540000915527344,20.5305,22.6303,24.9993
2021-12-29,4793.06005859375,16.950000762939453,20.0072,22.104,24.6607
2021-12-30,4778.72998046875,17.329999923706055,19.9439,22.047,24.7318
2021-12-31,4766.18017578125,17.219999313354492,19.6745,21.9705,24.6913
2022-01-03,4796.56005859375,16.600000381469727,18.8578,21.4095,24.3494
2022-01-04,4793.5400390625,16.90999984741211,18.8692,21.3187,24.3035
2022-01-05,4700.580078125,19.729999542236328,20.7745,22.6171,25.0611
2022-01-06,4696.0498046875,19.61000061035156,20.8496,22.8491,25.1
2022-01-07,4677.02978515625,18.760000228881836,20.398,22.0204,24.5117
2022-01-10,4670.2900390625,19.399999618530273,19.9034,21.7049,24.25
2022-01-11,4713.06982421875,18.40999984741211,18.954,20.9933,23.8575
2022-01-12,4726.35009765625,17.6200008392334,18.5814,20.9713,23.8495
2022-01-13,4659.02978515625,20.309999465942383,20.4167,22.0944,24.5498
2022-01-14,4662.85009765625,19.190000534057617,19.667,21.7462,24.1627
2022-01-18,4577.10986328125,22.790000915527344,22.6197,23.3922,24.9708
2022-01-19,4532.759765625,23.850000381469727,22.79,24.0687,25.1404
2022-01-20,4482.72998046875,25.59000015258789,24.9658,25.1061,25.5573
2022-01-21,4397.93994140625,28.850000381469727,27.3086,26.8399,26.6309
2022-01-24,4410.1298828125,29.899999618530273,28.0683,27.4498,26.6527
2022-01-25,4356.4501953125,31.15999984741211,28.1645,27.7313,26.9042
2022-01-26,4349.93017578125,31.959999084472656,28.633,28.1099,27.0837
2022-01-27,4326.509765625,30.489999771118164,28.8263,28.486,27.3178
2022-01-28,4431.85009765625,27.65999984741211,26.8734,27.0493,26.3675
2022-01-31,4515.5498046875,24.829999923706055,24.8523,25.5448,25.5759
2022-02-01,4546.5400390625,21.959999084472656,22.7458,23.9061,24.5904
2022-02-02,4589.3798828125,22.09000015258789,22.0259,23.6318,24.7158
2022-02-03,4477.43994140625,24.350000381469727,25.7306,26.0671,26.1561
2022-02-04,4500.52978515625,23.219999313354492,24.2613,25.1484,25.9505
2022-02-07,4483.8701171875,22.86000061035156,23.6521,24.5363,25.4929
2022-02-08,4521.5400390625,21.440000534057617,22.3116,23.4098,24.704
2022-02-09,4587.18017578125,19.959999084472656,21.1561,22.6687,24.2478
2022-02-10,4504.080078125,23.90999984741211,24.2186,24.5799,25.3574
2022-02-11,4418.64013671875,27.36000061035156,27.814,27.69,26.7377
2022-02-14,4401.669921875,28.329999923706055,28.3374,27.7476,26.6707
2022-02-15,4471.06982421875,25.700000762939453,25.3833,25.5484,25.6852
2022-02-16,4475.009765625,24.290000915527344,26.37,24.4723,24.9874
2022-02-17,4380.259765625,28.11000061035156,27.5683,26.8288,26.1945
2022-02-18,4348.8701171875,27.75,28.1482,27.2767,26.5241
2022-02-22,4304.759765625,28.809999465942383,27.9601,27.0851,26.3987
2022-02-23,4225.5,31.020000457763672,29.6693,28.5132,27.3487
2022-02-24,4288.7001953125,30.31999969482422,28.5487,27.7218,26.7573
2022-02-25,4384.64990234375,27.59000015258789,27.2572,26.9481,26.2504
2022-02-28,4373.93994140625,30.149999618530273,28.6169,28.1501,27.2058
2022-03-01,4306.259765625,33.31999969482422,32.1241,30.6762,28.7747
2022-03-02,4386.5400390625,30.739999771118164,29.6145,29.0901,27.7414
2022-03-03,4363.490234375,30.479999542236328,29.9057,29.4694,28.1499
2022-03-04,4328.8701171875,31.979999542236328,31.5274,30.3012,28.636
2022-03-07,4201.08984375,36.45000076293945,34.8105,32.86,30.467
2022-03-08,4170.7001953125,35.130001068115234,33.9186,32.6065,30.3992
2022-03-09,4277.8798828125,32.45000076293945,32.1193,31.4927,29.9072
2022-03-10,4259.52001953125,30.229999542236328,30.4155,30.1263,29.3331
2022-03-11,4204.31005859375,30.75,31.0024,30.78,29.8057
2022-03-14,4173.10986328125,31.770000457763672,31.8036,31.7235,30.2362
2022-03-15,4262.4501953125,29.829999923706055,32.28,30.7261,29.7888
2022-03-16,4357.85986328125,26.670000076293945,27.5411,27.9725,28.2453
2022-03-17,4411.669921875,25.670000076293945,27.1143,27.4593,27.8498
2022-03-18,4463.1201171875,23.8700008392334,25.6406,26.2185,26.9279
2022-03-21,4461.18017578125,23.530000686645508,25.482,26.1731,27.037
2022-03-22,4511.60986328125,22.940000534057617,24.9989,25.7186,26.6364
2022-03-23,4456.240234375,23.56999969482422,24.8925,25.7515,26.6245
2022-03-24,4520.16015625,21.670000076293945,24.2654,25.4518,26.4493
2022-03-25,4543.06005859375,20.809999465942383,23.4552,24.8564,26.0502
2022-03-28,4575.52001953125,19.6299991607666,22.9946,24.6115,25.8637
2022-03-29,4631.60009765625,18.899999618530273,21.7532,23.7145,25.3995
2022-03-30,4602.4501953125,19.329999923706055,22.07,24.0735,25.6294
2022-03-31,4530.41015625,20.559999465942383,23.469,24.9877,26.1055
2022-04-01,4545.85986328125,19.6299991607666,22.3324,24.2141,25.85
2022-04-04,4582.64013671875,18.56999969482422,20.9619,23.1475,25.3995
2022-04-05,4525.1201171875,21.030000686645508,23.2559,24.8412,26.4059
2022-04-06,4481.14990234375,22.100000381469727,23.7022,25.3363,26.7048
2022-04-07,4500.2099609375,21.549999237060547,22.9769,24.7128,26.4327
2022-04-08,4488.27978515625,21.15999984741211,22.8475,24.7489,26.4968
2022-04-11,4412.52978515625,24.3700008392334,24.7042,25.9219,27.2829
2022-04-12,4397.4501953125,24.260000228881836,25.0641,26.2047,27.4962
2022-04-13,4446.58984375,21.81999969482422,22.6858,24.4289,26.6828
2022-04-14,4392.58984375,22.700000762939453,23.4211,25.0983,27.1
2022-04-18,4391.68994140625,22.170000076293945,22.9518,24.7867,27.0
2022-04-19,4462.2099609375,21.3700008392334,21.1489,23.5416,26.1986
2022-04-20,4459.4501953125,20.31999969482422,20.3,22.9919,25.7432
2022-04-21,4393.66015625,22.68000030517578,24.6907,25.9855,27.1802
2022-04-22,4271.77978515625,28.209999084472656,27.9879,28.2171,28.4132
2022-04-25,4296.1201171875,27.020000457763672,27.2576,27.7051,28.0507
2022-04-26,4175.2001953125,33.52000045776367,30.3018,29.9546,29.4128
2022-04-27,4183.9599609375,31.600000381469727,30.8249,30.3942,29.5974
2022-04-28,4287.5,29.989999771118164,29.2407,29.2815,28.9084
2022-04-29,4131.93017578125,33.400001525878906,31.6487,31.2085,30.0042
2022-05-02,4155.3798828125,32.34000015258789,30.9477,30.9012,29.9175
2022-05-03,4175.47998046875,29.25,28.8864,29.3377,29.101
2022-05-04,4300.169921875,25.420000076293945,25.762,26.9854,27.6445
2022-05-05,4146.8701171875,31.200000762939453,31.3271,31.3722,30.533
2022-05-06,4123.33984375,30.190000534057617,30.8118,30.789,30.238
2022-05-09,3991.239990234375,34.75,33.8168,33.0703,31.8375
2022-05-10,4001.050048828125,32.9900016784668,32.254,31.9614,31.05
2022-05-11,3935.179931640625,32.560001373291016,32.1627,31.7389,31.0612
2022-05-12,3930.080078125,31.770000457763672,31.2544,31.261,30.7749
2022-05-13,4023.889892578125,28.8700008392334,28.8191,29.3959,29.767
2022-05-16,4008.010009765625,27.469999313354492,27.5856,28.0855,29.1323
2022-05-17,4088.85009765625,26.100000381469727,26.5988,27.4896,28.8758
2022-05-18,3923.679931640625,30.959999084472656,27.68,31.5195,30.9888
2022-05-19,3900.7900390625,29.350000381469727,29.286,29.7555,29.7999
2022-05-20,3901.360107421875,29.43000030517578,29.4224,29.9611,29.9942
2022-05-23,3973.75,28.479999542236328,29.0797,29.828,29.8946
2022-05-24,3941.47998046875,29.450000762939453,29.1855,29.8518,29.9183
2022-05-25,3978.72998046875,28.3700008392334,28.4859,29.1357,29.2999
2022-05-26,4057.840087890625,27.5,28.0636,29.0604,29.4
2022-05-27,4158.240234375,25.719999313354492,26.8678,28.174,28.8016
2022-05-31,4132.14990234375,26.190000534057617,26.4123,27.7908,28.6233
2022-06-01,4101.22998046875,25.690000534057617,26.1937,27.5714,28.513
2022-06-02,4176.81982421875,24.719999313354492,25.6001,27.0828,27.999
2022-06-03,4108.5400390625,24.790000915527344,25.9627,27.3039,28.2206
2022-06-06,4121.43017578125,25.06999969482422,25.5854,26.9709,28.0834
2022-06-07,4160.68017578125,24.020000457763672,24.6805,26.3045,27.6105
2022-06-08,4115.77001953125,23.959999084472656,24.6993,26.256,27.6113
2022-06-09,4017.820068359375,26.09000015258789,26.4245,27.4994,28.3854
2022-06-10,3900.860107421875,27.75,28.2892,29.0858,29.7342
2022-06-13,3749.6298828125,34.02000045776367,33.4687,32.8934,31.8321
2022-06-14,3735.47998046875,32.689998626708984,32.5815,31.8115,31.1679
2022-06-15,3789.989990234375,29.6200008392334,31.0,30.0306,30.0002
2022-06-16,3666.77001953125,32.95000076293945,31.9206,31.4868,31.2868
2022-06-17,3674.840087890625,31.1299991607666,30.902,30.6829,30.549
2022-06-21,3764.7900390625,30.190000534057617,30.3228,30.1912,30.0804
2022-06-22,3759.889892578125,28.950000762939453,29.0105,29.1196,29.5169
2022-06-23,3795.72998046875,29.049999237060547,29.0073,29.1839,29.548
2022-06-24,3911.739990234375,27.229999542236328,28.4774,28.7909,29.2078
2022-06-27,3900.110107421875,26.950000762939453,27.4118,28.0439,28.8687
2022-06-28,3821.550048828125,28.36000061035156,28.3331,28.7361,29.35
2022-06-29,3818.830078125,28.15999984741211,28.3335,28.8152,29.46
2022-06-30,3785.3798828125,28.709999084472656,28.5623,29.1774,29.779
2022-07-01,3825.330078125,26.700000762939453,27.689,28.5603,29.35
2022-07-05,3831.389892578125,27.540000915527344,27.7261,28.5555,29.35
2022-07-06,3845.080078125,26.729999542236328,27.1987,28.1548,29.1124
2022-07-07,3902.6201171875,26.079999923706055,26.85,27.8975,28.95
2022-07-08,3899.3798828125,24.63999938964844,26.049,27.3988,28.5997
2022-07-11,3854.429931640625,26.170000076293945,27.186,28.1191,29.0959
2022-07-12,3818.800048828125,27.290000915527344,27.3879,28.2453,29.2429
2022-07-13,3801.780029296875,26.81999969482422,26.8636,27.8784,29.217
2022-07-14,3790.3798828125,26.399999618530273,26.8663,27.9454,29.45
2022-07-15,3863.159912109375,24.229999542236328,25.2066,26.5589,28.667
2022-07-18,3830.85009765625,25.299999237060547,25.7016,27.3971,29.1
2022-07-19,3936.68994140625,24.5,24.83,27.0352,28.7279
2022-07-20,3959.89990234375,23.8799991607666,24.37,26.2684,28.3347
2022-07-21,3998.949951171875,23.11000061035156,25.7437,27.2669,28.3024
2022-07-22,3961.6298828125,23.030000686645508,25.5044,27.1502,28.25
2022-07-25,3966.840087890625,23.36000061035156,25.2141,27.0384,28.254
2022-07-26,3921.050048828125,24.690000534057617,25.9513,27.4397,28.4308
2022-07-27,4023.610107421875,23.239999771118164,25.0001,26.6903,27.7891
2022-07-28,4072.429931640625,22.329999923706055,23.667,25.5516,27.0761
2022-07-29,4130.2900390625,21.329999923706055,23.4158,25.3817,26.8004
2022-08-01,4118.6298828125,22.84000015258789,24.2144,26.0517,27.2053
2022-08-02,4091.18994140625,23.93000030517578,24.6115,26.3001,27.55
2022-08-03,4155.169921875,21.950000762939453,23.1634,25.1488,26.8053
2022-08-04,4151.93994140625,21.440000534057617,23.2001,25.2502,27.0804
2022-08-05,4145.18994140625,21.149999618530273,22.4476,24.7969,26.9262
2022-08-08,4140.06005859375,21.290000915527344,22.6589,24.8737,27.0
2022-08-09,4122.47021484375,21.770000457763672,22.989,25.0329,27.177
2022-08-10,4210.240234375,19.739999771118164,21.3507,23.5999,26.2852
2022-08-11,4207.27001953125,20.200000762939453,21.4995,23.8495,26.4526
2022-08-12,4280.14990234375,19.530000686645508,21.1867,23.6234,26.161
2022-08-15,4297.14013671875,19.950000762939453,20.426,23.2003,25.8656
2022-08-16,4305.2001953125,19.690000534057617,20.0006,23.4392,25.997
2022-08-17,4274.0400390625,19.899999618530273,20.11,23.2813,26.1235
2022-08-18,4283.740234375,19.559999465942383,22.9999,24.9003,26.2515
2022-08-19,4228.47998046875,20.600000381469727,24.1028,25.8998,26.801
2022-08-22,4137.990234375,23.799999237060547,25.8208,27.0156,27.5276
2022-08-23,4128.72998046875,24.11000061035156,25.3302,26.6492,27.3133
2022-08-24,4140.77001953125,22.81999969482422,24.3501,25.9673,26.9
2022-08-25,4199.1201171875,21.780000686645508,23.5977,25.3689,26.45
2022-08-26,4057.659912109375,25.559999465942383,26.1802,27.1727,27.5971
2022-08-29,4030.610107421875,26.209999084472656,26.0278,27.0047,27.4183
2022-08-30,3986.159912109375,26.209999084472656,26.4608,27.4382,27.7
2022-08-31,3955.0,25.8700008392334,25.7939,26.9681,27.5299
2022-09-01,3966.85009765625,25.559999465942383,25.6212,26.7581,27.3007
2022-09-02,3924.260009765625,25.469999313354492,25.9363,26.8979,27.4027
2022-09-06,3908.18994140625,26.90999984741211,26.7579,27.429,27.5699
2022-09-07,3979.8701171875,24.63999938964844,24.8966,26.0503,26.8494
2022-09-08,4006.179931640625,23.61000061035156,24.3161,25.7286,26.6791
2022-09-09,4067.360107421875,22.790000915527344,23.9496,25.5941,26.55
2022-09-12,4110.41015625,23.8700008392334,23.9193,25.3904,26.2524
2022-09-13,3932.68994140625,27.270000457763672,26.745,27.5215,27.7117
2022-09-14,3946.010009765625,26.15999984741211,26.4161,27.4742,27.749
2022-09-15,3901.35009765625,26.270000457763672,26.3637,27.3471,27.6262
2022-09-16,3873.330078125,26.299999237060547,26.2206,27.2494,27.6538
2022-09-19,3899.889892578125,25.760000228881836,25.7761,26.5139,26.9633
2022-09-20,3855.929931640625,27.15999984741211,26.9999,27.3749,27.3399
2022-09-21,3789.929931640625,27.989999771118164,26.65,28.1968,27.7963
2022-09-22,3757.989990234375,27.350000381469727,28.0956,27.8839,28.5707
2022-09-23,3693.22998046875,29.920000076293945,29.8592,29.1893,29.4666
2022-09-26,3655.0400390625,32.2599983215332,30.9247,30.0988,30.2518
2022-09-27,3647.2900390625,32.599998474121094,31.383,30.5638,30.4467
2022-09-28,3719.0400390625,30.18000030517578,29.8919,29.6506,29.87
2022-09-29,3640.469970703125,31.84000015258789,30.9432,30.3747,30.3998
2022-09-30,3585.6201171875,31.6200008392334,31.516,31.0717,30.7021
2022-10-03,3678.429931640625,30.100000381469727,29.9893,29.8482,30.05
2022-10-04,3790.929931640625,29.06999969482422,28.7999,28.8294,29.6329
2022-10-05,3783.280029296875,28.549999237060547,28.9643,29.0451,29.65
2022-10-06,3744.52001953125,30.520000457763672,29.9193,29.8446,30.1417
2022-10-07,3639.659912109375,31.36000061035156,31.1984,31.0177,30.8566
2022-10-10,3612.389892578125,32.45000076293945,32.1078,31.7382,31.3971
2022-10-11,3588.840087890625,33.630001068115234,32.754,32.1758,31.812
2022-10-12,3577.030029296875,33.56999969482422,32.1735,31.7784,31.5907
2022-10-13,3669.909912109375,31.940000534057617,31.0521,30.9996,30.9239
2022-10-14,3583.070068359375,32.02000045776367,31.9297,31.5866,31.4505
2022-10-17,3677.949951171875,31.3700008392334,31.1798,30.879,30.9932
2022-10-18,3719.97998046875,30.5,30.8564,30.1507,30.4497
2022-10-19,3695.159912109375,30.760000228881836,31.77,30.3978,30.5401
2022-10-20,3665.780029296875,29.979999542236328,29.9629,29.739,30.1879
2022-10-21,3752.75,29.690000534057617,29.9854,29.6699,30.0822
2022-10-24,3797.340087890625,29.850000381469727,29.3523,29.333,29.8417
2022-10-25,3859.110107421875,28.459999084472656,28.1854,28.3979,29.1948
2022-10-26,3830.60009765625,27.280000686645508,27.4876,27.8973,28.7988
2022-10-27,3807.300048828125,27.38999938964844,26.9184,27.4362,28.5658
2022-10-28,3901.06005859375,25.75,26.2602,26.9064,28.1066
2022-10-31,3871.97998046875,25.8799991607666,25.8753,26.3996,27.8803
2022-11-01,3856.10009765625,25.809999465942383,25.634,26.0041,27.5008
2022-11-02,3759.68994140625,25.86000061035156,26.4475,26.6968,27.9225
2022-11-03,3719.889892578125,25.299999237060547,25.6701,26.0972,27.5414
2022-11-04,3770.550048828125,24.549999237060547,25.5286,25.8355,27.1215
2022-11-07,3806.800048828125,24.350000381469727,25.1559,25.5002,26.9986
2022-11-08,3828.110107421875,25.540000915527344,26.1017,26.1902,27.4466
2022-11-09,3748.570068359375,26.09000015258789,26.857,27.0025,28.15
2022-11-10,3956.3701171875,23.530000686645508,24.6297,25.6828,27.4042
2022-11-11,3992.929931640625,22.520000457763672,23.95,25.4502,27.5676
2022-11-14,3957.25,23.729999542236328,24.237,25.3841,27.5344
2022-11-15,3991.72998046875,24.540000915527344,24.584,25.75,27.6879
2022-11-16,3958.7900390625,24.11000061035156,24.93,25.0542,27.3626
2022-11-17,3946.56005859375,23.93000030517578,24.7666,26.6705,27.6044
2022-11-18,3965.340087890625,23.1200008392334,24.515,26.5116,27.4309
2022-11-21,3949.93994140625,22.36000061035156,23.8139,25.9522,26.9589
2022-11-22,4003.580078125,21.290000915527344,22.9505,25.2737,26.4
2022-11-23,4027.260009765625,20.350000381469727,22.4026,24.8493,26.1
2022-11-25,4026.1201171875,20.5,22.4869,25.1004,26.3245
2022-11-28,3963.93994140625,22.209999084472656,23.4033,25.8527,26.958
2022-11-29,3957.6298828125,21.88999938964844,23.0397,25.4652,26.7008
2022-11-30,4080.110107421875,20.579999923706055,22.122,24.6671,26.05
2022-12-01,4076.570068359375,19.84000015258789,21.5747,24.3418,25.8
2022-12-02,4071.699951171875,19.059999465942383,21.2041,23.878,25.464
2022-12-05,3998.840087890625,20.75,21.6851,24.2994,25.7989
2022-12-06,3941.260009765625,22.170000076293945,22.4502,24.7988,25.919
2022-12-07,3933.919921875,22.68000030517578,22.8621,25.1489,26.0906
2022-12-08,3963.510009765625,22.290000915527344,22.3978,24.6494,25.7
2022-12-09,3934.3798828125,22.829999923706055,23.1016,25.0979,26.05
2022-12-12,3990.56005859375,25.0,23.1023,24.9368,25.7
2022-12-13,4019.64990234375,22.549999237060547,21.6885,23.9474,25.2148
2022-12-14,3995.320068359375,21.13999938964844,20.6262,23.2012,24.9517
2022-12-15,3895.75,22.829999923706055,22.3075,24.62,25.9043
2022-12-16,3852.360107421875,22.6200008392334,22.4507,24.681,26.2505
2022-12-19,3817.659912109375,22.420000076293945,22.147,24.0198,25.9009
2022-12-20,3821.6201171875,21.479999542236328,21.4848,23.9359,25.7922
2022-12-21,3878.43994140625,20.06999969482422,20.25,23.0131,25.15
2022-12-22,3822.389892578125,21.969999313354492,24.2555,25.301,26.4667
2022-12-23,3844.820068359375,20.8700008392334,23.6302,24.8909,26.0975
2022-12-27,3829.25,21.649999618530273,23.4524,24.8001,26.0455
2022-12-28,3783.219970703125,22.13999938964844,23.5481,24.7588,26.0094
2022-12-29,3849.280029296875,21.440000534057617,23.2091,24.4999,25.7996
2022-12-30,3839.5,21.670000076293945,23.0981,24.5453,25.8754
2023-01-03,3824.139892578125,22.899999618530273,23.0514,24.0825,25.3501
2023-01-04,3852.969970703125,22.010000228881836,22.401,23.3757,24.7676
2023-01-05,3808.10009765625,22.459999084472656,22.6516,23.5365,24.8493
2023-01-06,3895.080078125,21.1299991607666,22.1957,22.9488,24.2499
2023-01-09,3892.090087890625,21.969999313354492,22.2669,23.0757,24.2261
2023-01-10,3919.25,20.579999923706055,21.0949,22.1945,23.6533
2023-01-11,3969.610107421875,21.09000015258789,21.2004,22.3485,23.6512
2023-01-12,3983.169921875,18.829999923706055,19.82,21.252,23.05
2023-01-13,3999.090087890625,18.350000381469727,19.4988,20.7317,22.6009
2023-01-17,3990.969970703125,19.36000061035156,19.3155,20.9452,22.5505
2023-01-18,3928.860107421875,20.34000015258789,19.09,21.6874,23.3032
2023-01-19,3898.85009765625,20.520000457763672,21.7451,22.6023,23.6013
2023-01-20,3972.610107421875,19.850000381469727,21.086,22.032,23.05
2023-01-23,4019.81005859375,19.809999465942383,20.7548,21.8469,22.7992
2023-01-24,4016.949951171875,19.200000762939453,19.9502,21.0023,22.1314
2023-01-25,4016.219970703125,19.079999923706055,19.9583,21.0531,22.1008
2023-01-26,4060.429931640625,18.729999542236328,19.6703,20.8311,21.8581
2023-01-27,4070.56005859375,18.510000228881836,19.3177,20.4616,21.5505
2023-01-30,4017.77001953125,19.940000534057617,20.0481,20.874,21.7
2023-01-31,4076.60009765625,19.399999618530273,19.5257,20.4806,21.45
2023-02-01,4119.2099609375,17.8700008392334,18.7506,19.9559,21.103
2023-02-02,4179.759765625,18.729999542236328,19.2989,20.3479,21.4375
2023-02-03,4136.47998046875,18.329999923706055,19.3373,20.5476,21.749
2023-02-06,4111.080078125,19.43000030517578,20.0124,20.95,21.8905
2023-02-07,4164.0,18.65999984741211,19.2146,20.3507,21.5013
2023-02-08,4117.85986328125,19.6299991607666,20.0524,21.1509,22.1994
2023-02-09,4081.5,20.709999084472656,20.8103,21.7857,22.5861
2023-02-10,4090.4599609375,20.530000686645508,20.9304,22.0492,23.04
2023-02-13,4137.2900390625,20.34000015258789,19.9144,21.2484,22.2398
2023-02-14,4136.1298828125,18.90999984741211,18.6489,20.4267,21.7511
2023-02-15,4147.60009765625,18.229999542236328,18.69,20.0523,21.5989
2023-02-16,4090.409912109375,20.170000076293945,21.1605,21.901,22.4986
2023-02-17,4079.090087890625,20.020000457763672,21.2482,21.9486,22.5497
2023-02-21,3997.340087890625,22.8700008392334,22.9011,23.2459,23.4162
2023-02-22,3991.050048828125,22.290000915527344,22.2109,22.7161,23.0623
2023-02-23,4012.320068359375,21.13999938964844,21.3726,22.1509,22.7034
2023-02-24,3970.0400390625,21.670000076293945,22.1873,22.8954,23.2586
2023-02-27,3982.239990234375,20.950000762939453,21.3317,22.25,22.805
2023-02-28,3970.14990234375,20.700000762939453,20.7757,21.7518,22.5178
2023-03-01,3951.389892578125,20.579999923706055,21.0322,22.0497,22.75
2023-03-02,3981.35009765625,19.59000015258789,20.2009,21.2499,22.1453
2023-03-03,4045.639892578125,18.489999771118164,19.4984,20.7153,21.7949
2023-03-06,4048.419921875,18.61000061035156,19.2202,20.3629,21.3988
2023-03-07,3986.3701171875,19.59000015258789,19.7516,20.8009,21.7092
2023-03-08,3992.010009765625,19.11000061035156,19.3052,20.4505,21.5
2023-03-09,3918.320068359375,22.61000061035156,21.7964,22.4264,22.7315
2023-03-10,3861.590087890625,24.799999237060547,24.1808,24.7848,24.3023
2023-03-13,3855.760009765625,26.520000457763672,25.3724,25.5333,24.9612
2023-03-14,3919.2900390625,23.729999542236328,23.7017,23.9083,24.0946
2023-03-15,3891.929931640625,26.13999938964844,25.8129,25.8726,25.5061
2023-03-16,3960.280029296875,22.989999771118164,23.0155,23.5506,24.0992
2023-03-17,3916.639892578125,25.510000228881836,25.6342,26.1463,25.8912
2023-03-20,3951.570068359375,24.149999618530273,24.1683,24.942,25.2939
2023-03-21,4002.8701171875,21.3799991607666,21.5908,22.7699,23.7942
2023-03-22,3936.969970703125,22.260000228881836,20.68,23.5,24.0129
2023-03-23,3948.719970703125,22.61000061035156,24.2236,24.4969,25.0509
2023-03-24,3970.989990234375,21.739999771118164,23.2241,23.959,24.85
2023-03-27,3977.530029296875,20.600000381469727,22.2674,23.0993,24.1503
2023-03-28,3971.27001953125,19.969999313354492,21.6995,22.7125,23.9466
2023-03-29,4027.81005859375,19.1200008392334,20.9309,22.1493,23.5488
2023-03-30,4050.830078125,19.020000457763672,20.8277,22.1587,23.6487
2023-03-31,4109.31005859375,18.700000762939453,20.7642,22.1285,23.5941
2023-04-03,4124.509765625,18.549999237060547,20.2095,21.5513,23.15
2023-04-04,4100.60009765625,19.0,20.5997,21.9997,23.7
2023-04-05,4090.3798828125,19.079999923706055,20.4184,21.8447,23.7114
2023-04-06,4105.02001953125,18.399999618530273,19.9781,21.4985,23.55
2023-04-10,4109.10986328125,18.969999313354492,19.804,21.2259,23.1518
2023-04-11,4108.93994140625,19.100000381469727,19.7666,20.971,23.0515
2023-04-12,4091.949951171875,19.09000015258789,19.9518,21.0517,23.0262
2023-04-13,4146.22021484375,17.799999237060547,18.7342,20.4359,22.6998
2023-04-14,4137.64013671875,17.06999969482422,18.3523,20.09,22.699
2023-04-17,4151.31982421875,16.950000762939453,17.416,19.5767,22.2023
2023-04-18,4154.8701171875,16.829999923706055,17.0513,19.4442,22.35
2023-04-19,4154.52001953125,16.459999084472656,16.75,19.4007,22.4901
2023-04-20,4129.7900390625,17.170000076293945,19.8376,21.8001,23.2567
2023-04-21,4133.52001953125,16.770000457763672,19.4083,21.638,23.2056
2023-04-24,4137.0400390625,16.889999389648438,19.3262,21.5595,23.2
2023-04-25,4071.6298828125,18.760000228881836,21.0194,22.9737,24.1974
2023-04-26,4055.989990234375,18.84000015258789,20.4248,22.4992,23.8532
2023-04-27,4135.35009765625,17.030000686645508,19.4461,21.8142,23.5998
2023-04-28,4169.47998046875,15.779999732971191,18.4361,21.3015,23.4596
2023-05-01,4167.8701171875,16.079999923706055,18.1693,20.8044,23.053
2023-05-02,4119.580078125,17.780000686645508,19.3402,21.4668,23.497
2023-05-03,4090.75,18.34000015258789,19.9541,21.9995,23.867
2023-05-04,4061.219970703125,20.09000015258789,21.1905,22.9204,24.4942
2023-05-05,4136.25,17.190000534057617,19.2868,21.347,23.4507
2023-05-08,4138.1201171875,16.979999542236328,19.0021,20.9454,23.2469
2023-05-09,4119.169921875,17.709999084472656,19.4202,21.3303,23.3529
2023-05-10,4137.64013671875,16.940000534057617,18.8504,20.7546,23.0052
2023-05-11,4130.6201171875,16.93000030517578,18.6032,20.5239,22.75
2023-05-12,4124.080078125,17.030000686645508,18.5431,20.5509,22.8989
2023-05-15,4136.27978515625,17.1200008392334,17.801,20.0649,22.4984
2023-05-16,4109.89990234375,17.989999771118164,18.282,20.6437,23.0341
2023-05-17,4158.77001953125,16.8700008392334,17.12,19.9815,22.5355
2023-05-18,4198.0498046875,16.049999237060547,19.1473,20.9557,22.9476
2023-05-19,4191.97998046875,16.809999465942383,19.6485,21.4995,23.3141
2023-05-22,4192.6298828125,17.209999084472656,19.671,21.4467,23.249
2023-05-23,4145.580078125,18.530000686645508,20.0458,21.6473,23.2192
2023-05-24,4115.240234375,20.030000686645508,20.9965,22.2087,23.3834
2023-05-25,4151.27978515625,19.13999938964844,20.4261,21.811,23.1973
2023-05-26,4205.4501953125,17.950000762939453,19.5822,21.0499,22.578
2023-05-30,4205.52001953125,17.459999084472656,18.967,20.6501,22.4002
2023-05-31,4179.830078125,17.940000534057617,18.8651,20.446,22.2006
2023-06-01,4221.02001953125,15.649999618530272,17.7047,19.393,21.3847
2023-06-02,4282.3701171875,14.600000381469728,16.9463,18.7589,20.8548
2023-06-05,4273.7900390625,14.729999542236328,16.5014,18.3393,20.65
2023-06-06,4283.85009765625,13.960000038146973,15.4181,17.372,19.8306
2023-06-07,4267.52001953125,13.9399995803833,15.4509,17.4953,19.9692
2023-06-08,4293.93017578125,13.649999618530272,15.0127,17.0487,19.5489
2023-06-09,4298.85986328125,13.829999923706056,15.2378,17.1289,19.5
2023-06-12,4338.93017578125,15.010000228881836,15.5628,17.1041,19.4521
2023-06-13,4369.009765625,14.609999656677246,15.3191,17.1144,19.4069
2023-06-14,4372.58984375,13.880000114440918,14.778,16.6008,19.1996
2023-06-15,4425.83984375,14.5,15.103,17.0878,19.3663
2023-06-16,4409.58984375,13.539999961853027,14.3454,16.4772,19.0387
2023-06-20,4388.7099609375,13.880000114440918,14.0254,16.5246,19.1516
2023-06-21,4365.68994140625,13.199999809265137,13.44,16.179,18.8955
2023-06-22,4381.89013671875,12.90999984741211,15.7789,17.3498,19.5147
2023-06-23,4348.330078125,13.4399995803833,15.9547,17.569,19.6497
2023-06-26,4328.81982421875,14.25,15.9957,17.3156,19.3864
2023-06-27,4378.41015625,13.739999771118164,15.5616,16.8875,18.9136
2023-06-28,4376.85986328125,13.43000030517578,14.9918,16.3695,18.4171
2023-06-29,4396.43994140625,13.539999961853027,15.3281,16.692,18.7015
2023-06-30,4450.3798828125,13.59000015258789,15.011,16.4003,18.3489
2023-07-03,4455.58984375,13.56999969482422,14.8946,16.3515,18.3001
2023-07-05,4446.81982421875,14.18000030517578,15.2825,16.4596,18.3032
2023-07-06,4411.58984375,15.4399995803833,16.1652,17.2288,18.8058
2023-07-07,4398.9501953125,14.829999923706056,15.8619,16.8278,18.568
2023-07-10,4409.52978515625,15.06999969482422,15.7747,16.6988,18.2623
2023-07-11,4439.259765625,14.84000015258789,15.5525,16.5759,18.2499
2023-07-12,4472.16015625,13.539999961853027,14.2934,15.7668,17.7998
2023-07-13,4510.0400390625,13.609999656677246,14.1923,15.9364,17.7809
2023-07-14,4505.419921875,13.34000015258789,13.8048,15.7526,17.6507
2023-07-17,4522.7900390625,13.479999542236328,13.699,15.7475,17.6492
2023-07-18,4554.97998046875,13.300000190734863,13.3001,15.5365,17.6887
2023-07-19,4565.72021484375,13.760000228881836,13.02,15.905,17.9643
2023-07-20,4534.8701171875,13.989999771118164,15.846,17.2747,18.402
2023-07-21,4536.33984375,13.600000381469728,15.611,17.0242,18.2505
2023-07-24,4554.64013671875,13.90999984741211,15.3804,16.6594,18.0372
2023-07-25,4567.4599609375,13.859999656677246,15.3462,16.7516,18.0412
2023-07-26,4566.75,13.1899995803833,14.8878,16.3968,17.7564
2023-07-27,4537.41015625,14.40999984741211,15.6879,16.9633,18.1504
2023-07-28,4582.22998046875,13.329999923706056,14.9886,16.5351,17.8723
2023-07-31,4588.9599609375,13.630000114440918,14.8634,16.3393,17.7893
2023-08-01,4576.72998046875,13.93000030517578,15.0724,16.5652,17.958
2023-08-02,4513.39013671875,16.09000015258789,16.7022,17.7566,18.6964
2023-08-03,4501.89013671875,15.920000076293944,16.7483,17.6502,18.5998
2023-08-04,4478.02978515625,17.100000381469727,17.5076,18.1354,18.9659
2023-08-07,4518.43994140625,15.770000457763672,16.2943,17.4,18.4
2023-08-08,4499.3798828125,15.989999771118164,16.4955,17.7233,18.7513
2023-08-09,4467.7099609375,15.960000038146973,16.3469,17.5875,18.6862
2023-08-10,4468.830078125,15.850000381469728,16.0072,17.6997,18.6997
2023-08-11,4464.0498046875,14.84000015258789,15.3536,17.0503,18.2671
2023-08-14,4489.72021484375,14.81999969482422,14.8456,16.7773,18.0094
2023-08-15,4437.85986328125,16.459999084472656,16.1726,17.696,18.6718
2023-08-16,4404.330078125,16.780000686645508,16.28,18.0118,18.9
2023-08-17,4370.35986328125,17.889999389648438,18.8548,19.2015,19.4809
2023-08-18,4369.7099609375,17.299999237060547,18.4487,18.925,19.3215
2023-08-21,4399.77001953125,17.1299991607666,17.8493,18.5019,19.1004
2023-08-22,4387.5498046875,16.969999313354492,17.901,18.6903,19.2
2023-08-23,4436.009765625,15.979999542236328,17.2933,18.1989,18.9479
2023-08-24,4376.31005859375,17.200000762939453,18.0102,18.7774,19.2506
2023-08-25,4405.7099609375,15.68000030517578,17.1776,18.0894,18.7024
2023-08-28,4433.31005859375,15.079999923706056,16.4326,17.5005,18.3914
2023-08-29,4497.6298828125,14.449999809265137,15.9027,17.1967,18.0956
2023-08-30,4514.8701171875,13.880000114440918,15.3029,16.7006,17.8474
2023-08-31,4507.66015625,13.56999969482422,15.0438,16.3736,17.5568
2023-09-01,4515.77001953125,13.09000015258789,14.7971,16.2094,17.5005
2023-09-05,4496.830078125,14.010000228881836,14.9927,16.1975,17.3754
2023-09-06,4465.47998046875,14.449999809265137,15.3467,16.4978,17.6503
2023-09-07,4451.14013671875,14.399999618530272,15.3022,16.439,17.5266
2023-09-08,4457.490234375,13.84000015258789,14.9405,16.1484,17.35
2023-09-11,4487.4599609375,13.800000190734863,14.5844,15.8099,17.0011
2023-09-12,4461.89990234375,14.229999542236328,14.6385,15.8595,17.1065
2023-09-13,4467.43994140625,13.479999542236328,13.9985,15.665,17.0239
2023-09-14,4505.10009765625,12.81999969482422,13.3689,15.2378,16.6338
2023-09-15,4450.31982421875,13.789999961853027,14.2528,15.7721,17.0499
2023-09-18,4453.52978515625,14.0,14.0971,15.6816,16.9971
2023-09-19,4443.9501953125,14.109999656677246,14.0519,15.5728,16.8653
2023-09-20,4402.2001953125,15.140000343322754,13.96,16.1696,17.1619
2023-09-21,4330.0,17.540000915527344,17.4859,17.7975,18.7003
2023-09-22,4320.06005859375,17.200000762939453,17.4916,17.8893,18.7711
2023-09-25,4337.43994140625,16.899999618530273,17.4974,17.9872,18.8471
2023-09-26,4273.52978515625,18.940000534057617,19.1742,19.2555,19.7753
2023-09-27,4274.509765625,18.219999313354492,18.3022,18.75,19.533
2023-09-28,4299.7001953125,17.34000015258789,17.3515,18.0194,18.9518
2023-09-29,4288.0498046875,17.520000457763672,17.7712,18.2463,19.0997
2023-10-02,4288.39013671875,17.610000610351562,17.8507,18.238,19.1012
2023-10-03,4229.4501953125,19.780000686645508,19.6564,19.7982,20.3569
2023-10-04,4263.75,18.579999923706055,18.5177,18.9066,19.8887
2023-10-05,4258.18994140625,18.489999771118164,18.1998,18.7461,19.7946
2023-10-06,4308.5,17.450000762939453,18.0342,18.4171,19.5364
2023-10-09,4335.66015625,17.700000762939453,17.6467,18.2263,19.5047
2023-10-10,4358.240234375,17.030000686645508,16.9878,17.6168,18.9991
2023-10-11,4376.9501953125,16.09000015258789,16.5021,17.3537,18.7492
2023-10-12,4349.60986328125,16.690000534057617,16.9479,17.7476,19.0499
2023-10-13,4327.77978515625,19.31999969482422,19.2567,19.9214,20.498
2023-10-16,4373.6298828125,17.209999084472656,17.1597,17.978,19.4412
2023-10-17,4373.2001953125,17.8799991607666,17.8484,18.4362,19.744
2023-10-18,4314.60009765625,19.219999313354492,18.37,19.5967,20.4353
2023-10-19,4278.0,21.399999618530273,20.5549,20.5479,21.4
2023-10-20,4224.16015625,21.709999084472656,20.725,20.6987,21.5508
2023-10-23,4217.0400390625,20.3700008392334,20.0003,20.0471,20.9987
2023-10-24,4247.68017578125,18.969999313354492,19.0875,19.2673,20.4436
2023-10-25,4186.77001953125,20.190000534057617,20.3008,20.3601,21.2528
2023-10-26,4137.22998046875,20.68000030517578,20.5375,20.4999,21.4001
2023-10-27,4117.3701171875,21.270000457763672,21.1865,21.2116,21.7921
2023-10-30,4166.81982421875,19.75,19.5901,19.707,20.7507
2023-10-31,4193.7998046875,18.13999938964844,18.1268,18.6006,20.001
2023-11-01,4237.85986328125,16.8700008392334,17.3005,17.8499,19.386
2023-11-02,4317.77978515625,15.65999984741211,16.5565,17.3431,18.9959
2023-11-03,4358.33984375,14.90999984741211,16.1519,16.9746,18.6878
2023-11-06,4365.97998046875,14.890000343322754,15.6461,16.3841,18.1808
2023-11-07,4378.3798828125,14.8100004196167,15.5014,16.3245,18.0501
2023-11-08,4382.77978515625,14.449999809265137,15.1093,16.046,17.76
2023-11-09,4347.35009765625,15.289999961853027,15.8874,16.6544,18.259
2023-11-10,4415.240234375,14.170000076293944,14.8991,15.997,17.7479
2023-11-13,4411.5498046875,14.760000228881836,14.8035,15.8467,17.7487
2023-11-14,4495.7001953125,14.15999984741211,14.2701,15.7429,17.7465
2023-11-15,4502.8798828125,14.18000030517578,14.22,15.3507,17.4
2023-11-16,4508.240234375,14.31999969482422,15.1459,16.6024,17.7983
2023-11-17,4514.02001953125,13.800000190734863,14.9042,16.4004,17.6514
2023-11-20,4547.3798828125,13.40999984741211,14.776,16.3301,17.5997
2023-11-21,4538.18994140625,13.350000381469728,14.4523,16.0213,17.3169
2023-11-22,4556.6201171875,12.850000381469728,14.5628,16.2486,17.5001
2023-11-24,4559.33984375,12.460000038146973,13.8496,15.6449,17.05
2023-11-27,4550.43017578125,12.6899995803833,13.9533,15.7645,17.159
2023-11-28,4554.89013671875,12.6899995803833,13.7842,15.5543,17.0
2023-11-29,4550.580078125,12.979999542236328,13.9997,15.8501,17.2985
2023-11-30,4567.7998046875,12.920000076293944,13.7578,15.5681,17.0682
2023-12-01,4594.6298828125,12.630000114440918,13.6982,15.5089,16.9426
2023-12-04,4569.77978515625,13.079999923706056,13.8006,15.549,17.0943
2023-12-05,4567.18017578125,12.850000381469728,13.663,15.417,17.0492
2023-12-06,4549.33984375,12.970000267028809,13.737,15.5667,17.0546
2023-12-07,4585.58984375,13.0600004196167,13.7485,15.5478,17.0468
2023-12-08,4604.3701171875,12.350000381469728,13.3417,15.0638,16.7125
2023-12-11,4622.43994140625,12.630000114440918,12.9471,14.7916,16.4632
2023-12-12,4643.7001953125,12.06999969482422,12.4035,14.3962,16.2408
2023-12-13,4707.08984375,12.1899995803833,12.1843,14.2146,15.9564
2023-12-14,4719.5498046875,12.479999542236328,12.3048,14.1515,15.7502
2023-12-15,4719.18994140625,12.279999732971191,12.4649,14.6252,16.2005
2023-12-18,4740.56005859375,12.5600004196167,12.4176,14.6414,16.4015
2023-12-19,4768.3701171875,12.529999732971191,12.409,14.8894,16.8408
2023-12-20,4698.35009765625,13.670000076293944,12.31,15.8061,17.5288
2023-12-21,4746.75,13.649999618530272,15.4414,16.5186,17.7491
2023-12-22,4754.6298828125,13.029999732971191,15.0372,16.296,17.6056
2023-12-26,4774.75,12.989999771118164,14.6063,15.9198,17.4363
2023-12-27,4781.580078125,12.43000030517578,13.9935,15.3641,16.9596
2023-12-28,4783.35009765625,12.470000267028809,13.9837,15.3042,16.9323
2023-12-29,4769.830078125,12.449999809265137,14.0512,15.2954,16.9511
2024-01-02,4742.830078125,13.199999809265137,14.1016,15.1958,16.9256
2024-01-03,4704.81005859375,14.039999961853027,14.6997,15.6212,17.2375
2024-01-04,4688.68017578125,14.130000114440918,14.6618,15.6042,17.0503
2024-01-05,4697.240234375,13.350000381469728,14.2034,15.0979,16.7522
2024-01-08,4763.5400390625,13.079999923706056,13.7975,14.7882,16.3543
2024-01-09,4756.5,12.760000228881836,13.4039,14.4285,16.1637
2024-01-10,4783.4501953125,12.6899995803833,13.3453,14.2977,15.98
2024-01-11,4780.240234375,12.4399995803833,13.0512,14.2522,16.0936
2024-01-12,4783.830078125,12.699999809265137,13.1811,14.4647,16.1801
2024-01-16,4765.97998046875,13.84000015258789,13.9544,14.9876,16.649
2024-01-17,4739.2099609375,14.789999961853027,15.13,15.5187,16.9048
2024-01-18,4780.93994140625,14.130000114440918,15.0037,15.9966,16.8506
2024-01-19,4839.81005859375,13.300000190734863,14.6052,15.6997,16.5964
2024-01-22,4850.43017578125,13.1899995803833,14.0804,15.1727,16.2495
2024-01-23,4864.60009765625,12.550000190734863,13.7002,14.7723,15.9702
2024-01-24,4868.5498046875,13.140000343322754,14.038,15.1205,16.1927
2024-01-25,4894.16015625,13.449999809265137,14.2261,15.309,16.25
2024-01-26,4890.97021484375,13.260000228881836,14.1173,15.1767,16.2044
2024-01-29,4927.93017578125,13.600000381469728,14.2508,15.2503,16.2493
2024-01-30,4924.97021484375,13.3100004196167,13.9929,15.0432,16.1571
2024-01-31,4845.64990234375,14.350000381469728,14.8735,15.6748,16.698
2024-02-01,4906.18994140625,13.880000114440918,14.6977,15.5533,16.5651
2024-02-02,4958.60986328125,13.850000381469728,14.5473,15.5485,16.6477
2024-02-05,4942.81005859375,13.670000076293944,13.9557,15.0004,16.3504
2024-02-06,4954.22998046875,13.0600004196167,13.5521,14.6468,16.084
2024-02-07,4995.06005859375,12.829999923706056,13.3847,14.6441,16.0502
2024-02-08,4997.91015625,12.789999961853027,13.3452,14.5328,15.9002
2024-02-09,5026.60986328125,12.93000030517578,13.3705,14.6955,16.0511
2024-02-12,5021.83984375,13.93000030517578,13.8034,14.9534,16.4437
2024-02-13,4953.169921875,15.850000381469728,15.7525,16.0148,17.0777
2024-02-14,5000.6201171875,14.380000114440918,14.32,15.1396,16.6396
2024-02-15,5029.72998046875,14.010000228881836,15.0189,15.9688,16.9976
2024-02-16,5005.56982421875,14.239999771118164,14.9515,15.8956,16.8545
2024-02-20,4975.509765625,15.420000076293944,15.5273,16.2898,17.0744
2024-02-21,4981.7998046875,15.34000015258789,15.3494,16.0978,16.8518
2024-02-22,5087.02978515625,14.539999961853027,15.0348,15.9232,16.8555
2024-02-23,5088.7998046875,13.75,14.4301,15.4033,16.4997
2024-02-26,5069.52978515625,13.739999771118164,14.2522,15.2524,16.3985
2024-02-27,5078.18017578125,13.43000030517578,13.9981,15.0229,16.1982
2024-02-28,5069.759765625,13.84000015258789,14.2232,15.2325,16.3504
2024-02-29,5096.27001953125,13.399999618530272,14.0088,15.0507,16.1965
2024-03-01,5137.080078125,13.109999656677246,14.0481,15.0964,16.2484
2024-03-04,5130.9501953125,13.489999771118164,14.0297,15.051,16.3005
2024-03-05,5078.64990234375,14.460000038146973,14.703,15.6063,16.75
2024-03-06,5104.759765625,14.5,14.7897,15.6097,16.7416
2024-03-07,5157.35986328125,14.4399995803833,14.6174,15.6174,16.8
2024-03-08,5123.68994140625,14.739999771118164,15.0773,15.9453,16.9768
2024-03-11,5117.93994140625,15.220000267028809,14.8956,15.8192,16.991
2024-03-12,5175.27001953125,13.84000015258789,13.9606,15.1004,16.5708
2024-03-13,5165.31005859375,13.75,13.7973,15.0363,16.5363
2024-03-14,5150.47998046875,14.399999618530272,14.342,15.4042,16.8239
2024-03-15,5117.08984375,14.40999984741211,14.5984,15.6778,17.05
2024-03-18,5149.419921875,14.329999923706056,14.3579,15.3308,16.8047
2024-03-19,5178.509765625,13.81999969482422,13.9448,14.9214,16.5473
2024-03-20,5224.6201171875,13.039999961853027,14.17,14.5645,16.2474
2024-03-21,5241.52978515625,12.920000076293944,14.4567,15.5371,17.0507
2024-03-22,5234.18017578125,13.0600004196167,14.4814,15.5795,17.1
2024-03-25,5218.18994140625,13.1899995803833,14.4005,15.4969,17.0491
2024-03-26,5203.580078125,13.239999771118164,14.3463,15.3954,16.8667
2024-03-27,5248.490234375,12.779999732971191,14.0661,15.1988,16.751
2024-03-28,5254.35009765625,13.010000228881836,14.3687,15.4185,16.9181
2024-04-01,5243.77001953125,13.649999618530272,14.5022,15.4306,16.9033
2024-04-02,5205.81005859375,14.609999656677246,14.9996,15.7777,17.1511
2024-04-03,5211.490234375,14.329999923706056,14.9446,15.644,17.0482
2024-04-04,5147.2099609375,16.350000381469727,15.8308,16.2118,17.4391
2024-04-05,5204.33984375,16.030000686645508,16.0774,16.5142,17.6036
2024-04-08,5202.39013671875,15.1899995803833,15.347,15.9546,17.1689
2024-04-09,5209.91015625,14.979999542236328,15.0753,15.8977,17.1587
2024-04-10,5160.64013671875,15.800000190734863,15.3171,16.1527,17.3896
2024-04-11,5199.06005859375,14.90999984741211,15.0239,15.8992,17.2502
2024-04-12,5123.41015625,17.309999465942383,17.0882,17.1165,18.0994
2024-04-15,5061.81982421875,19.229999542236328,18.4081,18.0133,18.6336
2024-04-16,5051.41015625,18.399999618530273,18.2475,17.4557,18.1448
2024-04-17,5022.2099609375,18.209999084472656,18.03,17.2093,18.0257
2024-04-18,5011.1201171875,18.0,17.3829,17.6459,18.3
2024-04-19,4967.22998046875,18.709999084472656,17.8354,17.9513,18.4681
2024-04-22,5010.60009765625,16.940000534057617,16.4697,16.8052,17.5977
2024-04-23,5070.5498046875,15.6899995803833,15.7943,16.2121,17.25
2024-04-24,5071.6298828125,15.970000267028809,15.6252,16.0272,17.1001
2024-04-25,5048.419921875,15.369999885559082,16.0018,16.2415,17.0974
2024-04-26,5099.9599609375,15.029999732971191,15.3964,15.9111,17.0439
2024-04-29,5116.169921875,14.670000076293944,15.1678,15.6545,16.7073
2024-04-30,5035.68994140625,15.649999618530272,15.6634,15.952,16.9
2024-05-01,5018.39013671875,15.390000343322754,15.7081,16.0814,17.1499
2024-05-02,5064.2001953125,14.68000030517578,15.1632,15.6452,16.7
2024-05-03,5127.7900390625,13.489999771118164,14.5915,15.1674,16.4438
2024-05-06,5180.740234375,13.489999771118164,14.1983,14.7946,16.0147
2024-05-07,5187.7001953125,13.229999542236328,14.0973,14.7108,15.9924
2024-05-08,5187.669921875,13.0,13.9112,14.6128,15.902
2024-05-09,5214.080078125,12.6899995803833,13.8112,14.5709,15.8005
2024-05-10,5222.68017578125,12.550000190734863,13.5511,14.3785,15.6798
2024-05-13,5221.419921875,13.600000381469728,13.8191,14.5261,15.7482
2024-05-14,5246.68017578125,13.420000076293944,13.5162,14.2591,15.5143
2024-05-15,5308.14990234375,12.449999809265137,12.879,13.7759,15.1692
2024-05-16,5297.10009765625,12.420000076293944,12.8347,13.7394,15.1545
2024-05-17,5303.27001953125,11.989999771118164,12.6503,13.6146,14.9726
2024-05-20,5308.1298828125,12.149999618530272,12.5725,13.6021,15.0423
2024-05-21,5321.41015625,11.859999656677246,12.1979,13.3887,14.9519
2024-05-22,5307.009765625,12.289999961853027,12.0,13.6649,15.1602
2024-05-23,5267.83984375,12.770000457763672,13.8561,14.6702,15.7015
2024-05-24,5304.72021484375,11.93000030517578,13.4272,14.3147,15.4017
2024-05-28,5306.0400390625,12.920000076293944,13.7256,14.5635,15.6498
2024-05-29,5266.9501953125,14.279999732971191,14.3394,14.9519,15.8939
2024-05-30,5235.47998046875,14.470000267028809,14.2928,14.903,15.8
2024-05-31,5277.509765625,12.920000076293944,13.7896,14.5813,15.6
2024-06-03,5283.39990234375,13.109999656677246,13.6535,14.5124,15.65
2024-06-04,5291.33984375,13.15999984741211,13.7165,14.5892,15.7012
2024-06-05,5354.02978515625,12.630000114440918,13.3525,14.3946,15.5689
2024-06-06,5352.9599609375,12.579999923706056,13.2562,14.3165,15.6504
2024-06-07,5346.990234375,12.220000267028809,13.0098,14.2232,15.5563
2024-06-10,5360.7900390625,12.739999771118164,13.0295,14.2355,15.5988
2024-06-11,5375.31982421875,12.850000381469728,12.9694,14.2445,15.5579
2024-06-12,5421.02978515625,12.039999961853027,12.5556,13.9677,15.4633
2024-06-13,5433.740234375,11.9399995803833,12.4105,13.9653,15.5663
2024-06-14,5431.60009765625,12.65999984741211,12.9549,14.4134,15.9165
2024-06-17,5473.22998046875,12.75,12.8015,14.3193,15.9138
2024-06-18,5487.02978515625,12.300000190734863,12.39,14.2961,16.0063
2024-06-20,5473.169921875,13.279999732971191,14.7681,15.6549,18.8413
2024-06-21,5464.6201171875,13.199999809265137,14.4458,15.3433,18.5466
2024-06-24,5447.8701171875,13.329999923706056,14.3967,15.2751,18.4474
2024-06-25,5469.2998046875,12.84000015258789,14.077,14.9865,18.2478
2024-06-26,5477.89990234375,12.550000190734863,13.9083,14.8901,18.1553
2024-06-27,5482.8701171875,12.239999771118164,13.7587,14.818,18.0683
2024-06-28,5460.47998046875,12.4399995803833,14.0228,14.9402,18.1775
2024-07-01,5475.08984375,12.220000267028809,13.4175,14.4308,17.7177
2024-07-02,5509.009765625,12.029999732971191,13.206,14.296,17.6556
2024-07-03,5537.02001953125,12.09000015258789,13.2699,14.3482,17.704
2024-07-05,5567.18994140625,12.479999542236328,13.3033,14.3738,17.7007
2024-07-08,5572.85009765625,12.369999885559082,13.082,14.1818,17.501
2024-07-09,5576.97998046875,12.510000228881836,12.9957,14.2194,17.596
2024-07-10,5633.91015625,12.850000381469728,12.9335,14.1545,17.5033
2024-07-11,5584.5400390625,12.920000076293944,13.1184,14.1965,17.648
2024-07-12,5615.35009765625,12.460000038146973,12.8311,14.0232,17.45
2024-07-15,5631.22021484375,13.119999885559082,13.1369,14.219,17.6476
2024-07-16,5667.2001953125,13.1899995803833,13.1593,14.3356,17.5344
2024-07-17,5588.27001953125,14.479999542236328,13.89,14.808,17.75
2024-07-18,5544.58984375,15.93000030517578,15.2934,16.0481,17.6026
2024-07-19,5505.0,16.520000457763672,15.9169,16.5074,17.8074
2024-07-22,5564.41015625,14.90999984741211,15.0439,15.7971,17.4441
2024-07-23,5555.740234375,14.720000267028809,14.9323,15.6963,17.4629
2024-07-24,5427.1298828125,18.040000915527344,17.072,17.4566,18.4485
2024-07-25,5399.22021484375,18.459999084472656,17.1444,17.5661,18.4857
2024-07-26,5459.10009765625,16.389999389648438,16.1771,16.718,18.0386
2024-07-29,5463.5400390625,16.600000381469727,15.9722,16.3991,17.6552
2024-07-30,5436.43994140625,17.690000534057617,16.4855,16.8294,17.9172
2024-07-31,5522.2998046875,16.360000610351562,15.9994,16.4934,17.7019
2024-08-01,5446.68017578125,18.59000015258789,17.4669,17.8469,18.4267
2024-08-02,5346.56005859375,23.38999938964844,21.8527,21.9844,20.3808
2024-08-05,5186.330078125,38.56999969482422,32.0986,30.3911,22.9263
2024-08-06,5240.02978515625,27.709999084472656,25.7702,24.8657,22.2332
2024-08-07,5199.5,27.850000381469727,25.0766,23.5773,21.6744
2024-08-08,5319.31005859375,23.790000915527344,22.6885,21.7279,20.7343
2024-08-09,5344.16015625,20.3700008392334,19.4971,18.8533,19.1152
2024-08-12,5344.39013671875,20.709999084472656,19.4647,18.8303,19.083
2024-08-13,5434.43017578125,18.1200008392334,17.5452,17.4046,18.0924
2024-08-14,5455.2099609375,16.190000534057617,16.2453,16.2629,17.4984
2024-08-15,5543.22021484375,15.229999542236328,15.3485,15.7452,17.397
2024-08-16,5554.25,14.800000190734863,15.2799,15.6896,17.5287
2024-08-19,5608.25,14.649999618530272,14.7848,15.3728,17.4539
2024-08-20,5597.1201171875,15.880000114440918,15.8801,16.0407,17.8498
2024-08-21,5620.85009765625,16.270000457763672,16.11,16.228,17.8956
2024-08-22,5570.64013671875,17.549999237060547,17.0095,19.0438,17.95
2024-08-23,5634.60986328125,15.859999656677246,15.9286,18.0591,17.5
2024-08-26,5616.83984375,16.149999618530273,15.947,17.9583,17.3805
2024-08-27,5625.7998046875,15.43000030517578,15.5794,17.6572,17.2426
2024-08-28,5592.18017578125,17.110000610351562,16.5703,18.3952,17.5
2024-08-29,5591.9599609375,15.649999618530272,15.9351,17.8579,17.3845
2024-08-30,5648.39990234375,15.0,15.411,17.4021,17.1761
2024-09-03,5528.93017578125,20.719999313354492,19.1208,20.1829,18.6716
2024-09-04,5520.06982421875,21.31999969482422,19.5445,20.5578,19.219
2024-09-05,5503.41015625,19.899999618530273,18.7523,19.6891,18.6073
2024-09-06,5408.419921875,22.3799991607666,20.4643,20.9192,19.5009
2024-09-09,5471.0498046875,19.450000762939453,18.7253,19.7187,18.9989
2024-09-10,5495.52001953125,19.079999923706055,18.2864,19.3349,18.6579
2024-09-11,5554.1298828125,17.690000534057617,17.2328,18.6085,18.2002
2024-09-12,5595.759765625,17.06999969482422,16.9479,18.5068,18.0901
2024-09-13,5626.02001953125,16.559999465942383,16.703,18.4866,18.1037
2024-09-16,5633.08984375,17.139999389648438,17.0904,18.6622,18.202
2024-09-17,5634.580078125,17.610000610351562,17.8331,19.032,18.4
2024-09-18,5618.259765625,18.229999542236328,18.69,18.7393,18.1747
2024-09-19,5713.64013671875,16.329999923706055,18.0222,17.7952,18.0413
2024-09-20,5702.5498046875,16.149999618530273,17.9542,17.7076,18.175
2024-09-23,5718.56982421875,15.890000343322754,18.0066,17.7088,18.2458
2024-09-24,5732.93017578125,15.390000343322754,18.0531,17.6609,18.15
2024-09-25,5722.259765625,15.40999984741211,18.3144,17.9062,18.325
2024-09-26,5745.3701171875,15.369999885559082,18.2977,17.844,18.3125
2024-09-27,5738.169921875,16.959999084472656,19.2552,18.5204,18.8006
2024-09-30,5762.47998046875,16.729999542236328,18.8425,18.0975,18.5507
2024-10-01,5708.75,19.260000228881836,20.4666,19.2892,19.2505
2024-10-02,5709.5400390625,18.899999618530273,20.1015,19.1061,19.2026
2024-10-03,5699.93994140625,20.489999771118164,21.0732,19.9132,19.6626
2024-10-04,5751.06982421875,19.209999084472656,20.2031,19.1629,19.1521
2024-10-07,5695.93994140625,22.63999938964844,22.5656,20.6485,20.1784
2024-10-08,5751.1298828125,21.420000076293945,21.4558,19.894,19.6
2024-10-09,5792.0400390625,20.86000061035156,20.8987,19.3484,19.28
2024-10-10,5780.0498046875,20.93000030517578,21.3948,19.5553,19.3256
2024-10-11,5815.02978515625,20.459999084472656,21.1276,19.3402,19.1481
2024-10-14,5859.85009765625,19.700000762939453,20.2002,18.6485,18.6993
2024-10-15,5815.259765625,20.63999938964844,20.9675,19.305,18.8781
2024-10-16,5842.47021484375,19.579999923706055,20.97,19.0531,18.7436
2024-10-17,5841.47021484375,19.11000061035156,18.7641,18.3153,18.6692
2024-10-18,5864.669921875,18.030000686645508,18.3002,17.9419,18.3
2024-10-21,5853.97998046875,18.3700008392334,18.3564,17.9371,18.2
2024-10-22,5851.2001953125,18.200000762939453,18.2834,17.844,18.1201
2024-10-23,5797.419921875,19.239999771118164,19.274,18.6272,18.7004
2024-10-24,5809.85986328125,19.079999923706055,18.9021,18.3654,18.5905
2024-10-25,5808.1201171875,20.329999923706055,19.8968,19.0437,19.0395
2024-10-28,5823.52001953125,19.799999237060547,18.7978,18.2452,18.5059
2024-10-29,5832.919921875,19.34000015258789,18.7575,18.1953,18.4815
2024-10-30,5813.669921875,20.350000381469727,19.3182,18.5536,18.7486
2024-10-31,5705.4501953125,23.15999984741211,20.9579,19.7307,19.633
2024-11-01,5728.7998046875,21.8799991607666,20.488,19.4768,19.5857
2024-11-04,5712.68994140625,21.979999542236328,19.5077,18.7211,19.2484
2024-11-05,5782.759765625,20.489999771118164,18.3442,17.8957,18.5604
2024-11-06,5929.0400390625,16.270000457763672,16.246,16.2785,17.6488
2024-11-07,5973.10009765625,15.199999809265137,15.6411,15.8303,17.3117
2024-11-08,5995.5400390625,14.9399995803833,15.4969,15.7606,17.1343
2024-11-11,6001.35009765625,14.970000267028809,15.4861,15.7216,17.0498
2024-11-12,5983.990234375,14.710000038146973,15.2572,15.7362,17.1037
2024-11-13,5985.3798828125,14.020000457763672,14.544,15.4598,17.008
2024-11-14,5949.169921875,14.3100004196167,14.64,15.4412,17.0525
2024-11-15,5870.6201171875,16.139999389648438,16.3884,16.3703,17.5401
2024-11-18,5893.6201171875,15.579999923706056,15.6117,15.8517,17.1169
2024-11-19,5916.97998046875,16.350000381469727,16.4181,16.4057,17.3817
2024-11-20,5917.10986328125,17.15999984741211,16.65,16.9522,17.6208
2024-11-21,5948.7099609375,16.8700008392334,16.7716,17.2813,17.6589
2024-11-22,5969.33984375,15.239999771118164,16.0654,16.8433,17.4395
2024-11-25,5987.3701171875,14.600000381469728,15.4492,16.4269,17.1334
2024-11-26,6021.6298828125,14.100000381469728,15.2541,16.3418,17.05
2024-11-27,5998.740234375,14.100000381469728,15.169,16.2576,17.1
2024-11-29,6032.3798828125,13.510000228881836,14.8517,16.0529,16.9509
2024-12-02,6047.14990234375,13.34000015258789,14.7128,16.0326,16.951
2024-12-03,6049.8798828125,13.300000190734863,14.5309,15.937,16.9246
2024-12-04,6086.490234375,13.449999809265137,14.6572,16.0881,17.1257
2024-12-05,6075.10986328125,13.539999961853027,14.6032,16.201,17.4064
2024-12-06,6090.27001953125,12.770000457763672,14.2855,15.9521,17.2002
2024-12-09,6052.85009765625,14.1899995803833,14.7355,16.2983,17.4485
2024-12-10,6034.91015625,14.18000030517578,14.6523,16.2662,17.4826
2024-12-11,6084.18994140625,13.579999923706056,14.2842,16.1838,17.4792
2024-12-12,6051.25,13.920000076293944,14.4062,16.2991,17.5294
2024-12-13,6051.08984375,13.8100004196167,14.519,16.2782,17.553
2024-12-16,6074.080078125,14.6899995803833,14.6997,16.6091,17.8536
2024-12-17,6050.60986328125,15.869999885559082,15.7483,16.9531,18.0051
2024-12-18,5872.16015625,27.6200008392334,15.66,19.762,19.5909
2024-12-19,5867.080078125,24.09000015258789,21.7113,21.0178,20.5019
2024-12-20,5930.85009765625,18.36000061035156,18.2606,18.5862,18.8148
2024-12-23,5974.06982421875,16.780000686645508,17.0257,17.56,18.0335
2024-12-24,6040.0400390625,14.270000457763672,15.9878,16.8502,17.4978
2024-12-26,6037.58984375,14.729999542236328,16.0329,16.9782,17.6809
2024-12-27,5970.83984375,15.949999809265137,16.9415,17.5586,18.155
2024-12-30,5906.93994140625,17.399999618530273,17.3868,17.7923,18.3619
2024-12-31,5881.6298828125,17.350000381469727,17.5177,17.8708,18.3
2025-01-02,5868.5498046875,17.93000030517578,17.9098,18.2685,18.525
2025-01-03,5942.47021484375,16.1299991607666,16.6858,17.4356,18.0453
2025-01-06,5975.3798828125,16.040000915527344,16.5686,17.3787,17.95
2025-01-07,5909.02978515625,17.81999969482422,17.8805,18.2637,18.541
2025-01-08,5918.25,17.700000762939453,17.7197,18.1515,18.5943
2025-01-09,,,17.9667,18.325,18.725
2025-01-10,5827.0400390625,19.540000915527344,19.0119,19.2947,19.4822
2025-01-13,5836.22021484375,19.190000534057617,18.5959,18.9083,19.3986
2025-01-14,5842.91015625,18.709999084472656,18.2081,18.5544,19.15
2025-01-15,5949.91015625,16.1200008392334,16.101,17.063,18.2011
2025-01-16,5937.33984375,16.600000381469727,16.189,17.0997,18.1258
2025-01-17,5996.66015625,15.970000267028809,16.1792,17.2382,18.1962
2025-01-21,6049.240234375,15.0600004196167,15.2423,16.5367,17.8871
2025-01-22,6086.3701171875,15.100000381469728,15.53,16.7432,17.9972
2025-01-23,6118.7099609375,15.020000457763672,16.4733,17.3441,18.0658
2025-01-24,6101.240234375,14.850000381469728,16.382,17.2994,18.1
2025-01-27,6012.27978515625,17.899999618530273,17.6133,18.0353,18.5458
2025-01-28,6067.7001953125,16.40999984741211,16.939,17.4803,18.1012
2025-01-29,6039.31005859375,16.559999465942383,16.8431,17.4988,18.1508
2025-01-30,6071.169921875,15.84000015258789,16.7092,17.5228,18.2
2025-01-31,6040.52978515625,16.43000030517578,17.3586,17.986,18.5735
2025-02-03,5994.56982421875,18.6200008392334,17.9108,18.1335,18.5657
2025-02-04,6037.8798828125,17.209999084472656,17.2011,17.7673,18.3596
2025-02-05,6061.47998046875,15.770000457763672,16.7703,17.491,18.1534
2025-02-06,6083.56982421875,15.5,16.5795,17.4335,18.2266
2025-02-07,6025.990234375,16.540000915527344,17.3458,17.9512,18.5979
2025-02-10,6066.43994140625,15.8100004196167,16.7021,17.5244,18.3432
2025-02-11,6068.5,16.020000457763672,16.7694,17.5614,18.3663
2025-02-12,6051.97021484375,15.890000343322754,16.8012,17.4799,18.3503
2025-02-13,6115.06982421875,15.100000381469728,16.1349,17.2427,18.2424
2025-02-14,6114.6298828125,14.770000457763672,16.0117,17.1818,18.2528
2025-02-18,6129.580078125,15.350000381469728,15.6602,17.1256,18.3509
2025-02-19,6144.14990234375,15.270000457763672,15.94,16.9066,18.3013
2025-02-20,6117.52001953125,15.65999984741211,17.0326,17.8579,18.675
2025-02-21,6013.1298828125,18.209999084472656,18.3007,18.699,19.2722
2025-02-24,5983.25,18.979999542236328,18.4302,18.7684,19.2111
2025-02-25,5955.25,19.43000030517578,18.4836,18.7907,19.1997
2025-02-26,5956.06005859375,19.100000381469727,18.1337,18.6034,19.0654
2025-02-27,5861.56982421875,21.1299991607666,19.3063,19.4276,19.6
2025-02-28,5954.5,19.6299991607666,18.8291,19.0461,19.2665
2025-03-03,5849.72021484375,22.780000686645508,20.6577,20.4435,20.2539
2025-03-04,5778.14990234375,23.510000228881836,21.2409,20.7993,20.3531
2025-03-05,5842.6298828125,21.93000030517578,20.1269,19.9017,19.9178
2025-03-06,5738.52001953125,24.8700008392334,22.8281,21.7923,21.0459
2025-03-07,5770.2001953125,23.3700008392334,21.6254,20.7863,20.3179
2025-03-10,5614.56005859375,27.86000061035156,24.9344,22.7978,21.5779
2025-03-11,5572.06982421875,26.920000076293945,24.6115,22.7661,21.3482
2025-03-12,5599.2998046875,24.229999542236328,23.0749,21.7139,20.852
2025-03-13,5521.52001953125,24.65999984741211,24.4101,22.6331,21.3918
2025-03-14,5638.93994140625,21.770000457763672,21.5211,20.6804,20.3716
2025-03-17,5675.1201171875,20.510000228881836,20.8352,19.9169,20.0499
2025-03-18,5614.66015625,21.700000762939453,21.63,20.4806,20.2462
2025-03-19,5675.2900390625,19.899999618530273,19.7513,19.7468,20.0075
2025-03-20,5662.89013671875,19.799999237060547,19.4005,19.4706,19.85
2025-03-21,5667.56005859375,19.280000686645508,19.4179,19.4739,19.725
2025-03-24,5767.56982421875,17.479999542236328,18.0635,18.4989,19.0011
2025-03-25,5776.64990234375,17.149999618530273,18.2072,18.6554,19.2068
2025-03-26,5712.2001953125,18.329999923706055,18.8445,19.1501,19.6042
2025-03-27,5693.31005859375,18.690000534057617,18.9763,19.1588,19.5999
2025-03-28,5580.93994140625,21.649999618530273,20.9817,20.5492,20.5654
2025-03-31,5611.85009765625,22.280000686645508,20.8435,20.4872,20.6017
2025-04-01,5633.06982421875,21.770000457763672,20.8794,20.5138,20.603
2025-04-02,5670.97021484375,21.510000228881836,20.1562,20.0227,20.2121
2025-04-03,5396.52001953125,30.020000457763672,26.3753,24.1926,23.1737
2025-04-04,5074.080078125,45.310001373291016,32.4976,28.5193,25.223
2025-04-07,5062.25,46.97999954223633,33.1708,28.1411,24.7871
2025-04-08,4982.77001953125,52.33000183105469,39.1728,31.4333,26.1705
2025-04-09,5456.89990234375,33.619998931884766,28.6489,25.1944,23.0388
2025-04-10,5268.0498046875,40.720001220703125,35.8622,29.871,26.2681
2025-04-11,5363.35986328125,37.560001373291016,34.6376,28.8917,26.0575
2025-04-14,5405.97021484375,30.88999938964844,29.8594,25.6983,24.6117
2025-04-15,5396.6298828125,30.1200008392334,29.9025,25.4674,24.2518
2025-04-16,5275.7001953125,32.63999938964844,31.91,27.6258,25.6292
2025-04-17,5282.7001953125,29.649999618530273,26.7284,25.7621,24.4628
2025-04-21,5158.2001953125,33.81999969482422,28.4469,27.0167,25.4703
2025-04-22,5287.759765625,30.56999969482422,26.5397,25.7021,24.6164
2025-04-23,5375.85986328125,28.450000762939453,25.4379,24.8708,24.1003
2025-04-24,5484.77001953125,26.469999313354492,24.5677,24.0525,23.4981
2025-04-25,5525.2099609375,24.84000015258789,23.4981,23.2525,22.9311
2025-04-28,5528.75,25.149999618530273,23.682,23.3132,23.0221
2025-04-29,5560.830078125,24.170000076293945,23.3847,23.1101,22.9144
2025-04-30,5569.06005859375,24.700000762939453,24.0109,23.5652,23.1285
2025-05-01,5604.14013671875,24.600000381469727,23.5699,23.261,22.875
2025-05-02,5686.669921875,22.68000030517578,22.4818,22.4001,22.1815
2025-05-05,5650.3798828125,23.63999938964844,23.1838,22.8084,22.4467
2025-05-06,5606.91015625,24.760000228881836,24.1076,23.5229,22.9304
2025-05-07,5631.27978515625,23.549999237060547,23.3234,22.9534,22.5837
2025-05-08,5663.93994140625,22.479999542236328,22.2923,22.229,22.2029
2025-05-09,5659.91015625,21.899999618530273,22.0058,22.092,22.0502
2025-05-12,5844.18994140625,18.38999938964844,18.571,19.4058,20.2463
2025-05-13,5886.5498046875,18.219999313354492,18.4379,19.2945,20.1009
2025-05-14,5892.580078125,18.6200008392334,18.7805,19.744,20.3
2025-05-15,5916.93017578125,17.829999923706055,18.2334,19.4628,20.2
2025-05-16,5958.3798828125,17.239999771118164,17.9271,19.4121,20.2867
2025-05-19,5963.60009765625,18.13999938964844,18.2044,19.6515,20.5326
2025-05-20,5940.4599609375,18.09000015258789,18.0043,19.4966,20.5439
2025-05-21,5844.60986328125,20.8700008392334,19.12,20.7904,21.5437
2025-05-22,5842.009765625,20.280000686645508,20.6395,21.2388,21.5937
2025-05-23,5802.81982421875,22.290000915527344,22.0425,22.2839,22.1977
2025-05-27,5921.5400390625,18.959999084472656,19.7008,20.522,21.125
2025-05-28,5888.5498046875,19.309999465942383,19.92,20.7911,21.375
2025-05-29,5912.169921875,19.18000030517578,19.9594,20.8552,21.4994
2025-05-30,5911.68994140625,18.56999969482422,20.0219,21.0379,21.6301
2025-06-02,5935.93994140625,18.36000061035156,19.7059,20.8963,21.5518
2025-06-03,5970.3701171875,17.690000534057617,19.204,20.574,21.3969
2025-06-04,5970.81005859375,17.610000610351562,19.1474,20.498,21.427
2025-06-05,5939.2998046875,18.479999542236328,19.5782,20.8932,21.7479
2025-06-06,6000.35986328125,16.770000457763672,18.5314,20.1545,21.2991
2025-06-09,6005.8798828125,17.15999984741211,18.3048,20.0001,21.2498
2025-06-10,6038.81005859375,16.950000762939453,18.1408,19.971,21.273
2025-06-11,6022.240234375,17.260000228881836,18.3462,20.0947,21.3921
2025-06-12,6045.259765625,18.020000457763672,18.7455,20.2997,21.5012
2025-06-13,5976.97021484375,20.81999969482422,21.2716,21.8201,22.2977
2025-06-16,6033.10986328125,19.11000061035156,19.1942,20.2816,21.4256
2025-06-17,5982.72021484375,21.600000381469727,20.9935,21.4052,22.0164
2025-06-18,5980.8701171875,20.13999938964844,20.68,20.8053,21.7515
2025-06-20,5967.83984375,20.6200008392334,21.1254,21.6516,22.0492
2025-06-23,6025.169921875,19.829999923706055,20.7581,21.499,21.9051
2025-06-24,6092.18017578125,17.479999542236328,19.2484,20.446,21.25
2025-06-25,6092.16015625,16.760000228881836,19.0176,20.2389,21.125
2025-06-26,6141.02001953125,16.59000015258789,18.9112,20.1218,21.0009
2025-06-27,6173.06982421875,16.31999969482422,18.8523,20.1951,21.05
2025-06-30,6204.9501953125,16.729999542236328,18.7125,20.0976,21.107
2025-07-01,6198.009765625,16.829999923706055,18.6524,20.1918,21.1988
2025-07-02,6227.419921875,16.639999389648438,18.5591,20.1827,21.1492
2025-07-03,6279.35009765625,16.3799991607666,18.3205,20.0767,21.1484
2025-07-07,6229.97998046875,17.790000915527344,18.729,20.2403,21.2764
2025-07-08,6225.52001953125,16.809999465942383,18.0173,19.8183,21.0967
2025-07-09,6263.259765625,15.9399995803833,17.0818,19.2593,20.9447
2025-07-10,6280.4599609375,15.779999732971191,16.8712,19.1121,20.8516
2025-07-11,6259.75,16.399999618530273,17.1231,19.1936,20.95
2025-07-14,6268.56005859375,17.200000762939453,17.3381,19.4824,21.1922
2025-07-15,6243.759765625,17.3799991607666,16.9855,19.3911,21.225
2025-07-16,6263.7001953125,17.15999984741211,16.74,19.5255,21.4448
2025-07-17,6297.35986328125,16.520000457763672,19.4451,20.9494,21.675
2025-07-18,6296.7900390625,16.40999984741211,19.141,20.8192,21.575
2025-07-21,6305.60009765625,16.649999618530273,19.0016,20.6923,21.5
2025-07-22,6309.6201171875,16.5,18.8975,20.705,21.575
2025-07-23,6358.91015625,15.369999885559082,18.0956,20.0524,21.0497
2025-07-24,6363.35009765625,15.390000343322754,18.0782,19.8785,20.925
2025-07-25,6388.64013671875,14.93000030517578,17.8844,19.7887,20.875
2025-07-28,6389.77001953125,15.029999732971191,17.3948,19.3055,20.6513
2025-07-29,6370.85986328125,15.979999542236328,17.8434,19.7103,21.0472
2025-07-30,6362.89990234375,15.479999542236328,17.9038,19.7879,21.1474
2025-07-31,6339.39013671875,16.719999313354492,17.9566,19.8708,21.2383
2025-08-01,6238.009765625,20.3799991607666,19.8518,21.1103,21.8711
2025-08-04,6329.93994140625,17.520000457763672,18.1045,19.9853,21.35
2025-08-05,6299.18994140625,17.850000381469727,18.3111,20.1609,21.425
2025-08-06,6345.06005859375,16.770000457763672,17.6048,19.5688,21.125
2025-08-07,6340.0,16.56999969482422,17.7978,19.7075,21.2403
2025-08-08,6389.4501953125,15.149999618530272,16.868,19.1604,21.025
2025-08-11,6373.4501953125,16.25,16.9014,19.2976,21.05
2025-08-12,6445.759765625,14.729999542236328,15.8937,18.5508,20.7008
2025-08-13,6466.580078125,14.489999771118164,15.6455,18.4996,20.7982
2025-08-14,6468.5400390625,14.829999923706056,15.7256,18.5444,20.851
2025-08-15,6449.7998046875,15.09000015258789,15.7742,18.4744,20.9712
2025-08-18,6449.14990234375,14.989999771118164,15.3206,18.009,20.7001
2025-08-19,6411.3701171875,15.56999969482422,15.5738,18.3931,20.85
2025-08-20,6395.77978515625,15.6899995803833,15.41,18.3008,20.8919
2025-08-21,6370.169921875,16.600000381469727,18.6088,20.3754,21.2194
2025-08-22,6466.91015625,14.220000267028809,16.9975,19.0513,20.25
2025-08-25,6439.31982421875,14.789999961853027,17.0172,19.1565,20.4086
2025-08-26,6465.93994140625,14.619999885559082,16.8867,19.0898,20.3513
2025-08-27,6481.39990234375,14.850000381469728,16.9045,19.1748,20.475
2025-08-28,6501.85986328125,14.43000030517578,16.6525,19.0363,20.3437
2025-08-29,6460.259765625,15.359999656677246,17.149,19.3442,20.5023
2025-09-02,6415.5400390625,17.170000076293945,17.7246,19.8497,20.8488
2025-09-03,6448.259765625,16.350000381469727,17.1889,19.4266,20.675
2025-09-04,6502.080078125,15.300000190734863,16.5962,18.8515,20.2998
2025-09-05,6481.5,15.18000030517578,16.7106,18.8991,20.3452
2025-09-08,6495.14990234375,15.109999656677246,16.3618,18.5378,20.0956
2025-09-09,6512.60986328125,15.039999961853027,16.2916,18.4396,20.0471
2025-09-10,6532.0400390625,15.350000381469728,16.1314,18.3931,20.075
2025-09-11,6587.47021484375,14.710000038146973,15.6473,17.995,19.775
2025-09-12,6584.2900390625,14.760000228881836,15.5928,17.9471,19.8021
2025-09-15,6615.27978515625,15.6899995803833,15.7566,18.1366,19.8901
2025-09-16,6606.759765625,16.360000610351562,16.1034,18.4512,20.1956
2025-09-17,6600.35009765625,15.720000267028809,15.86,17.7786,19.8121
2025-09-18,6631.9599609375,15.699999809265137,17.677,19.25,20.875
2025-09-19,6664.35986328125,15.449999809265137,17.7179,19.2825,20.85
2025-09-22,6693.75,16.100000381469727,18.0476,19.534,21.025
2025-09-23,6656.919921875,16.639999389648438,18.34,19.708,21.125
2025-09-24,6637.97021484375,16.18000030517578,18.0413,19.5247,20.9883
2025-09-25,6604.72021484375,16.739999771118164,18.3333,19.7125,21.089
2025-09-26,6643.7001953125,15.289999961853027,17.4931,19.0568,20.6004
2025-09-29,6661.2099609375,16.1200008392334,17.7466,19.2967,20.7076
2025-09-30,6688.4599609375,16.280000686645508,17.588,19.2492,20.6885
2025-10-01,6711.2001953125,16.290000915527344,17.5014,19.1491,20.625
2025-10-02,6715.35009765625,16.6299991607666,17.842,19.3483,20.7481
2025-10-03,6715.7900390625,16.649999618530273,17.7273,19.2466,20.7078
2025-10-06,6740.27978515625,16.3700008392334,17.602,19.1017,20.6869
2025-10-07,6714.58984375,17.239999771118164,18.1013,19.491,20.9001
2025-10-08,6753.72021484375,16.299999237060547,17.6497,19.2059,20.8488
2025-10-09,6735.10986328125,16.43000030517578,17.7004,19.2535,20.8323
2025-10-10,6552.509765625,21.65999984741211,21.0095,21.2344,21.7221
2025-10-13,6654.72021484375,19.030000686645508,19.0245,19.6943,21.0103
2025-10-14,6644.31005859375,20.809999465942383,20.2857,20.4843,21.4438
2025-10-15,6671.06005859375,20.63999938964844,20.7228,20.6812,21.5508
2025-10-16,6629.06982421875,25.309999465942383,24.0259,22.4142,22.4458
2025-10-17,6664.009765625,20.780000686645508,20.9137,20.7096,21.5525
2025-10-20,6735.1298828125,18.229999542236328,18.4487,19.1805,20.7632
2025-10-21,6735.35009765625,17.8700008392334,18.018,19.0436,20.9398
2025-10-22,6699.39990234375,18.600000381469727,18.7,19.3039,20.9497
2025-10-23,6738.43994140625,17.299999237060547,18.9203,19.6218,21.2528
2025-10-24,6791.68994140625,16.3700008392334,18.6373,19.3431,21.0442
2025-10-27,6875.16015625,15.789999961853027,18.0336,18.9361,20.7958
2025-10-28,6890.89013671875,16.420000076293945,18.5732,19.4043,21.0507
2025-10-29,6890.58984375,16.920000076293945,18.9367,19.6877,21.2
2025-10-30,6822.33984375,16.90999984741211,19.108,19.9203,21.4
2025-10-31,6840.2001953125,17.440000534057617,19.1308,19.9632,21.55
2025-11-03,6851.97021484375,17.170000076293945,18.938,19.8978,21.6476
2025-11-04,6771.5498046875,19.0,19.7605,20.5025,22.0476
2025-11-05,6796.2900390625,18.010000228881836,18.9114,19.7592,21.5399
2025-11-06,6720.31982421875,19.5,20.053,20.3851,21.797
2025-11-07,6728.7998046875,19.079999923706055,19.8557,20.2058,21.7142
2025-11-10,6832.43017578125,17.600000381469727,18.5012,19.2457,21.3321
2025-11-11,6846.60986328125,17.280000686645508,18.3268,19.2449,21.4016
2025-11-12,6850.919921875,17.510000228881836,18.3384,19.3997,21.4824
2025-11-13,6737.490234375,20.0,20.4452,20.5383,22.2674
2025-11-14,6734.10986328125,19.829999923706055,20.0738,20.1248,21.8839
2025-11-17,6672.41015625,22.3799991607666,22.0493,21.1688,22.4459
2025-11-18,6617.31982421875,24.690000534057617,23.9669,21.7706,22.7919
2025-11-19,6642.16015625,23.65999984741211,23.9,21.2323,22.5745
2025-11-20,6538.759765625,26.420000076293945,22.867,23.2206,23.2497
2025-11-21,6602.990234375,23.43000030517578,21.5533,22.4099,22.995
2025-11-24,6705.1201171875,20.520000457763672,19.8948,21.1013,22.1486
2025-11-25,6765.8798828125,18.559999465942383,19.3179,20.5594,21.7869
2025-11-26,6812.60986328125,17.190000534057617,18.7431,20.1608,21.5011
2025-11-28,6849.08984375,16.350000381469727,18.2687,19.867,21.2931
2025-12-01,6812.6298828125,17.239999771118164,18.3442,19.8539,21.2461
2025-12-02,6829.3701171875,16.59000015258789,17.9472,19.5901,21.075
2025-12-03,6849.72021484375,16.079999923706055,17.7946,19.5796,21.005
2025-12-04,6857.1201171875,15.779999732971191,17.5422,19.4156,20.8879
2025-12-05,6870.39990234375,15.40999984741211,17.2631,19.2329,20.6916
2025-12-08,6846.509765625,16.65999984741211,17.6046,19.4845,20.7924
2025-12-09,6840.509765625,16.93000030517578,17.609,19.4999,20.7861
2025-12-10,6886.68017578125,15.770000457763672,16.6644,18.8164,20.392
2025-12-11,6901.0,14.850000381469728,16.2564,18.5716,20.3348
2025-12-12,6827.41015625,15.739999771118164,16.5715,18.5508,20.3253
2025-12-15,6816.509765625,16.5,16.5036,18.5302,20.3945
2025-12-16,6800.259765625,16.479999542236328,16.3399,18.5123,20.3579
2025-12-17,6721.43017578125,17.6200008392334,16.01,18.8033,20.5525
2025-12-18,6774.759765625,16.8700008392334,18.1867,19.6653,20.7414
2025-12-19,6834.5,14.90999984741211,17.4453,19.1272,20.275
2025-12-22,6878.490234375,14.079999923706056,16.8537,18.6258,20.0185
2025-12-23,6909.7900390625,14.0,16.9364,18.7306,20.075
2025-12-24,6932.0498046875,13.470000267028809,16.8532,18.8012,20.1446
2025-12-26,6929.93994140625,13.600000381469728,16.8173,18.8394,20.275
2025-12-29,6905.740234375,14.199999809265137,16.6251,18.5604,20.3192
2025-12-30,6896.240234375,14.329999923706056,16.3736,18.3952,20.2983
2025-12-31,6845.5,14.949999809265137,16.5325,18.534,20.4533
2026-01-02,6858.47021484375,14.510000228881836,16.1271,18.2916,20.3364
2026-01-05,6902.0498046875,14.899999618530272,16.4125,18.406,20.415
2026-01-06,6944.81982421875,14.75,16.2426,18.1904,20.2506
2026-01-07,6920.93017578125,15.380000114440918,16.6914,18.3472,20.4018
2026-01-08,6921.4599609375,15.449999809265137,16.5193,18.1492,20.1069
2026-01-09,6966.27978515625,14.489999771118164,16.1552,17.8657,19.8974
2026-01-12,6977.27001953125,15.119999885559082,16.1224,17.9274,19.8394
2026-01-13,6963.740234375,15.979999542236328,16.5992,18.3897,20.0436
2026-01-14,6926.60009765625,16.75,17.287,18.8191,20.3161
2026-01-15,6944.47021484375,15.84000015258789,16.5041,18.2809,20.0113
2026-01-16,6940.009765625,15.859999656677246,16.6389,18.3596,20.0074
2026-01-20,6796.85986328125,20.09000015258789,20.2228,20.3916,20.8282
2026-01-21,6875.6201171875,16.899999618530273,18.82,18.4095,19.9829
2026-01-22,6913.35009765625,15.640000343322754,17.9803,19.0033,20.2074
2026-01-23,6915.60986328125,16.09000015258789,18.346,19.2365,20.3209
2026-01-26,6950.22998046875,16.149999618530273,18.2753,19.2337,20.4289
2026-01-27,6978.60009765625,16.350000381469727,18.594,19.5249,20.5506
2026-01-28,6978.02978515625,16.350000381469727,18.6005,19.5362,20.5548
2026-01-29,6969.009765625,16.8799991607666,18.7805,19.6838,20.7598
2026-01-30,6939.02978515625,17.440000534057617,19.0448,19.8981,20.8492
2026-02-02,6976.43994140625,16.34000015258789,17.9118,19.0652,20.484
2026-02-03,6917.81005859375,18.0,18.9085,19.6359,20.7581
2026-02-04,6882.72021484375,18.63999938964844,19.2928,19.8792,20.9529
2026-02-05,6798.39990234375,21.770000457763672,20.8475,20.8342,21.3531
2026-02-06,6932.2998046875,20.3700008392334,19.1365,19.7066,20.7951
2026-02-09,6964.81982421875,17.360000610351562,18.2983,19.128,20.5002
2026-02-10,6941.81005859375,17.790000915527344,18.8064,19.5156,20.7508
2026-02-11,6941.47021484375,17.649999618530273,18.6671,19.4505,20.7506
2026-02-12,6832.759765625,20.81999969482422,20.6575,20.6289,21.1586
2026-02-13,6836.169921875,20.600000381469727,21.029,20.8254,21.2514
2026-02-17,6843.22021484375,20.290000915527344,20.0571,20.2175,20.9516
2026-02-18,6881.31005859375,19.6200008392334,19.69,20.1587,21.0277
2026-02-19,6861.89013671875,20.229999542236328,20.7531,21.242,21.4928
2026-02-20,6909.509765625,19.09000015258789,20.2231,20.8381,21.2463
2026-02-23,6837.75,21.010000228881836,21.0977,21.4043,21.5567
2026-02-24,6890.06982421875,19.549999237060547,20.2524,20.9235,21.3637
2026-02-25,6946.1298828125,17.93000030517578,19.4492,20.3214,21.25
2026-02-26,6908.85986328125,18.6299991607666,19.7561,20.5453,21.3441
2026-02-27,6878.8798828125,19.86000061035156,20.6361,21.1511,21.625
2026-03-02,6881.6201171875,21.440000534057617,20.932,21.2758,21.6521
2026-03-03,6816.6298828125,23.56999969482422,22.1056,22.0885,21.9922
2026-03-04,6869.5,21.149999618530273,21.2017,21.3553,21.6426
2026-03-05,6830.7099609375,23.75,22.9737,22.4869,22.1696
2026-03-06,6740.02001953125,29.489999771118164,26.9657,25.0027,23.4272
2026-03-09,6795.990234375,25.5,23.5673,22.9911,22.7182
2026-03-10,6781.47998046875,24.93000030517578,25.0953,23.9178,23.3577
2026-03-11,6775.7998046875,24.229999542236328,23.5823,22.9478,22.8433
2026-03-12,6672.6201171875,27.290000915527344,25.8135,24.3687,23.5988
2026-03-13,6632.18994140625,27.190000534057617,26.3706,24.7996,23.8697
2026-03-16,6699.3798828125,23.510000228881836,23.3145,22.99,22.8783
2026-03-17,6716.08984375,22.3700008392334,22.3122,22.7161,22.796
2026-03-18,6624.7001953125,25.09000015258789,22.89,24.6547,23.9278
2026-03-19,6606.490234375,24.059999465942383,23.9468,23.5295,23.8003
2026-03-20,6506.47998046875,26.780000686645508,25.7467,24.7511,24.4545
2026-03-23,6581.0,26.149999618530273,24.3024,23.6039,23.5468
2026-03-24,6556.3701171875,26.950000762939453,24.9404,24.1512,23.8887
2026-03-25,6591.89990234375,25.329999923706055,24.2885,23.8017,23.6968
2026-03-26,6477.16015625,27.440000534057617,26.2588,25.0986,24.3952
2026-03-27,6368.85009765625,31.049999237060547,28.49,26.4912,25.3
2026-03-30,6343.72021484375,30.61000061035156,28.2082,26.4497,25.3519
2026-03-31,6528.52001953125,25.25,25.0224,24.412,24.4093
2026-04-01,6575.31982421875,24.540000915527344,24.4503,23.9092,23.8982
2026-04-02,6582.68994140625,23.8700008392334,24.4806,23.9468,23.825
2026-04-06,6611.830078125,24.170000076293945,23.843,23.3132,23.532
2026-04-07,6616.85009765625,25.780000686645508,24.9752,23.9995,23.7045
2026-04-08,6782.81005859375,21.040000915527344,21.6653,21.9085,22.5195
2026-04-09,6824.66015625,19.489999771118164,20.2766,21.2162,22.1403
2026-04-10,6816.89013671875,19.229999542236328,20.4077,21.5654,22.3728
2026-04-13,6886.240234375,19.1200008392334,19.304,20.7147,21.8378
2026-04-14,6967.3798828125,18.36000061035156,18.5981,20.4795,21.649
2026-04-15,7022.9501953125,18.170000076293945,17.38,20.5903,21.7102
2026-04-16,7041.27978515625,17.940000534057617,20.4999,21.021,21.925
2026-04-17,7126.06005859375,17.479999542236328,20.2916,20.945,21.8505
2026-04-20,7109.14013671875,18.8700008392334,20.5949,21.2929,22.1072
2026-04-21,7064.009765625,19.5,20.9532,21.5196,22.3009
2026-04-22,7137.89990234375,18.920000076293945,20.6508,21.3167,22.1967
2026-04-23,7108.39990234375,19.309999465942383,20.6595,21.3194,22.2092
2026-04-24,7165.080078125,18.709999084472656,20.8574,21.5145,22.2935
2026-04-27,7173.91015625,18.020000457763672,20.0502,21.0997,22.1997
2026-04-28,7138.7998046875,17.829999923706055,19.7201,20.7805,22.0042
2026-04-29,7135.9501953125,18.809999465942383,20.2515,21.1753,22.1941
2026-04-30,7209.009765625,16.889999389648438,19.4774,20.6453,21.85
2026-05-01,7230.1201171875,16.989999771118164,19.6928,20.7897,21.8827
2026-05-04,7200.75,18.290000915527344,19.9531,21.045,22.125
2026-05-05,7259.22021484375,17.3799991607666,19.7775,21.0615,22.2148
2026-05-06,7365.1201171875,17.389999389648438,19.3268,20.6964,21.9174
2026-05-07,7337.10986328125,17.079999923706055,19.0668,20.5952,21.855
2026-05-08,7398.93017578125,17.190000534057617,19.2159,20.6846,21.9683
2026-05-11,7412.83984375,18.3799991607666,19.4709,20.99,22.225
2026-05-12,7400.9599609375,17.989999771118164,19.0069,20.5673,21.959
2026-05-13,7444.25,17.8700008392334,19.0526,20.9198,22.25
2026-05-14,7501.240234375,17.260000228881836,18.3627,20.5377,22.1917
2026-05-15,7408.5,18.43000030517578,19.106,20.6563,22.2302
2026-05-18,7403.0498046875,17.81999969482422,17.6228,20.281,22.0921
2026-05-19,7353.60986328125,18.059999465942383,17.81,20.4174,22.1966
2026-05-20,7432.97021484375,17.440000534057617,19.9922,21.491,22.325
2026-05-21,7445.72021484375,16.760000228881836,19.3516,21.129,22.1
2026-05-22,7473.47021484375,16.700000762939453,19.5327,21.2031,22.1961
2026-05-25,,16.59000015258789,,,
2026-05-26,7519.1201171875,17.010000228881836,18.8709,20.7092,21.925
2026-05-27,7520.35986328125,16.290000915527344,18.3995,20.4518,21.7057
2026-05-28,7563.6298828125,15.739999771118164,17.9751,20.2218,21.5825
2026-05-29,7580.06005859375,15.31999969482422,17.5883,19.9449,21.4
2026-06-01,7599.9599609375,16.049999237060547,18.0701,20.4065,21.7163
2026-06-02,7609.77978515625,15.770000457763672,17.6984,20.2431,21.6631
2026-06-03,7553.68017578125,16.059999465942383,17.6055,20.3183,21.7692
2026-06-04,7584.31005859375,15.399999618530272,16.997,19.6678,21.475
2026-06-05,7383.740234375,21.510000228881836,19.1698,20.4832,21.775
2026-06-08,7405.72998046875,18.920000076293945,18.7394,20.1442,21.5038
2026-06-09,7386.64990234375,19.8700008392334,19.0027,20.5199,21.6951
2026-06-10,7266.990234375,22.219999313354492,20.6899,21.4626,22.1764
2026-06-11,7394.2998046875,19.440000534057617,19.2403,20.4894,21.7018
2026-06-12,7431.4599609375,17.68000030517578,17.9717,19.6632,21.3794
2026-06-15,7554.2900390625,16.200000762939453,16.1117,18.36,20.6482
2026-06-16,7511.35009765625,16.40999984741211,16.1227,18.4177,20.7353
2026-06-17,7420.10009765625,18.440000534057617,16.2,19.255,21.0532
2026-06-18,7500.580078125,16.399999618530273,18.4931,19.9209,21.4074
2026-06-22,7472.7900390625,17.280000686645508,18.4508,19.6583,21.2632
2026-06-23,7365.4599609375,19.489999771118164,19.5058,20.2839,21.4538
2026-06-24,7358.22021484375,18.6299991607666,19.4291,20.1412,21.3003
2026-06-25,7357.490234375,18.88999938964844,19.1066,19.8393,21.0067
2026-06-26,7354.02001953125,18.40999984741211,19.0598,19.8178,21.0124
2026-06-29,7440.43017578125,17.649999618530273,18.415,19.2634,20.7081
2026-06-30,7499.35986328125,16.450000762939453,17.9507,18.949,20.4355
2026-07-01,7483.22998046875,16.59000015258789,18.1033,19.0954,20.4532
2026-07-02,7483.240234375,16.149999618530273,17.9017,18.9641,20.4017
2026-07-06,7537.43017578125,15.56999969482422,17.2517,18.6039,20.2819
2026-07-07,7503.85009765625,16.1299991607666,17.5525,18.6997,20.3756
2026-07-08,7482.7099609375,16.899999618530273,17.927,18.8545,20.3755
2026-07-09,7543.64013671875,15.84000015258789,17.4187,18.6556,20.3936
2026-07-10,7575.39013671875,15.029999732971191,16.9545,18.2982,20.3151
2026-07-13,7515.33984375,17.15999984741211,17.7668,18.7312,20.4488
2026-07-14,7543.58984375,16.5,17.3067,18.5165,20.3535
2026-07-15,7572.39990234375,15.670000076293944,16.5489,18.0542,20.165
2026-07-16,7533.77001953125,16.729999542236328,17.2746,18.508,20.325
2026-07-17,7457.68994140625,18.770000457763672,18.8036,19.3004,20.6588
2026-07-20,7443.27978515625,18.649999618530273,18.4507,18.9656,20.4529
2026-07-21,7509.2001953125,17.049999237060547,17.0397,18.4089,20.3423
2026-07-22,7498.9599609375,16.639999389648438,17.22,18.5033,20.4316
2026-07-23,7408.2998046875,18.700000762939453,19.5133,20.2246,21.1439
2026-07-24,7411.97998046875,18.579999923706055,19.231,19.9851,21.0986
2026-07-27,7413.18017578125,18.670000076293945,19.1398,19.8291,20.907
2026-07-28,7428.77978515625,18.209999084472656,18.9983,19.7005,20.8506
2026-07-29,7316.14990234375,20.65999984741211,20.3094,20.5776,21.2464
2026-07-30,7437.6298828125,17.09000015258789,18.7716,19.6787,20.932
2026-07-31,7489.72021484375,15.989999771118164,18.1046,19.2499,20.742
2026-08-03,7600.5,15.859999656677246,17.9466,19.1787,20.6516
2026-08-04,7736.52001953125,16.5,18.0473,19.2542,20.6749
2026-08-05,7723.5498046875,15.8100004196167,17.4302,18.7083,20.3508
2026-08-06,7709.9599609375,15.149999618530272,17.0952,18.5409,20.3008
2026-08-07,7757.64013671875,14.899999618530272,16.9913,18.6639,20.4527
2026-08-10,7753.10986328125,15.460000038146973,16.9577,18.5975,20.4542
2026-08-11,7728.2001953125,15.279999732971191,16.7881,18.4293,20.375
2026-08-12,7748.5,14.550000190734863,16.0226,17.9686,20.121
2026-08-13,7798.990234375,14.630000114440918,16.001,18.1145,20.1982
2026-08-14,7785.759765625,14.25,15.5594,17.9201,20.2031
2026-08-17,7745.06005859375,15.1899995803833,15.6125,18.0529,20.3841
2026-08-18,7691.759765625,15.84000015258789,15.8653,18.1906,20.3678
2026-08-19,7707.97998046875,14.890000343322754,15.29,17.6066,20.0943
2026-08-20,7641.16015625,16.010000228881836,17.8009,19.4505,20.3457
2026-08-21,7674.3701171875,15.130000114440918,17.5022,19.1499,20.0995
2026-08-24,7652.85986328125,15.850000381469728,17.589,19.1282,20.0294
2026-08-25,7677.27978515625,15.449999809265137,17.2042,18.9246,19.85
2026-08-26,7675.7001953125,15.210000038146973,17.1549,18.8535,19.7494
2026-08-27,7730.990234375,14.510000228881836,16.6614,18.5279,19.4975
2026-08-28,7711.759765625,14.43000030517578,16.9353,18.7002,19.5021
2026-08-31,7686.14013671875,14.920000076293944,16.5603,18.4425,19.25
2026-09-01,7631.47021484375,16.34000015258789,17.2528,18.8535,19.4024
2026-09-02,7666.60009765625,15.199999809265137,16.5528,18.385,19.246
2026-09-03,7747.7099609375,14.31999969482422,16.1381,18.1013,19.0998
2026-09-04,7718.60009765625,14.529999732971191,16.2669,18.1384,18.975
2026-09-07,,15.300000190734863,,,
2026-09-08,7673.52001953125,15.720000267028809,16.6283,18.402,19.2512
2026-09-09,,,17.052,18.6248,19.4338
